{"type":"FeatureCollection", "features": [
{"type":"Feature","geometry":{"type":"MultiPolygon","coordinates":[[[[-8.5555,55.008],[-8.5495,55.004],[-8.563,54.9945],[-8.567,54.976],[-8.546,54.973],[-8.5195,54.9735],[-8.503,54.9715],[-8.487,54.9735],[-8.489,54.9855],[-8.4975,54.988],[-8.4965,54.9975],[-8.5035,55.0065],[-8.535,55.018],[-8.5555,55.008]]],[[[-8.4635,54.9805],[-8.4675,54.9745],[-8.455,54.9695],[-8.4485,54.9765],[-8.4635,54.9805]]],[[[-8.4465,54.96],[-8.4585,54.955],[-8.441,54.9495],[-8.4345,54.9565],[-8.4465,54.96]]],[[[-8.1935,55.2545],[-8.2015,55.2605],[-8.2145,55.2635],[-8.2235,55.2705],[-8.249,55.2745],[-8.2475,55.264],[-8.23,55.262],[-8.214,55.2545],[-8.1935,55.2545]]],[[[-8.4565,55.049],[-8.4405,55.0515],[-8.446,55.061],[-8.4605,55.0575],[-8.4565,55.049]]],[[[-8.4155,55.0315],[-8.4215,55.049],[-8.4315,55.0465],[-8.421,55.037],[-8.4365,55.026],[-8.413,55.013],[-8.408,55.0215],[-8.4155,55.0315]]],[[[-8.1775,54.465],[-8.174,54.4675],[-8.1645,54.469],[-8.1485,54.47],[-8.147,54.47],[-8.136,54.4695],[-8.1265,54.469],[-8.1145,54.469],[-8.1125,54.47],[-8.1135,54.472],[-8.1155,54.473],[-8.1155,54.4735],[-8.114,54.474],[-8.1145,54.4755],[-8.1135,54.4755],[-8.113,54.4765],[-8.112,54.4765],[-8.1085,54.4765],[-8.1045,54.476],[-8.1035,54.4765],[-8.103,54.477],[-8.1,54.477],[-8.098,54.4775],[-8.0965,54.477],[-8.094,54.477],[-8.093,54.4765],[-8.091,54.4765],[-8.0945,54.4795],[-8.095,54.4795],[-8.097,54.4795],[-8.0975,54.4795],[-8.097,54.481],[-8.096,54.4825],[-8.0985,54.4845],[-8.0965,54.4845],[-8.096,54.485],[-8.093,54.4855],[-8.089,54.4865],[-8.089,54.487],[-8.0855,54.4875],[-8.083,54.4875],[-8.0805,54.487],[-8.081,54.488],[-8.079,54.4885],[-8.078,54.488],[-8.077,54.488],[-8.0765,54.487],[-8.0735,54.487],[-8.065,54.4865],[-8.063,54.4865],[-8.0625,54.487],[-8.0615,54.487],[-8.0605,54.487],[-8.059,54.487],[-8.057,54.4875],[-8.0555,54.487],[-8.0555,54.4875],[-8.053,54.488],[-8.0515,54.4875],[-8.05,54.488],[-8.0475,54.488],[-8.0425,54.4875],[-8.0425,54.4885],[-8.043,54.489],[-8.042,54.4925],[-8.041,54.4955],[-8.0405,54.498],[-8.0385,54.503],[-8.0385,54.5035],[-8.0405,54.5045],[-8.0415,54.5065],[-8.0145,54.532],[-8.014,54.5325],[-8.013,54.533],[-8.012,54.534],[-8.013,54.535],[-8.014,54.535],[-8.014,54.536],[-8.013,54.5365],[-8.013,54.538],[-8.008,54.5425],[-8.006,54.546],[-7.9915,54.543],[-7.978,54.545],[-7.969,54.544],[-7.9665,54.5435],[-7.965,54.543],[-7.963,54.5425],[-7.959,54.54],[-7.9575,54.5385],[-7.957,54.538],[-7.957,54.5375],[-7.9555,54.5365],[-7.954,54.535],[-7.9535,54.5345],[-7.9525,54.534],[-7.95,54.5335],[-7.949,54.534],[-7.9465,54.5355],[-7.945,54.5355],[-7.9445,54.536],[-7.943,54.5355],[-7.9425,54.5355],[-7.9405,54.534],[-7.9405,54.5335],[-7.9375,54.533],[-7.9195,54.537],[-7.913,54.536],[-7.912,54.5365],[-7.9105,54.5365],[-7.909,54.537],[-7.908,54.537],[-7.9075,54.5375],[-7.9055,54.537],[-7.9025,54.536],[-7.9015,54.536],[-7.899,54.536],[-7.897,54.5355],[-7.8955,54.535],[-7.893,54.535],[-7.8925,54.5365],[-7.8915,54.5365],[-7.8905,54.5365],[-7.886,54.536],[-7.886,54.5365],[-7.8845,54.537],[-7.882,54.536],[-7.8805,54.535],[-7.8785,54.5355],[-7.87,54.5355],[-7.8695,54.535],[-7.8695,54.5345],[-7.868,54.535],[-7.867,54.535],[-7.866,54.535],[-7.8645,54.5355],[-7.8615,54.536],[-7.8595,54.5365],[-7.858,54.5365],[-7.8575,54.536],[-7.856,54.536],[-7.8545,54.5355],[-7.8525,54.5345],[-7.8515,54.5335],[-7.8505,54.533],[-7.85,54.5335],[-7.849,54.534],[-7.848,54.5355],[-7.844,54.5375],[-7.843,54.537],[-7.842,54.5375],[-7.8415,54.538],[-7.84,54.5385],[-7.838,54.539],[-7.834,54.54],[-7.8335,54.54],[-7.8295,54.541],[-7.829,54.5415],[-7.828,54.543],[-7.8255,54.544],[-7.8245,54.544],[-7.824,54.5445],[-7.824,54.545],[-7.8245,54.5455],[-7.824,54.546],[-7.8255,54.547],[-7.826,54.5475],[-7.8275,54.548],[-7.8285,54.548],[-7.8295,54.5485],[-7.83,54.548],[-7.8305,54.548],[-7.8325,54.55],[-7.833,54.5525],[-7.818,54.5635],[-7.8125,54.564],[-7.811,54.5655],[-7.809,54.5665],[-7.801,54.5685],[-7.7965,54.572],[-7.799,54.574],[-7.7995,54.576],[-7.7995,54.577],[-7.799,54.5775],[-7.798,54.578],[-7.798,54.577],[-7.797,54.577],[-7.7955,54.5785],[-7.7965,54.579],[-7.797,54.5795],[-7.7935,54.582],[-7.7925,54.5815],[-7.7915,54.581],[-7.79,54.5805],[-7.7895,54.5805],[-7.787,54.58],[-7.7805,54.582],[-7.7795,54.5825],[-7.7785,54.5825],[-7.7775,54.583],[-7.7735,54.584],[-7.7665,54.586],[-7.759,54.587],[-7.7625,54.5905],[-7.76,54.5935],[-7.76,54.5945],[-7.759,54.595],[-7.757,54.596],[-7.7555,54.596],[-7.755,54.5965],[-7.753,54.5975],[-7.7525,54.5975],[-7.7525,54.5985],[-7.7515,54.598],[-7.7495,54.5985],[-7.749,54.599],[-7.749,54.5995],[-7.7465,54.5995],[-7.7465,54.6],[-7.745,54.6],[-7.7445,54.599],[-7.7435,54.599],[-7.7415,54.5995],[-7.7405,54.5995],[-7.738,54.6005],[-7.7365,54.6015],[-7.735,54.602],[-7.734,54.6015],[-7.7315,54.602],[-7.731,54.603],[-7.7295,54.6025],[-7.7285,54.603],[-7.7285,54.604],[-7.7275,54.604],[-7.7265,54.6035],[-7.7255,54.604],[-7.7235,54.604],[-7.7225,54.605],[-7.721,54.605],[-7.7195,54.6055],[-7.718,54.606],[-7.718,54.6065],[-7.7155,54.606],[-7.7145,54.6065],[-7.7135,54.6065],[-7.712,54.6065],[-7.7105,54.6065],[-7.7085,54.6065],[-7.704,54.608],[-7.703,54.6095],[-7.7005,54.6105],[-7.699,54.61],[-7.6975,54.6105],[-7.6965,54.6115],[-7.696,54.612],[-7.6955,54.613],[-7.694,54.6135],[-7.6945,54.6165],[-7.695,54.618],[-7.6945,54.6185],[-7.6935,54.6185],[-7.6935,54.619],[-7.6965,54.619],[-7.699,54.6185],[-7.701,54.6185],[-7.7035,54.6185],[-7.706,54.62],[-7.706,54.6215],[-7.7055,54.6225],[-7.7055,54.6235],[-7.7035,54.6275],[-7.704,54.63],[-7.705,54.631],[-7.7045,54.632],[-7.712,54.6315],[-7.713,54.6305],[-7.714,54.63],[-7.7165,54.629],[-7.718,54.629],[-7.7195,54.628],[-7.7215,54.6275],[-7.7235,54.6275],[-7.725,54.6275],[-7.738,54.6225],[-7.7385,54.619],[-7.7425,54.62],[-7.7435,54.6205],[-7.7445,54.62],[-7.748,54.619],[-7.7495,54.6195],[-7.7515,54.6195],[-7.753,54.619],[-7.7545,54.6185],[-7.754,54.6195],[-7.7545,54.62],[-7.754,54.6205],[-7.755,54.621],[-7.7565,54.6215],[-7.757,54.622],[-7.7565,54.6225],[-7.757,54.6245],[-7.7585,54.625],[-7.7645,54.623],[-7.7715,54.6215],[-7.7725,54.6215],[-7.7725,54.6225],[-7.7775,54.627],[-7.7785,54.627],[-7.7795,54.6275],[-7.7795,54.6285],[-7.779,54.6295],[-7.7805,54.6305],[-7.7815,54.6315],[-7.7835,54.633],[-7.7845,54.633],[-7.7865,54.633],[-7.789,54.633],[-7.7905,54.6335],[-7.791,54.6335],[-7.795,54.6325],[-7.799,54.6335],[-7.801,54.6335],[-7.804,54.6345],[-7.805,54.635],[-7.8045,54.6355],[-7.805,54.636],[-7.806,54.637],[-7.808,54.6395],[-7.809,54.64],[-7.81,54.6405],[-7.8125,54.641],[-7.8135,54.641],[-7.813,54.642],[-7.814,54.643],[-7.8165,54.642],[-7.8195,54.64],[-7.8195,54.639],[-7.8225,54.637],[-7.823,54.636],[-7.8235,54.6355],[-7.825,54.635],[-7.826,54.6345],[-7.8275,54.634],[-7.828,54.633],[-7.83,54.633],[-7.8315,54.6335],[-7.8335,54.6335],[-7.834,54.6335],[-7.834,54.634],[-7.835,54.634],[-7.836,54.634],[-7.839,54.634],[-7.8405,54.6335],[-7.8425,54.634],[-7.8445,54.6335],[-7.8455,54.6335],[-7.851,54.631],[-7.8535,54.6315],[-7.8545,54.633],[-7.854,54.633],[-7.853,54.633],[-7.852,54.6335],[-7.8505,54.6345],[-7.851,54.636],[-7.8515,54.6365],[-7.8535,54.637],[-7.857,54.6385],[-7.857,54.6395],[-7.857,54.64],[-7.8565,54.6405],[-7.855,54.6415],[-7.854,54.6425],[-7.8545,54.644],[-7.856,54.6455],[-7.8565,54.6505],[-7.8645,54.6515],[-7.871,54.653],[-7.8725,54.654],[-7.875,54.655],[-7.8775,54.6555],[-7.88,54.656],[-7.882,54.655],[-7.884,54.6555],[-7.8845,54.6565],[-7.886,54.657],[-7.887,54.657],[-7.8885,54.657],[-7.891,54.656],[-7.892,54.656],[-7.892,54.6565],[-7.8935,54.6565],[-7.894,54.6575],[-7.8965,54.658],[-7.898,54.659],[-7.8985,54.66],[-7.8985,54.6605],[-7.9,54.6615],[-7.904,54.663],[-7.904,54.6645],[-7.904,54.6655],[-7.905,54.666],[-7.906,54.6665],[-7.907,54.666],[-7.908,54.6665],[-7.909,54.6675],[-7.909,54.668],[-7.9095,54.668],[-7.9105,54.669],[-7.911,54.67],[-7.911,54.671],[-7.9115,54.672],[-7.9115,54.673],[-7.912,54.674],[-7.9125,54.6745],[-7.914,54.676],[-7.912,54.6775],[-7.9095,54.679],[-7.908,54.6795],[-7.907,54.6805],[-7.906,54.681],[-7.9035,54.682],[-7.903,54.683],[-7.9005,54.684],[-7.8985,54.685],[-7.898,54.687],[-7.898,54.688],[-7.899,54.691],[-7.9035,54.69],[-7.9075,54.689],[-7.9095,54.6905],[-7.911,54.693],[-7.917,54.696],[-7.921,54.696],[-7.9185,54.7015],[-7.918,54.7025],[-7.9165,54.702],[-7.914,54.7015],[-7.9125,54.701],[-7.911,54.701],[-7.9085,54.7015],[-7.908,54.703],[-7.907,54.7035],[-7.9055,54.7035],[-7.905,54.703],[-7.904,54.702],[-7.9005,54.7025],[-7.8965,54.7005],[-7.895,54.7005],[-7.8935,54.7015],[-7.893,54.7025],[-7.8925,54.7025],[-7.8905,54.7035],[-7.8895,54.7035],[-7.8865,54.704],[-7.883,54.704],[-7.881,54.703],[-7.88,54.7025],[-7.879,54.7035],[-7.877,54.705],[-7.8765,54.706],[-7.874,54.708],[-7.8615,54.7205],[-7.8545,54.727],[-7.8485,54.729],[-7.8475,54.7295],[-7.847,54.731],[-7.846,54.7315],[-7.845,54.7315],[-7.8425,54.733],[-7.8405,54.7335],[-7.84,54.734],[-7.84,54.7345],[-7.838,54.7355],[-7.8375,54.7355],[-7.8365,54.7365],[-7.8335,54.736],[-7.831,54.736],[-7.8265,54.7355],[-7.825,54.736],[-7.8195,54.734],[-7.818,54.734],[-7.8165,54.7315],[-7.817,54.7305],[-7.817,54.7295],[-7.8145,54.7285],[-7.812,54.7265],[-7.8115,54.725],[-7.8125,54.7245],[-7.8115,54.724],[-7.811,54.724],[-7.81,54.723],[-7.8075,54.7225],[-7.807,54.722],[-7.807,54.721],[-7.808,54.721],[-7.8085,54.7205],[-7.8075,54.72],[-7.806,54.72],[-7.805,54.719],[-7.8045,54.7185],[-7.8015,54.7195],[-7.801,54.7185],[-7.8,54.7185],[-7.799,54.719],[-7.797,54.7195],[-7.796,54.7195],[-7.794,54.72],[-7.7895,54.7195],[-7.7885,54.7195],[-7.787,54.719],[-7.786,54.718],[-7.7845,54.718],[-7.7805,54.717],[-7.7785,54.7155],[-7.778,54.7145],[-7.778,54.713],[-7.777,54.713],[-7.776,54.7125],[-7.7765,54.712],[-7.778,54.7115],[-7.7785,54.7105],[-7.7775,54.71],[-7.776,54.71],[-7.774,54.7095],[-7.7735,54.709],[-7.77,54.709],[-7.766,54.708],[-7.763,54.708],[-7.762,54.7075],[-7.76,54.707],[-7.759,54.7065],[-7.7575,54.707],[-7.7565,54.7075],[-7.7545,54.7075],[-7.7535,54.707],[-7.7545,54.7065],[-7.756,54.7065],[-7.756,54.706],[-7.753,54.705],[-7.7515,54.705],[-7.7505,54.705],[-7.75,54.7045],[-7.7465,54.7045],[-7.745,54.705],[-7.7445,54.706],[-7.744,54.7065],[-7.743,54.707],[-7.743,54.7075],[-7.7425,54.7085],[-7.742,54.709],[-7.7425,54.7095],[-7.7415,54.71],[-7.741,54.712],[-7.74,54.713],[-7.7355,54.717],[-7.729,54.7185],[-7.727,54.7185],[-7.7115,54.726],[-7.6975,54.726],[-7.694,54.7275],[-7.6875,54.73],[-7.681,54.7305],[-7.6775,54.731],[-7.6765,54.733],[-7.6715,54.7355],[-7.6685,54.7375],[-7.664,54.7395],[-7.6635,54.74],[-7.6625,54.74],[-7.66,54.7415],[-7.657,54.742],[-7.655,54.743],[-7.654,54.7435],[-7.651,54.7445],[-7.6465,54.747],[-7.6385,54.7505],[-7.6365,54.7515],[-7.635,54.751],[-7.6325,54.75],[-7.6305,54.749],[-7.6285,54.7485],[-7.6265,54.7475],[-7.6215,54.746],[-7.62,54.7455],[-7.618,54.744],[-7.6175,54.7435],[-7.605,54.7445],[-7.601,54.746],[-7.599,54.746],[-7.5935,54.745],[-7.589,54.745],[-7.588,54.746],[-7.5865,54.75],[-7.582,54.7505],[-7.5795,54.7505],[-7.577,54.7505],[-7.5765,54.75],[-7.5755,54.749],[-7.5755,54.7485],[-7.578,54.7455],[-7.5785,54.744],[-7.579,54.7435],[-7.579,54.743],[-7.5785,54.742],[-7.5755,54.7425],[-7.569,54.744],[-7.566,54.744],[-7.564,54.744],[-7.5635,54.744],[-7.562,54.745],[-7.558,54.745],[-7.557,54.745],[-7.554,54.7435],[-7.553,54.7425],[-7.549,54.7405],[-7.5455,54.742],[-7.5435,54.7425],[-7.543,54.7435],[-7.541,54.7455],[-7.538,54.7475],[-7.5475,54.7555],[-7.5475,54.757],[-7.548,54.757],[-7.548,54.758],[-7.548,54.7585],[-7.5475,54.76],[-7.546,54.762],[-7.546,54.7635],[-7.5465,54.7645],[-7.5465,54.7655],[-7.547,54.766],[-7.5465,54.7675],[-7.5465,54.768],[-7.546,54.7685],[-7.5465,54.7685],[-7.547,54.771],[-7.548,54.7725],[-7.548,54.7735],[-7.5475,54.775],[-7.546,54.776],[-7.546,54.7765],[-7.5445,54.7775],[-7.5445,54.779],[-7.543,54.7795],[-7.5435,54.781],[-7.5445,54.7815],[-7.543,54.7825],[-7.5445,54.7845],[-7.5445,54.785],[-7.5445,54.7855],[-7.5445,54.7865],[-7.546,54.788],[-7.5475,54.788],[-7.548,54.7885],[-7.549,54.7895],[-7.546,54.7935],[-7.542,54.796],[-7.5415,54.797],[-7.542,54.7975],[-7.542,54.7985],[-7.5415,54.799],[-7.5405,54.8],[-7.539,54.801],[-7.5355,54.802],[-7.534,54.8025],[-7.5325,54.802],[-7.5305,54.802],[-7.5285,54.8025],[-7.528,54.8025],[-7.5275,54.803],[-7.5275,54.8035],[-7.5295,54.805],[-7.529,54.807],[-7.5285,54.8075],[-7.5275,54.808],[-7.525,54.808],[-7.5215,54.8075],[-7.518,54.808],[-7.5165,54.8085],[-7.507,54.8135],[-7.506,54.8145],[-7.504,54.8155],[-7.501,54.8175],[-7.4995,54.818],[-7.496,54.8185],[-7.495,54.819],[-7.4925,54.82],[-7.489,54.8215],[-7.484,54.824],[-7.483,54.826],[-7.482,54.8265],[-7.4815,54.828],[-7.4815,54.831],[-7.481,54.8315],[-7.48,54.832],[-7.457,54.8535],[-7.4545,54.8605],[-7.453,54.862],[-7.4495,54.8645],[-7.443,54.8715],[-7.442,54.8755],[-7.442,54.877],[-7.442,54.878],[-7.442,54.879],[-7.4425,54.88],[-7.444,54.8815],[-7.444,54.8835],[-7.4445,54.884],[-7.446,54.8865],[-7.448,54.8885],[-7.45,54.891],[-7.451,54.892],[-7.452,54.894],[-7.452,54.896],[-7.4525,54.898],[-7.4525,54.9],[-7.452,54.901],[-7.4515,54.902],[-7.451,54.9035],[-7.4495,54.905],[-7.4475,54.9075],[-7.446,54.909],[-7.445,54.911],[-7.445,54.9125],[-7.445,54.913],[-7.4475,54.9205],[-7.448,54.925],[-7.4485,54.9305],[-7.4485,54.9315],[-7.448,54.934],[-7.447,54.935],[-7.446,54.9365],[-7.4445,54.9375],[-7.4425,54.938],[-7.4345,54.941],[-7.4305,54.942],[-7.4275,54.9425],[-7.4245,54.943],[-7.423,54.9435],[-7.419,54.943],[-7.417,54.9435],[-7.4145,54.9435],[-7.4095,54.943],[-7.408,54.9425],[-7.406,54.942],[-7.4025,54.9425],[-7.4,54.943],[-7.398,54.944],[-7.3955,54.9445],[-7.392,54.9455],[-7.397,54.946],[-7.3985,54.9475],[-7.402,54.9495],[-7.4025,54.952],[-7.403,54.952],[-7.406,54.9535],[-7.4075,54.955],[-7.4075,54.9635],[-7.4055,54.9645],[-7.402,54.9675],[-7.4005,54.972],[-7.4025,54.973],[-7.402,54.9735],[-7.402,54.9745],[-7.404,54.9755],[-7.4045,54.977],[-7.406,54.9785],[-7.404,54.9795],[-7.405,54.981],[-7.407,54.9825],[-7.407,54.983],[-7.4055,54.984],[-7.404,54.984],[-7.4035,54.9845],[-7.404,54.985],[-7.403,54.9855],[-7.4015,54.9855],[-7.401,54.988],[-7.4005,54.989],[-7.4,54.9895],[-7.4,54.9905],[-7.399,54.991],[-7.3985,54.991],[-7.397,54.992],[-7.3965,54.9925],[-7.394,54.994],[-7.392,54.9945],[-7.392,54.996],[-7.3915,54.998],[-7.394,54.9995],[-7.3985,54.999],[-7.401,55],[-7.403,55.0015],[-7.404,55.0015],[-7.4045,55.0025],[-7.4055,55.0035],[-7.4035,55.005],[-7.4015,55.007],[-7.403,55.0075],[-7.4015,55.008],[-7.4,55.008],[-7.3985,55.009],[-7.3965,55.0125],[-7.397,55.0145],[-7.3965,55.0155],[-7.3965,55.0165],[-7.3915,55.0225],[-7.3865,55.024],[-7.383,55.0255],[-7.3775,55.0285],[-7.3765,55.0285],[-7.376,55.0295],[-7.375,55.03],[-7.374,55.0315],[-7.373,55.032],[-7.372,55.0335],[-7.3715,55.0335],[-7.3705,55.0345],[-7.37,55.035],[-7.368,55.037],[-7.3665,55.0385],[-7.3625,55.04],[-7.3605,55.0415],[-7.358,55.0435],[-7.3575,55.0445],[-7.356,55.046],[-7.355,55.046],[-7.352,55.046],[-7.3485,55.047],[-7.3475,55.048],[-7.3465,55.0485],[-7.3445,55.049],[-7.346,55.0505],[-7.345,55.051],[-7.3405,55.051],[-7.339,55.051],[-7.3365,55.0505],[-7.334,55.0505],[-7.3325,55.05],[-7.329,55.0485],[-7.327,55.0475],[-7.325,55.0465],[-7.322,55.045],[-7.319,55.0455],[-7.3185,55.045],[-7.3145,55.048],[-7.312,55.0495],[-7.3075,55.0525],[-7.2995,55.056],[-7.2955,55.0535],[-7.292,55.05],[-7.29,55.0485],[-7.289,55.0475],[-7.287,55.0485],[-7.286,55.0485],[-7.2845,55.0495],[-7.284,55.05],[-7.281,55.052],[-7.2795,55.053],[-7.2775,55.0545],[-7.277,55.055],[-7.277,55.0555],[-7.276,55.0575],[-7.2765,55.058],[-7.2755,55.059],[-7.274,55.06],[-7.274,55.061],[-7.273,55.063],[-7.2725,55.0635],[-7.265,55.0665],[-7.258,55.067],[-7.245,55.0815],[-7.229,55.092],[-7.2005,55.121],[-7.189,55.125],[-7.1855,55.133],[-7.1575,55.1495],[-7.1375,55.156],[-7.1175,55.159],[-7.097,55.1685],[-7.08,55.1725],[-7.0495,55.1865],[-7.0205,55.191],[-7.0075,55.196],[-6.955,55.21],[-6.9265,55.226],[-6.923,55.2355],[-6.9375,55.246],[-6.958,55.2545],[-6.9735,55.2565],[-6.9965,55.254],[-7.011,55.2575],[-7.0105,55.2655],[-7.0375,55.27],[-7.0445,55.276],[-7.066,55.2715],[-7.1055,55.2885],[-7.1165,55.2875],[-7.1245,55.2945],[-7.1365,55.2915],[-7.1515,55.2945],[-7.153,55.3025],[-7.1765,55.3215],[-7.1695,55.326],[-7.1705,55.336],[-7.197,55.3475],[-7.223,55.35],[-7.2395,55.355],[-7.2425,55.359],[-7.2695,55.36],[-7.277,55.365],[-7.332,55.368],[-7.3365,55.374],[-7.35,55.375],[-7.3585,55.38],[-7.38,55.3825],[-7.3925,55.3795],[-7.3865,55.367],[-7.3695,55.36],[-7.348,55.358],[-7.3535,55.332],[-7.3365,55.3265],[-7.331,55.312],[-7.318,55.311],[-7.2865,55.296],[-7.258,55.286],[-7.282,55.2765],[-7.298,55.277],[-7.313,55.285],[-7.341,55.2835],[-7.3475,55.291],[-7.316,55.289],[-7.304,55.292],[-7.316,55.304],[-7.3495,55.3165],[-7.3635,55.3185],[-7.375,55.316],[-7.375,55.306],[-7.3805,55.295],[-7.416,55.2915],[-7.434,55.2875],[-7.4355,55.2785],[-7.4495,55.282],[-7.45,55.289],[-7.469,55.297],[-7.465,55.286],[-7.476,55.281],[-7.4905,55.284],[-7.499,55.2895],[-7.522,55.286],[-7.5265,55.2795],[-7.5085,55.2715],[-7.5085,55.2655],[-7.519,55.253],[-7.5345,55.247],[-7.518,55.2385],[-7.5365,55.229],[-7.548,55.208],[-7.539,55.203],[-7.555,55.198],[-7.5375,55.1935],[-7.513,55.18],[-7.493,55.159],[-7.4885,55.1595],[-7.475,55.1405],[-7.464,55.1375],[-7.4575,55.1235],[-7.463,55.1155],[-7.4745,55.1105],[-7.479,55.09],[-7.4575,55.079],[-7.455,55.063],[-7.4625,55.0615],[-7.471,55.0735],[-7.494,55.0845],[-7.5205,55.0815],[-7.533,55.0725],[-7.523,55.058],[-7.5075,55.0555],[-7.4935,55.0485],[-7.4755,55.0515],[-7.4765,55.043],[-7.5135,55.04],[-7.5165,55.0245],[-7.527,55.02],[-7.5395,55.024],[-7.554,55.0125],[-7.567,55.0085],[-7.582,54.998],[-7.597,54.9935],[-7.6175,54.97],[-7.6355,54.9725],[-7.6465,54.964],[-7.6595,54.969],[-7.6525,54.9815],[-7.638,54.9915],[-7.64,54.995],[-7.62,55.0045],[-7.599,55.011],[-7.5825,55.0195],[-7.582,55.0235],[-7.559,55.0355],[-7.5595,55.045],[-7.5675,55.0535],[-7.578,55.0545],[-7.588,55.0485],[-7.61,55.045],[-7.622,55.0475],[-7.6275,55.056],[-7.612,55.0565],[-7.5975,55.0615],[-7.597,55.074],[-7.5745,55.0855],[-7.5585,55.087],[-7.5485,55.0925],[-7.5325,55.094],[-7.526,55.1055],[-7.5315,55.115],[-7.5185,55.122],[-7.522,55.136],[-7.5415,55.1415],[-7.5495,55.1545],[-7.577,55.17],[-7.5715,55.18],[-7.588,55.188],[-7.597,55.1855],[-7.613,55.191],[-7.624,55.2045],[-7.607,55.218],[-7.6035,55.2305],[-7.6155,55.2385],[-7.6275,55.267],[-7.6455,55.276],[-7.6585,55.2775],[-7.6735,55.2655],[-7.6835,55.262],[-7.702,55.2475],[-7.7145,55.2465],[-7.75,55.2495],[-7.7515,55.2375],[-7.774,55.2265],[-7.794,55.2205],[-7.799,55.2155],[-7.795,55.206],[-7.7795,55.204],[-7.7725,55.192],[-7.7625,55.1905],[-7.746,55.199],[-7.735,55.196],[-7.7455,55.187],[-7.727,55.1785],[-7.7105,55.176],[-7.706,55.181],[-7.7155,55.187],[-7.722,55.1995],[-7.723,55.2215],[-7.709,55.228],[-7.697,55.2025],[-7.7125,55.202],[-7.7125,55.1915],[-7.691,55.1775],[-7.6825,55.1815],[-7.6795,55.1645],[-7.6645,55.1585],[-7.6685,55.1445],[-7.6745,55.1405],[-7.6795,55.127],[-7.687,55.1195],[-7.693,55.104],[-7.7075,55.106],[-7.704,55.121],[-7.695,55.1385],[-7.697,55.152],[-7.712,55.167],[-7.7235,55.1735],[-7.751,55.1815],[-7.785,55.1845],[-7.795,55.178],[-7.8035,55.1855],[-7.814,55.2015],[-7.8075,55.2045],[-7.8085,55.2155],[-7.789,55.233],[-7.7895,55.2395],[-7.7835,55.254],[-7.8035,55.249],[-7.807,55.2375],[-7.817,55.2255],[-7.827,55.2245],[-7.8345,55.23],[-7.8475,55.227],[-7.8655,55.2275],[-7.8705,55.2205],[-7.8735,55.2025],[-7.864,55.195],[-7.8435,55.1905],[-7.838,55.1945],[-7.825,55.1765],[-7.8305,55.1645],[-7.848,55.1565],[-7.839,55.15],[-7.8595,55.14],[-7.8725,55.1405],[-7.905,55.134],[-7.8935,55.1465],[-7.8795,55.1505],[-7.8645,55.151],[-7.864,55.157],[-7.8535,55.164],[-7.8765,55.166],[-7.899,55.158],[-7.8895,55.172],[-7.9025,55.1775],[-7.8965,55.185],[-7.9045,55.1895],[-7.9175,55.185],[-7.946,55.1815],[-7.956,55.1885],[-7.973,55.1835],[-7.9945,55.1815],[-7.9895,55.1725],[-8.0055,55.1705],[-7.9965,55.183],[-7.981,55.188],[-7.9595,55.191],[-7.945,55.1965],[-7.9395,55.204],[-7.9425,55.2125],[-7.9675,55.2125],[-7.975,55.2235],[-7.994,55.2225],[-7.998,55.2165],[-8.0175,55.2135],[-8.024,55.1985],[-8.0235,55.187],[-8.0185,55.1785],[-8.037,55.171],[-8.053,55.1735],[-8.0685,55.163],[-8.119,55.1595],[-8.1245,55.156],[-8.1225,55.138],[-8.1325,55.1405],[-8.134,55.1275],[-8.1475,55.1315],[-8.1535,55.1245],[-8.1645,55.127],[-8.157,55.134],[-8.1615,55.144],[-8.1365,55.153],[-8.1315,55.161],[-8.146,55.164],[-8.151,55.154],[-8.1625,55.1455],[-8.197,55.1495],[-8.2145,55.147],[-8.22,55.1525],[-8.234,55.1495],[-8.247,55.1545],[-8.2745,55.155],[-8.2905,55.1525],[-8.2885,55.1455],[-8.2965,55.142],[-8.294,55.13],[-8.3035,55.1255],[-8.3175,55.105],[-8.3155,55.091],[-8.3265,55.0885],[-8.3155,55.0745],[-8.3245,55.065],[-8.348,55.063],[-8.343,55.047],[-8.35,55.0395],[-8.368,55.0415],[-8.373,55.035],[-8.3835,55.034],[-8.391,55.042],[-8.4005,55.04],[-8.4055,55.0325],[-8.397,55.0225],[-8.408,55.014],[-8.3995,55.002],[-8.407,55.001],[-8.433,55.0095],[-8.451,55.004],[-8.4395,54.988],[-8.4385,54.979],[-8.422,54.97],[-8.4135,54.959],[-8.3785,54.952],[-8.366,54.951],[-8.373,54.9425],[-8.3875,54.9435],[-8.404,54.9375],[-8.4205,54.9385],[-8.442,54.944],[-8.4585,54.9425],[-8.457,54.936],[-8.4445,54.9275],[-8.457,54.9235],[-8.456,54.9115],[-8.4405,54.904],[-8.423,54.9015],[-8.38,54.8835],[-8.3745,54.8885],[-8.3775,54.8995],[-8.366,54.899],[-8.349,54.905],[-8.3385,54.89],[-8.312,54.8845],[-8.325,54.88],[-8.3605,54.8825],[-8.3705,54.8765],[-8.381,54.8795],[-8.386,54.8685],[-8.386,54.8515],[-8.4,54.8525],[-8.409,54.8465],[-8.421,54.8475],[-8.4475,54.8385],[-8.461,54.84],[-8.476,54.847],[-8.489,54.8485],[-8.5085,54.8405],[-8.511,54.8285],[-8.5335,54.8345],[-8.553,54.834],[-8.5645,54.826],[-8.54,54.8225],[-8.5245,54.823],[-8.53,54.8125],[-8.498,54.8075],[-8.494,54.7985],[-8.4575,54.7995],[-8.448,54.7865],[-8.426,54.7775],[-8.4125,54.7745],[-8.4315,54.7645],[-8.456,54.7715],[-8.46,54.781],[-8.471,54.7825],[-8.4735,54.7905],[-8.488,54.788],[-8.5015,54.7895],[-8.5195,54.785],[-8.53,54.79],[-8.548,54.789],[-8.546,54.7825],[-8.5175,54.7725],[-8.504,54.775],[-8.469,54.766],[-8.4775,54.7585],[-8.5025,54.7625],[-8.5145,54.77],[-8.5365,54.7645],[-8.5775,54.776],[-8.5985,54.7785],[-8.61,54.776],[-8.6465,54.773],[-8.665,54.7695],[-8.669,54.763],[-8.705,54.7515],[-8.705,54.7445],[-8.7255,54.7425],[-8.7495,54.7275],[-8.7485,54.7125],[-8.7785,54.702],[-8.797,54.7055],[-8.8055,54.6985],[-8.795,54.689],[-8.786,54.69],[-8.7845,54.675],[-8.7945,54.6685],[-8.773,54.6575],[-8.74,54.6525],[-8.7255,54.646],[-8.6915,54.642],[-8.6855,54.6275],[-8.6755,54.62],[-8.6605,54.622],[-8.6445,54.62],[-8.6225,54.623],[-8.6165,54.6195],[-8.584,54.6165],[-8.588,54.6065],[-8.561,54.6165],[-8.533,54.62],[-8.4875,54.635],[-8.4785,54.627],[-8.4865,54.619],[-8.479,54.6145],[-8.4805,54.604],[-8.464,54.606],[-8.4315,54.63],[-8.434,54.62],[-8.4195,54.619],[-8.4065,54.6315],[-8.3855,54.6365],[-8.389,54.628],[-8.3795,54.624],[-8.3765,54.6135],[-8.3955,54.6035],[-8.398,54.599],[-8.416,54.5935],[-8.447,54.588],[-8.4395,54.5815],[-8.4295,54.587],[-8.393,54.5935],[-8.3785,54.604],[-8.3535,54.615],[-8.342,54.6305],[-8.302,54.639],[-8.288,54.647],[-8.272,54.6355],[-8.2825,54.6305],[-8.2885,54.6195],[-8.3005,54.6095],[-8.2935,54.604],[-8.281,54.605],[-8.235,54.6185],[-8.2185,54.6285],[-8.207,54.6295],[-8.1875,54.6405],[-8.156,54.6345],[-8.1335,54.6465],[-8.121,54.646],[-8.1225,54.631],[-8.1145,54.6155],[-8.1355,54.614],[-8.139,54.603],[-8.1555,54.614],[-8.1535,54.6265],[-8.168,54.622],[-8.1635,54.605],[-8.1655,54.595],[-8.177,54.587],[-8.1915,54.584],[-8.205,54.5735],[-8.218,54.5745],[-8.221,54.568],[-8.215,54.5625],[-8.21,54.5485],[-8.264,54.5285],[-8.2665,54.5215],[-8.254,54.5115],[-8.2215,54.503],[-8.2475,54.5],[-8.2625,54.5035],[-8.2675,54.491],[-8.285,54.477],[-8.313,54.4785],[-8.3205,54.4725],[-8.304,54.4705],[-8.2995,54.464],[-8.284,54.4645],[-8.2705,54.46],[-8.2525,54.4625],[-8.2365,54.461],[-8.2215,54.473],[-8.1775,54.465]]]]},"properties":{"COUNTY":"DONEGAL"}},
{"type":"Feature","geometry":{"type":"Polygon","coordinates":[[[-7.842,51.954],[-7.8325,51.9535],[-7.8295,51.941],[-7.8115,51.939],[-7.7955,51.942],[-7.793,51.949],[-7.777,51.9515],[-7.765,51.949],[-7.755,51.941],[-7.7445,51.9385],[-7.7095,51.943],[-7.7195,51.95],[-7.7195,51.958],[-7.702,51.9725],[-7.689,51.9755],[-7.667,51.975],[-7.6325,51.981],[-7.6135,51.9815],[-7.5825,51.9965],[-7.578,52.008],[-7.586,52.019],[-7.5765,52.0245],[-7.578,52.0315],[-7.5665,52.041],[-7.5475,52.0445],[-7.544,52.055],[-7.566,52.0505],[-7.5865,52.051],[-7.6025,52.0595],[-7.605,52.0645],[-7.6405,52.061],[-7.6345,52.071],[-7.6355,52.0815],[-7.6225,52.082],[-7.5965,52.092],[-7.588,52.0995],[-7.5745,52.0925],[-7.5715,52.084],[-7.554,52.078],[-7.5445,52.0955],[-7.518,52.106],[-7.5005,52.1025],[-7.468,52.1185],[-7.448,52.1225],[-7.4425,52.1275],[-7.424,52.1305],[-7.388,52.1295],[-7.37,52.138],[-7.329,52.1375],[-7.323,52.136],[-7.297,52.141],[-7.2225,52.1325],[-7.2075,52.1355],[-7.1845,52.134],[-7.1695,52.1395],[-7.1635,52.149],[-7.1515,52.159],[-7.1395,52.1595],[-7.113,52.154],[-7.124,52.1675],[-7.0985,52.169],[-7.08,52.1555],[-7.093,52.147],[-7.0965,52.14],[-7.1075,52.134],[-7.0955,52.128],[-7.082,52.135],[-7.051,52.139],[-7.0315,52.1335],[-7.016,52.139],[-6.9995,52.141],[-6.9915,52.1455],[-6.9895,52.1545],[-6.9745,52.164],[-6.97,52.1775],[-6.9835,52.19],[-6.98,52.199],[-6.971,52.2085],[-6.9765,52.2135],[-6.9685,52.227],[-6.9715,52.2345],[-6.9655,52.2405],[-6.9875,52.25],[-6.992,52.257],[-6.9845,52.2655],[-6.988,52.274],[-7,52.2755],[-7.0275,52.2685],[-7.038,52.2565],[-7.074,52.256],[-7.0865,52.2515],[-7.097,52.2575],[-7.1005,52.2665],[-7.133,52.269],[-7.151,52.279],[-7.168,52.275],[-7.192,52.2575],[-7.199,52.2495],[-7.219,52.243],[-7.2315,52.25],[-7.237,52.2595],[-7.265,52.2675],[-7.283,52.289],[-7.284,52.296],[-7.301,52.304],[-7.3,52.312],[-7.324,52.331],[-7.357,52.3365],[-7.3605,52.3425],[-7.372,52.343],[-7.377,52.3355],[-7.394,52.335],[-7.416,52.3415],[-7.437,52.3395],[-7.437,52.348],[-7.4465,52.3495],[-7.4835,52.3515],[-7.5095,52.3555],[-7.516,52.359],[-7.55,52.3615],[-7.571,52.3585],[-7.596,52.364],[-7.6205,52.3625],[-7.632,52.3585],[-7.6525,52.357],[-7.661,52.3595],[-7.7075,52.345],[-7.717,52.35],[-7.7375,52.3475],[-7.7525,52.341],[-7.78,52.343],[-7.7895,52.3405],[-7.7865,52.333],[-7.7935,52.328],[-7.7905,52.3215],[-7.7965,52.301],[-7.7935,52.2915],[-7.7755,52.2725],[-7.763,52.2715],[-7.762,52.266],[-7.7485,52.2525],[-7.746,52.244],[-7.7525,52.234],[-7.746,52.2165],[-7.757,52.215],[-7.7855,52.2215],[-7.798,52.2205],[-7.8075,52.2125],[-7.8205,52.2215],[-7.8505,52.2275],[-7.857,52.224],[-7.876,52.2275],[-7.892,52.225],[-7.915,52.228],[-7.941,52.243],[-7.972,52.2425],[-7.98,52.238],[-7.989,52.243],[-7.997,52.225],[-7.9905,52.212],[-8.003,52.202],[-8.022,52.2085],[-8.0325,52.207],[-8.0615,52.209],[-8.0795,52.206],[-8.1045,52.2065],[-8.124,52.2005],[-8.12,52.1955],[-8.1285,52.175],[-8.137,52.164],[-8.1545,52.165],[-8.1575,52.155],[-8.1525,52.149],[-8.1625,52.141],[-8.143,52.141],[-8.111,52.145],[-8.085,52.139],[-8.0725,52.1435],[-8.0605,52.1325],[-8.0715,52.1255],[-8.0705,52.117],[-8.046,52.115],[-8.0375,52.1035],[-8.029,52.0975],[-8.0165,52.082],[-8.0135,52.074],[-8.0215,52.066],[-8.0225,52.0565],[-8.0025,52.0485],[-7.9865,52.0345],[-7.957,52.036],[-7.9615,52.0265],[-7.958,52.019],[-7.938,52.014],[-7.9275,52.008],[-7.9305,52.003],[-7.921,51.981],[-7.91,51.974],[-7.899,51.976],[-7.878,51.9745],[-7.86,51.976],[-7.847,51.972],[-7.842,51.954]]]},"properties":{"COUNTY":"WATERFORD"}},
{"type":"Feature","geometry":{"type":"MultiPolygon","coordinates":[[[[-5.9965,53.4945],[-6.012,53.4985],[-6.03,53.489],[-6.0215,53.4835],[-6.0055,53.486],[-5.9965,53.4945]]],[[[-6.213,53.6335],[-6.2255,53.6285],[-6.2415,53.6345],[-6.256,53.6325],[-6.268,53.624],[-6.274,53.6125],[-6.2725,53.5975],[-6.2855,53.589],[-6.3015,53.588],[-6.3205,53.575],[-6.3355,53.5725],[-6.346,53.5795],[-6.369,53.589],[-6.3805,53.5885],[-6.401,53.577],[-6.414,53.5735],[-6.4285,53.559],[-6.433,53.544],[-6.42,53.5405],[-6.418,53.534],[-6.4075,53.5265],[-6.3855,53.5225],[-6.3665,53.515],[-6.3675,53.5065],[-6.3465,53.502],[-6.3315,53.486],[-6.3485,53.4725],[-6.355,53.4625],[-6.3545,53.447],[-6.3775,53.4445],[-6.387,53.438],[-6.41,53.441],[-6.4215,53.424],[-6.4215,53.417],[-6.432,53.415],[-6.441,53.4065],[-6.4395,53.4],[-6.46,53.3885],[-6.47,53.3795],[-6.475,53.363],[-6.4895,53.363],[-6.4985,53.346],[-6.4905,53.3365],[-6.501,53.321],[-6.518,53.325],[-6.528,53.3135],[-6.5425,53.307],[-6.527,53.3015],[-6.5285,53.2905],[-6.544,53.282],[-6.539,53.2755],[-6.518,53.2645],[-6.533,53.2485],[-6.5175,53.249],[-6.4755,53.2345],[-6.46,53.2255],[-6.4555,53.231],[-6.4195,53.231],[-6.4105,53.2165],[-6.395,53.213],[-6.376,53.216],[-6.3685,53.214],[-6.3745,53.1925],[-6.3475,53.181],[-6.332,53.178],[-6.312,53.1945],[-6.308,53.2125],[-6.311,53.222],[-6.2915,53.2215],[-6.276,53.211],[-6.2595,53.205],[-6.2395,53.202],[-6.2275,53.2055],[-6.2245,53.211],[-6.1825,53.221],[-6.162,53.2025],[-6.1475,53.2035],[-6.137,53.199],[-6.126,53.2075],[-6.103,53.211],[-6.112,53.2405],[-6.1125,53.257],[-6.1065,53.266],[-6.0935,53.275],[-6.111,53.2875],[-6.121,53.2875],[-6.134,53.296],[-6.1505,53.2955],[-6.1785,53.303],[-6.2045,53.316],[-6.2105,53.3325],[-6.2275,53.3445],[-6.216,53.349],[-6.1935,53.3455],[-6.196,53.353],[-6.2245,53.3525],[-6.239,53.3605],[-6.2305,53.364],[-6.1935,53.358],[-6.18,53.3615],[-6.161,53.3765],[-6.141,53.3855],[-6.117,53.3885],[-6.101,53.385],[-6.103,53.3795],[-6.0955,53.3695],[-6.077,53.3605],[-6.059,53.365],[-6.045,53.3755],[-6.0455,53.385],[-6.064,53.3885],[-6.1225,53.3945],[-6.1355,53.4075],[-6.114,53.407],[-6.121,53.4195],[-6.1245,53.4435],[-6.137,53.4515],[-6.1585,53.4525],[-6.179,53.4565],[-6.1975,53.463],[-6.175,53.469],[-6.154,53.469],[-6.145,53.475],[-6.1325,53.4685],[-6.143,53.462],[-6.1305,53.4585],[-6.123,53.4705],[-6.111,53.483],[-6.0965,53.49],[-6.1075,53.4935],[-6.1155,53.5085],[-6.1305,53.51],[-6.128,53.4985],[-6.1445,53.501],[-6.163,53.4995],[-6.163,53.5055],[-6.141,53.509],[-6.122,53.514],[-6.107,53.51],[-6.0925,53.5185],[-6.084,53.517],[-6.087,53.532],[-6.0795,53.553],[-6.0835,53.56],[-6.097,53.5645],[-6.109,53.5815],[-6.1305,53.586],[-6.15,53.587],[-6.165,53.604],[-6.18,53.6105],[-6.189,53.6205],[-6.1885,53.6265],[-6.213,53.6335]]]]},"properties":{"COUNTY":"DUBLIN"}},
{"type":"Feature","geometry":{"type":"Polygon","coordinates":[[[-7,52.2755],[-7.0175,52.2975],[-7.006,52.306],[-7.0005,52.315],[-6.986,52.3235],[-6.9935,52.3305],[-6.997,52.3485],[-6.9915,52.3645],[-6.9845,52.3685],[-6.965,52.3685],[-6.965,52.378],[-6.9535,52.3905],[-6.9555,52.399],[-6.942,52.403],[-6.9435,52.413],[-6.9565,52.416],[-6.9525,52.4255],[-6.941,52.422],[-6.926,52.4245],[-6.915,52.43],[-6.9275,52.4415],[-6.923,52.4575],[-6.917,52.4635],[-6.9295,52.467],[-6.9185,52.4745],[-6.925,52.4845],[-6.936,52.492],[-6.9405,52.5],[-6.933,52.518],[-6.9355,52.528],[-6.9495,52.529],[-6.9595,52.536],[-6.9455,52.542],[-6.931,52.5545],[-6.915,52.5635],[-6.9225,52.5705],[-6.919,52.5765],[-6.927,52.588],[-6.939,52.5905],[-6.9505,52.6005],[-6.97,52.604],[-6.973,52.6115],[-6.9855,52.619],[-6.9805,52.6265],[-6.9915,52.634],[-6.9855,52.6435],[-6.988,52.6595],[-6.98,52.669],[-6.993,52.6735],[-7.0005,52.6885],[-7.0155,52.703],[-7.0475,52.7125],[-7.066,52.7085],[-7.08,52.7265],[-7.1075,52.725],[-7.105,52.7315],[-7.0935,52.732],[-7.1015,52.7485],[-7.0835,52.757],[-7.0815,52.77],[-7.086,52.775],[-7.079,52.7825],[-7.0675,52.785],[-7.0605,52.793],[-7.0705,52.813],[-7.087,52.8165],[-7.099,52.827],[-7.121,52.825],[-7.1285,52.841],[-7.1415,52.848],[-7.14,52.869],[-7.163,52.882],[-7.177,52.8845],[-7.189,52.894],[-7.2045,52.8905],[-7.2205,52.877],[-7.2475,52.8785],[-7.2435,52.863],[-7.2595,52.849],[-7.2775,52.854],[-7.3105,52.8665],[-7.3225,52.8625],[-7.3295,52.8515],[-7.345,52.8385],[-7.343,52.8345],[-7.3485,52.8215],[-7.3485,52.8125],[-7.3605,52.815],[-7.364,52.8305],[-7.374,52.8305],[-7.3785,52.823],[-7.3875,52.8195],[-7.3925,52.802],[-7.399,52.796],[-7.413,52.8005],[-7.431,52.8025],[-7.4465,52.7955],[-7.4485,52.7875],[-7.4795,52.787],[-7.4895,52.7975],[-7.529,52.811],[-7.5345,52.805],[-7.5595,52.8085],[-7.5565,52.8145],[-7.5785,52.8285],[-7.5885,52.8195],[-7.617,52.8095],[-7.614,52.7925],[-7.634,52.788],[-7.6475,52.79],[-7.674,52.7815],[-7.6675,52.761],[-7.6685,52.754],[-7.654,52.7465],[-7.646,52.735],[-7.626,52.7335],[-7.6085,52.721],[-7.5945,52.7205],[-7.582,52.7115],[-7.5535,52.7025],[-7.547,52.695],[-7.5375,52.6905],[-7.5355,52.679],[-7.52,52.662],[-7.521,52.655],[-7.502,52.6355],[-7.4755,52.616],[-7.481,52.604],[-7.4755,52.591],[-7.4515,52.582],[-7.4575,52.567],[-7.452,52.553],[-7.4585,52.536],[-7.4575,52.524],[-7.4435,52.5105],[-7.432,52.5185],[-7.42,52.511],[-7.4325,52.496],[-7.4555,52.4845],[-7.4675,52.4725],[-7.461,52.466],[-7.441,52.466],[-7.441,52.4595],[-7.4235,52.452],[-7.4185,52.442],[-7.3905,52.4285],[-7.3825,52.4205],[-7.3945,52.395],[-7.388,52.384],[-7.397,52.364],[-7.376,52.35],[-7.372,52.343],[-7.3605,52.3425],[-7.357,52.3365],[-7.324,52.331],[-7.3,52.312],[-7.301,52.304],[-7.284,52.296],[-7.283,52.289],[-7.265,52.2675],[-7.237,52.2595],[-7.2315,52.25],[-7.219,52.243],[-7.199,52.2495],[-7.192,52.2575],[-7.168,52.275],[-7.151,52.279],[-7.133,52.269],[-7.1005,52.2665],[-7.097,52.2575],[-7.0865,52.2515],[-7.074,52.256],[-7.038,52.2565],[-7.0275,52.2685],[-7,52.2755]]]},"properties":{"COUNTY":"KILKENNY"}},
{"type":"Feature","geometry":{"type":"Polygon","coordinates":[[[-6.917,52.4635],[-6.902,52.467],[-6.8835,52.466],[-6.863,52.479],[-6.852,52.5],[-6.8395,52.509],[-6.832,52.5195],[-6.837,52.53],[-6.8055,52.549],[-6.8065,52.5615],[-6.79,52.5625],[-6.778,52.58],[-6.7825,52.5975],[-6.7715,52.625],[-6.7515,52.637],[-6.73,52.643],[-6.7095,52.6405],[-6.6915,52.636],[-6.6795,52.6365],[-6.664,52.6485],[-6.653,52.6645],[-6.6705,52.664],[-6.6795,52.6685],[-6.675,52.678],[-6.664,52.6865],[-6.646,52.6885],[-6.634,52.7035],[-6.62,52.7085],[-6.6185,52.713],[-6.6345,52.7325],[-6.6545,52.746],[-6.6465,52.755],[-6.6565,52.769],[-6.6675,52.7705],[-6.6805,52.78],[-6.6925,52.776],[-6.7125,52.7785],[-6.702,52.787],[-6.7025,52.8035],[-6.6955,52.8115],[-6.6725,52.8165],[-6.668,52.8215],[-6.674,52.8285],[-6.661,52.836],[-6.6465,52.828],[-6.6375,52.8295],[-6.6245,52.8225],[-6.6275,52.818],[-6.6155,52.808],[-6.587,52.8035],[-6.5705,52.803],[-6.561,52.811],[-6.565,52.815],[-6.5265,52.8235],[-6.5285,52.8315],[-6.5225,52.8375],[-6.529,52.865],[-6.508,52.868],[-6.5085,52.8805],[-6.5345,52.89],[-6.549,52.875],[-6.5645,52.881],[-6.587,52.8795],[-6.5915,52.8975],[-6.6105,52.8975],[-6.634,52.9035],[-6.6455,52.899],[-6.6565,52.9075],[-6.673,52.9095],[-6.6855,52.904],[-6.712,52.918],[-6.721,52.914],[-6.737,52.916],[-6.749,52.907],[-6.745,52.8995],[-6.7505,52.889],[-6.7655,52.8895],[-6.768,52.8795],[-6.788,52.8705],[-6.8095,52.8715],[-6.825,52.869],[-6.846,52.8605],[-6.8565,52.8615],[-6.871,52.876],[-6.8765,52.8735],[-6.8685,52.8615],[-6.8795,52.8575],[-6.9035,52.866],[-6.9125,52.8745],[-6.9295,52.885],[-6.9395,52.88],[-6.934,52.8655],[-6.937,52.8605],[-6.933,52.8435],[-6.946,52.8395],[-6.9375,52.8285],[-6.9505,52.816],[-6.9655,52.8095],[-7.012,52.808],[-7.0215,52.8105],[-7.04,52.808],[-7.0495,52.7945],[-7.0605,52.793],[-7.0675,52.785],[-7.079,52.7825],[-7.086,52.775],[-7.0815,52.77],[-7.0835,52.757],[-7.1015,52.7485],[-7.0935,52.732],[-7.105,52.7315],[-7.1075,52.725],[-7.08,52.7265],[-7.066,52.7085],[-7.0475,52.7125],[-7.0155,52.703],[-7.0005,52.6885],[-6.993,52.6735],[-6.98,52.669],[-6.988,52.6595],[-6.9855,52.6435],[-6.9915,52.634],[-6.9805,52.6265],[-6.9855,52.619],[-6.973,52.6115],[-6.97,52.604],[-6.9505,52.6005],[-6.939,52.5905],[-6.927,52.588],[-6.919,52.5765],[-6.9225,52.5705],[-6.915,52.5635],[-6.931,52.5545],[-6.9455,52.542],[-6.9595,52.536],[-6.9495,52.529],[-6.9355,52.528],[-6.933,52.518],[-6.9405,52.5],[-6.936,52.492],[-6.925,52.4845],[-6.9185,52.4745],[-6.9295,52.467],[-6.917,52.4635]]]},"properties":{"COUNTY":"CARLOW"}},
{"type":"Feature","geometry":{"type":"Polygon","coordinates":[[[-8.183,52.2875],[-8.169,52.2915],[-8.157,52.302],[-8.1655,52.3065],[-8.163,52.314],[-8.1685,52.321],[-8.179,52.3235],[-8.1825,52.331],[-8.167,52.3445],[-8.1645,52.364],[-8.168,52.368],[-8.1925,52.364],[-8.203,52.37],[-8.2155,52.367],[-8.2175,52.3785],[-8.2285,52.3855],[-8.2265,52.404],[-8.232,52.411],[-8.26,52.408],[-8.2715,52.402],[-8.283,52.4015],[-8.284,52.4145],[-8.295,52.42],[-8.3095,52.42],[-8.3135,52.4355],[-8.3305,52.44],[-8.3505,52.4335],[-8.366,52.4455],[-8.378,52.4415],[-8.3865,52.433],[-8.394,52.441],[-8.406,52.4665],[-8.3895,52.4725],[-8.396,52.4835],[-8.3915,52.4905],[-8.3725,52.4945],[-8.3615,52.5105],[-8.3455,52.513],[-8.335,52.5105],[-8.3385,52.4995],[-8.3315,52.494],[-8.338,52.487],[-8.324,52.481],[-8.315,52.493],[-8.326,52.5055],[-8.311,52.5105],[-8.304,52.509],[-8.29,52.514],[-8.286,52.5215],[-8.2715,52.517],[-8.256,52.517],[-8.2565,52.511],[-8.2405,52.5125],[-8.231,52.517],[-8.226,52.526],[-8.2325,52.5355],[-8.226,52.555],[-8.234,52.5625],[-8.2255,52.5745],[-8.237,52.581],[-8.2335,52.586],[-8.214,52.595],[-8.209,52.602],[-8.219,52.6115],[-8.213,52.6225],[-8.215,52.632],[-8.195,52.6445],[-8.1975,52.654],[-8.188,52.6685],[-8.2155,52.671],[-8.2285,52.6645],[-8.237,52.669],[-8.2545,52.67],[-8.253,52.6825],[-8.2855,52.6945],[-8.3065,52.694],[-8.3325,52.6885],[-8.3605,52.6795],[-8.3665,52.683],[-8.3845,52.6815],[-8.3865,52.687],[-8.407,52.69],[-8.428,52.678],[-8.442,52.6865],[-8.4485,52.6855],[-8.465,52.704],[-8.47,52.718],[-8.4695,52.739],[-8.48,52.7575],[-8.503,52.7515],[-8.509,52.746],[-8.5035,52.731],[-8.508,52.7255],[-8.502,52.719],[-8.5125,52.705],[-8.533,52.704],[-8.542,52.6965],[-8.544,52.6825],[-8.567,52.676],[-8.582,52.6775],[-8.5905,52.6695],[-8.614,52.6865],[-8.627,52.684],[-8.654,52.69],[-8.6715,52.687],[-8.687,52.68],[-8.689,52.6755],[-8.7065,52.671],[-8.743,52.676],[-8.761,52.6755],[-8.781,52.669],[-8.7965,52.6695],[-8.8105,52.6775],[-8.8225,52.68],[-8.865,52.6785],[-8.9105,52.6725],[-8.9465,52.67],[-8.973,52.666],[-9.017,52.65],[-9.047,52.652],[-9.073,52.6495],[-9.1035,52.638],[-9.1235,52.6335],[-9.149,52.615],[-9.165,52.6115],[-9.193,52.611],[-9.229,52.608],[-9.254,52.5955],[-9.2945,52.58],[-9.3285,52.5805],[-9.345,52.5895],[-9.36,52.583],[-9.3675,52.5745],[-9.3535,52.5675],[-9.3545,52.562],[-9.3375,52.5615],[-9.3485,52.5415],[-9.336,52.539],[-9.326,52.5275],[-9.305,52.5215],[-9.2975,52.496],[-9.313,52.4955],[-9.3185,52.491],[-9.316,52.4795],[-9.3225,52.4715],[-9.3395,52.4735],[-9.34,52.4625],[-9.3325,52.4565],[-9.326,52.4435],[-9.319,52.4425],[-9.307,52.4285],[-9.328,52.423],[-9.339,52.412],[-9.3395,52.4045],[-9.315,52.397],[-9.3035,52.389],[-9.3115,52.3765],[-9.344,52.367],[-9.3475,52.361],[-9.339,52.354],[-9.3295,52.3545],[-9.2975,52.334],[-9.2765,52.3315],[-9.261,52.325],[-9.2405,52.3215],[-9.2305,52.304],[-9.2175,52.298],[-9.21,52.3065],[-9.1745,52.312],[-9.1755,52.319],[-9.1585,52.322],[-9.151,52.331],[-9.14,52.333],[-9.137,52.344],[-9.1125,52.3335],[-9.075,52.331],[-9.046,52.321],[-9.034,52.3225],[-9.008,52.3095],[-8.9865,52.292],[-8.9765,52.294],[-8.9865,52.3105],[-8.9625,52.319],[-8.918,52.325],[-8.9105,52.3245],[-8.8945,52.331],[-8.8815,52.3395],[-8.877,52.3505],[-8.852,52.3585],[-8.846,52.3715],[-8.829,52.3705],[-8.8205,52.384],[-8.7995,52.387],[-8.793,52.3715],[-8.781,52.3845],[-8.75,52.3795],[-8.735,52.371],[-8.724,52.371],[-8.7085,52.378],[-8.694,52.378],[-8.674,52.3835],[-8.6735,52.368],[-8.6615,52.3515],[-8.6245,52.3445],[-8.6055,52.333],[-8.605,52.323],[-8.5795,52.31],[-8.5585,52.3075],[-8.5475,52.2925],[-8.5345,52.286],[-8.5035,52.281],[-8.4905,52.2845],[-8.4535,52.2875],[-8.4455,52.2915],[-8.4255,52.2935],[-8.3865,52.2945],[-8.3815,52.3045],[-8.3635,52.309],[-8.3625,52.32],[-8.341,52.3295],[-8.3305,52.3195],[-8.3125,52.322],[-8.31,52.315],[-8.299,52.302],[-8.2975,52.295],[-8.2845,52.287],[-8.2505,52.2965],[-8.2285,52.2965],[-8.2065,52.2945],[-8.1955,52.287],[-8.183,52.2875]]]},"properties":{"COUNTY":"LIMERICK"}},
{"type":"Feature","geometry":{"type":"Polygon","coordinates":[[[-6.247,53.7225],[-6.254,53.731],[-6.2475,53.76],[-6.2335,53.789],[-6.2225,53.79],[-6.2165,53.796],[-6.245,53.8],[-6.26,53.806],[-6.2615,53.823],[-6.251,53.8495],[-6.2415,53.8585],[-6.268,53.871],[-6.29,53.8715],[-6.306,53.879],[-6.331,53.8755],[-6.352,53.887],[-6.37,53.905],[-6.3765,53.9215],[-6.3715,53.931],[-6.373,53.9435],[-6.3795,53.9445],[-6.377,53.9565],[-6.3665,53.9605],[-6.36,53.9735],[-6.3655,53.9805],[-6.3515,53.9865],[-6.3395,53.9965],[-6.342,54.0035],[-6.3595,54.007],[-6.388,54.008],[-6.382,54.0125],[-6.36,54.014],[-6.3465,54.0115],[-6.321,54.014],[-6.2975,54.009],[-6.2695,53.995],[-6.251,53.988],[-6.2285,53.9865],[-6.199,53.9795],[-6.1745,53.98],[-6.1645,53.977],[-6.133,53.987],[-6.103,54],[-6.125,54.016],[-6.129,54.03],[-6.155,54.029],[-6.1855,54.0415],[-6.1945,54.056],[-6.214,54.0665],[-6.228,54.0695],[-6.246,54.0775],[-6.26,54.0905],[-6.272,54.1045],[-6.291,54.1125],[-6.308,54.1065],[-6.313,54.0965],[-6.318,54.091],[-6.319,54.091],[-6.327,54.0935],[-6.3365,54.0945],[-6.3345,54.105],[-6.3355,54.1065],[-6.336,54.1085],[-6.3385,54.1085],[-6.34,54.112],[-6.349,54.114],[-6.3525,54.1125],[-6.354,54.1105],[-6.355,54.1105],[-6.3665,54.1045],[-6.362,54.0975],[-6.3635,54.09],[-6.3635,54.0895],[-6.3635,54.0875],[-6.3635,54.0845],[-6.3625,54.0795],[-6.362,54.0785],[-6.3625,54.0765],[-6.363,54.0745],[-6.3635,54.0725],[-6.367,54.0705],[-6.3685,54.07],[-6.3705,54.07],[-6.372,54.07],[-6.3755,54.069],[-6.376,54.0695],[-6.377,54.0695],[-6.378,54.069],[-6.3795,54.069],[-6.3815,54.069],[-6.382,54.069],[-6.384,54.068],[-6.387,54.0625],[-6.3875,54.0615],[-6.39,54.0605],[-6.3915,54.059],[-6.3925,54.0605],[-6.3945,54.0615],[-6.396,54.0615],[-6.3975,54.0615],[-6.398,54.0615],[-6.4005,54.0615],[-6.402,54.062],[-6.4035,54.062],[-6.404,54.062],[-6.4095,54.0625],[-6.412,54.063],[-6.415,54.062],[-6.416,54.062],[-6.4185,54.0625],[-6.421,54.0595],[-6.423,54.061],[-6.4275,54.0605],[-6.438,54.0575],[-6.4385,54.0575],[-6.4395,54.058],[-6.441,54.0575],[-6.4435,54.0565],[-6.443,54.0575],[-6.4435,54.058],[-6.4445,54.058],[-6.4455,54.0585],[-6.448,54.0605],[-6.4485,54.061],[-6.4485,54.062],[-6.4485,54.064],[-6.45,54.0675],[-6.4565,54.0725],[-6.459,54.072],[-6.459,54.071],[-6.4605,54.0705],[-6.461,54.0705],[-6.463,54.071],[-6.4645,54.073],[-6.4665,54.0735],[-6.4685,54.074],[-6.478,54.077],[-6.479,54.0765],[-6.4795,54.077],[-6.48,54.0765],[-6.4805,54.0755],[-6.4815,54.075],[-6.481,54.074],[-6.4815,54.073],[-6.4805,54.071],[-6.4715,54.0665],[-6.473,54.0665],[-6.4755,54.0665],[-6.4765,54.0665],[-6.48,54.067],[-6.4825,54.067],[-6.4845,54.0665],[-6.4845,54.0655],[-6.485,54.065],[-6.4865,54.0645],[-6.489,54.0635],[-6.491,54.0625],[-6.492,54.0625],[-6.493,54.0615],[-6.4965,54.0595],[-6.5035,54.06],[-6.5155,54.0525],[-6.522,54.056],[-6.524,54.0565],[-6.5275,54.0585],[-6.5285,54.059],[-6.532,54.0595],[-6.5345,54.0585],[-6.5355,54.0575],[-6.538,54.056],[-6.542,54.054],[-6.543,54.0535],[-6.5455,54.0515],[-6.547,54.052],[-6.5495,54.0505],[-6.558,54.0495],[-6.559,54.05],[-6.5605,54.05],[-6.5615,54.0505],[-6.5645,54.051],[-6.569,54.0535],[-6.571,54.0535],[-6.572,54.054],[-6.5735,54.053],[-6.575,54.053],[-6.582,54.055],[-6.5825,54.055],[-6.585,54.057],[-6.5865,54.0575],[-6.591,54.056],[-6.591,54.0555],[-6.5925,54.0545],[-6.5935,54.0535],[-6.5955,54.052],[-6.5935,54.05],[-6.594,54.0485],[-6.593,54.0465],[-6.595,54.0445],[-6.576,54.0355],[-6.566,54.017],[-6.551,54.003],[-6.5545,53.9945],[-6.568,53.982],[-6.5685,53.971],[-6.588,53.97],[-6.593,53.9745],[-6.6185,53.984],[-6.6355,53.977],[-6.6425,53.971],[-6.6375,53.9645],[-6.6585,53.9525],[-6.648,53.946],[-6.6605,53.9415],[-6.6445,53.9345],[-6.6335,53.933],[-6.6305,53.9265],[-6.6445,53.924],[-6.647,53.916],[-6.665,53.9135],[-6.6735,53.909],[-6.683,53.9125],[-6.695,53.9075],[-6.695,53.902],[-6.684,53.8995],[-6.679,53.893],[-6.665,53.8915],[-6.657,53.8845],[-6.6265,53.88],[-6.602,53.8635],[-6.5935,53.8515],[-6.5985,53.8395],[-6.582,53.828],[-6.5795,53.8025],[-6.5705,53.797],[-6.554,53.798],[-6.548,53.778],[-6.537,53.78],[-6.516,53.7665],[-6.469,53.77],[-6.4555,53.7665],[-6.447,53.758],[-6.4585,53.7515],[-6.4695,53.739],[-6.4815,53.7305],[-6.463,53.713],[-6.435,53.716],[-6.4265,53.725],[-6.418,53.7255],[-6.392,53.719],[-6.381,53.7095],[-6.374,53.6985],[-6.355,53.7055],[-6.331,53.707],[-6.314,53.7065],[-6.323,53.7165],[-6.2965,53.7205],[-6.2695,53.732],[-6.2575,53.7305],[-6.247,53.7225]]]},"properties":{"COUNTY":"LOUTH"}},
{"type":"Feature","geometry":{"type":"Polygon","coordinates":[[[-7.372,52.343],[-7.376,52.35],[-7.397,52.364],[-7.388,52.384],[-7.3945,52.395],[-7.3825,52.4205],[-7.3905,52.4285],[-7.4185,52.442],[-7.4235,52.452],[-7.441,52.4595],[-7.441,52.466],[-7.461,52.466],[-7.4675,52.4725],[-7.4555,52.4845],[-7.4325,52.496],[-7.42,52.511],[-7.432,52.5185],[-7.4435,52.5105],[-7.4575,52.524],[-7.4585,52.536],[-7.452,52.553],[-7.4575,52.567],[-7.4515,52.582],[-7.4755,52.591],[-7.481,52.604],[-7.4755,52.616],[-7.502,52.6355],[-7.521,52.655],[-7.52,52.662],[-7.5355,52.679],[-7.5375,52.6905],[-7.547,52.695],[-7.5535,52.7025],[-7.582,52.7115],[-7.5945,52.7205],[-7.6085,52.721],[-7.626,52.7335],[-7.646,52.735],[-7.654,52.7465],[-7.6685,52.754],[-7.6675,52.761],[-7.674,52.7815],[-7.6805,52.8055],[-7.6895,52.808],[-7.6885,52.816],[-7.697,52.832],[-7.7165,52.8375],[-7.732,52.852],[-7.7345,52.8585],[-7.7175,52.865],[-7.7255,52.8875],[-7.7085,52.8915],[-7.706,52.902],[-7.685,52.9145],[-7.676,52.9155],[-7.6645,52.9225],[-7.661,52.9355],[-7.685,52.933],[-7.702,52.934],[-7.706,52.9385],[-7.726,52.946],[-7.7305,52.9575],[-7.7705,52.9705],[-7.785,52.9715],[-7.802,52.982],[-7.813,52.978],[-7.828,52.9655],[-7.8455,52.9555],[-7.8645,52.9565],[-7.8625,52.9425],[-7.85,52.94],[-7.845,52.9325],[-7.8715,52.924],[-7.8605,52.916],[-7.893,52.9075],[-7.8845,52.8995],[-7.896,52.893],[-7.919,52.893],[-7.9125,52.884],[-7.9325,52.8765],[-7.9395,52.8885],[-7.9565,52.894],[-7.9615,52.891],[-7.946,52.8805],[-7.945,52.8665],[-7.964,52.857],[-7.969,52.8485],[-7.9885,52.855],[-7.9945,52.865],[-7.9935,52.8735],[-7.9995,52.8815],[-8.0255,52.8905],[-8.0395,52.889],[-8.043,52.903],[-8.038,52.912],[-8.055,52.928],[-8.046,52.938],[-8.0395,52.9385],[-8.013,52.9285],[-7.993,52.931],[-7.986,52.9375],[-7.9855,52.9465],[-7.975,52.949],[-7.988,52.9655],[-7.9875,52.9725],[-8.008,52.984],[-8.003,52.9935],[-7.993,52.999],[-7.979,52.9975],[-7.9605,52.9925],[-7.95,52.9955],[-7.96,53.0065],[-7.9635,53.0165],[-7.9635,53.042],[-7.9545,53.0465],[-7.943,53.0435],[-7.9265,53.0685],[-7.9285,53.0785],[-7.9205,53.089],[-7.928,53.097],[-7.921,53.105],[-7.936,53.11],[-7.9405,53.118],[-7.9555,53.1255],[-7.974,53.129],[-7.9775,53.1345],[-7.9925,53.139],[-8.0015,53.1385],[-8.019,53.1475],[-8.0555,53.154],[-8.062,53.1595],[-8.0815,53.167],[-8.084,53.163],[-8.1265,53.159],[-8.16,53.135],[-8.175,53.1105],[-8.198,53.0845],[-8.2135,53.0785],[-8.2185,53.0675],[-8.2495,53.0635],[-8.268,53.0565],[-8.2685,53.0365],[-8.2785,53.0185],[-8.3015,53.0075],[-8.3165,52.985],[-8.31,52.977],[-8.2845,52.9725],[-8.29,52.9605],[-8.308,52.949],[-8.314,52.9355],[-8.3385,52.915],[-8.3675,52.9165],[-8.4075,52.9125],[-8.4185,52.8755],[-8.4245,52.868],[-8.4555,52.847],[-8.448,52.811],[-8.437,52.8065],[-8.4425,52.787],[-8.462,52.777],[-8.48,52.7575],[-8.4695,52.739],[-8.47,52.718],[-8.465,52.704],[-8.4485,52.6855],[-8.442,52.6865],[-8.428,52.678],[-8.407,52.69],[-8.3865,52.687],[-8.3845,52.6815],[-8.3665,52.683],[-8.3605,52.6795],[-8.3325,52.6885],[-8.3065,52.694],[-8.2855,52.6945],[-8.253,52.6825],[-8.2545,52.67],[-8.237,52.669],[-8.2285,52.6645],[-8.2155,52.671],[-8.188,52.6685],[-8.1975,52.654],[-8.195,52.6445],[-8.215,52.632],[-8.213,52.6225],[-8.219,52.6115],[-8.209,52.602],[-8.214,52.595],[-8.2335,52.586],[-8.237,52.581],[-8.2255,52.5745],[-8.234,52.5625],[-8.226,52.555],[-8.2325,52.5355],[-8.226,52.526],[-8.231,52.517],[-8.2405,52.5125],[-8.2565,52.511],[-8.256,52.517],[-8.2715,52.517],[-8.286,52.5215],[-8.29,52.514],[-8.304,52.509],[-8.311,52.5105],[-8.326,52.5055],[-8.315,52.493],[-8.324,52.481],[-8.338,52.487],[-8.3315,52.494],[-8.3385,52.4995],[-8.335,52.5105],[-8.3455,52.513],[-8.3615,52.5105],[-8.3725,52.4945],[-8.3915,52.4905],[-8.396,52.4835],[-8.3895,52.4725],[-8.406,52.4665],[-8.394,52.441],[-8.3865,52.433],[-8.378,52.4415],[-8.366,52.4455],[-8.3505,52.4335],[-8.3305,52.44],[-8.3135,52.4355],[-8.3095,52.42],[-8.295,52.42],[-8.284,52.4145],[-8.283,52.4015],[-8.2715,52.402],[-8.26,52.408],[-8.232,52.411],[-8.2265,52.404],[-8.2285,52.3855],[-8.2175,52.3785],[-8.2155,52.367],[-8.203,52.37],[-8.1925,52.364],[-8.168,52.368],[-8.1645,52.364],[-8.167,52.3445],[-8.1825,52.331],[-8.179,52.3235],[-8.1685,52.321],[-8.163,52.314],[-8.1655,52.3065],[-8.157,52.302],[-8.169,52.2915],[-8.183,52.2875],[-8.1765,52.2765],[-8.164,52.274],[-8.1695,52.2665],[-8.161,52.249],[-8.161,52.242],[-8.1515,52.2385],[-8.1135,52.2315],[-8.1035,52.231],[-8.107,52.2155],[-8.1045,52.2065],[-8.0795,52.206],[-8.0615,52.209],[-8.0325,52.207],[-8.022,52.2085],[-8.003,52.202],[-7.9905,52.212],[-7.997,52.225],[-7.989,52.243],[-7.98,52.238],[-7.972,52.2425],[-7.941,52.243],[-7.915,52.228],[-7.892,52.225],[-7.876,52.2275],[-7.857,52.224],[-7.8505,52.2275],[-7.8205,52.2215],[-7.8075,52.2125],[-7.798,52.2205],[-7.7855,52.2215],[-7.757,52.215],[-7.746,52.2165],[-7.7525,52.234],[-7.746,52.244],[-7.7485,52.2525],[-7.762,52.266],[-7.763,52.2715],[-7.7755,52.2725],[-7.7935,52.2915],[-7.7965,52.301],[-7.7905,52.3215],[-7.7935,52.328],[-7.7865,52.333],[-7.7895,52.3405],[-7.78,52.343],[-7.7525,52.341],[-7.7375,52.3475],[-7.717,52.35],[-7.7075,52.345],[-7.661,52.3595],[-7.6525,52.357],[-7.632,52.3585],[-7.6205,52.3625],[-7.596,52.364],[-7.571,52.3585],[-7.55,52.3615],[-7.516,52.359],[-7.5095,52.3555],[-7.4835,52.3515],[-7.4465,52.3495],[-7.437,52.348],[-7.437,52.3395],[-7.416,52.3415],[-7.394,52.335],[-7.377,52.3355],[-7.372,52.343]]]},"properties":{"COUNTY":"TIPPERARY"}},
{"type":"Feature","geometry":{"type":"Polygon","coordinates":[[[-8.585,53.954],[-8.5985,53.95],[-8.6075,53.955],[-8.641,53.963],[-8.6635,53.971],[-8.683,53.969],[-8.6895,53.96],[-8.676,53.9505],[-8.687,53.925],[-8.6855,53.919],[-8.668,53.912],[-8.6615,53.906],[-8.633,53.899],[-8.6365,53.8895],[-8.626,53.882],[-8.637,53.877],[-8.6355,53.8685],[-8.648,53.8655],[-8.6775,53.877],[-8.683,53.8735],[-8.7035,53.8745],[-8.6955,53.852],[-8.7215,53.8485],[-8.712,53.8305],[-8.723,53.8245],[-8.7155,53.817],[-8.728,53.815],[-8.733,53.8065],[-8.694,53.798],[-8.68,53.78],[-8.668,53.7755],[-8.684,53.766],[-8.68,53.753],[-8.6975,53.7355],[-8.6935,53.724],[-8.7145,53.7245],[-8.713,53.712],[-8.729,53.7065],[-8.7555,53.701],[-8.7595,53.691],[-8.776,53.688],[-8.791,53.696],[-8.8135,53.6695],[-8.8235,53.665],[-8.801,53.6575],[-8.786,53.6585],[-8.7775,53.665],[-8.74,53.663],[-8.729,53.671],[-8.7235,53.665],[-8.694,53.6715],[-8.6555,53.677],[-8.641,53.686],[-8.6455,53.694],[-8.6345,53.704],[-8.6125,53.705],[-8.6045,53.7105],[-8.581,53.7085],[-8.5735,53.719],[-8.559,53.716],[-8.551,53.7185],[-8.52,53.7125],[-8.488,53.716],[-8.4705,53.7155],[-8.4465,53.705],[-8.447,53.687],[-8.4355,53.683],[-8.437,53.6775],[-8.416,53.667],[-8.4025,53.666],[-8.393,53.661],[-8.371,53.655],[-8.3615,53.6485],[-8.3645,53.641],[-8.3775,53.6425],[-8.3935,53.64],[-8.3995,53.6295],[-8.381,53.618],[-8.3835,53.6055],[-8.3785,53.599],[-8.3675,53.601],[-8.354,53.599],[-8.3495,53.5915],[-8.3375,53.588],[-8.3425,53.5795],[-8.3335,53.577],[-8.308,53.578],[-8.2975,53.566],[-8.3055,53.561],[-8.2955,53.5545],[-8.2965,53.5425],[-8.2865,53.5385],[-8.2945,53.531],[-8.277,53.524],[-8.2915,53.518],[-8.293,53.5095],[-8.275,53.4945],[-8.281,53.49],[-8.2745,53.481],[-8.286,53.471],[-8.2665,53.4635],[-8.263,53.4565],[-8.238,53.445],[-8.2405,53.439],[-8.2595,53.4355],[-8.263,53.43],[-8.254,53.4125],[-8.238,53.4115],[-8.238,53.406],[-8.225,53.397],[-8.2345,53.3815],[-8.2465,53.3745],[-8.2325,53.3495],[-8.216,53.3465],[-8.2,53.348],[-8.187,53.3225],[-8.1905,53.313],[-8.188,53.302],[-8.174,53.2875],[-8.1535,53.2875],[-8.1475,53.28],[-8.1345,53.282],[-8.099,53.278],[-8.0755,53.2725],[-8.0555,53.274],[-8.045,53.2895],[-8.037,53.2915],[-8.0245,53.304],[-8.027,53.321],[-8.012,53.3245],[-8.0035,53.322],[-7.991,53.3275],[-7.983,53.3375],[-7.968,53.3355],[-7.942,53.3425],[-7.9435,53.35],[-7.937,53.358],[-7.9235,53.363],[-7.912,53.3685],[-7.914,53.379],[-7.93,53.4],[-7.9405,53.404],[-7.942,53.412],[-7.973,53.4225],[-7.956,53.431],[-7.961,53.444],[-7.967,53.4495],[-7.955,53.4815],[-7.97,53.5215],[-7.9805,53.552],[-8.015,53.581],[-8.036,53.6075],[-8.0345,53.6435],[-8.015,53.6625],[-8.0055,53.662],[-7.9835,53.6815],[-7.983,53.692],[-7.9875,53.6975],[-7.965,53.7115],[-7.9505,53.712],[-7.944,53.728],[-7.9435,53.739],[-7.93,53.733],[-7.918,53.738],[-7.9155,53.748],[-7.8895,53.7575],[-7.876,53.7775],[-7.881,53.7855],[-7.894,53.7865],[-7.9095,53.7945],[-7.911,53.8105],[-7.919,53.8215],[-7.9185,53.8375],[-7.9285,53.8505],[-7.9405,53.8475],[-7.9615,53.867],[-7.9765,53.8655],[-7.9815,53.884],[-7.9775,53.888],[-7.9935,53.904],[-7.9895,53.9155],[-7.9955,53.922],[-8.005,53.9195],[-8.013,53.9315],[-8.025,53.936],[-8.033,53.93],[-8.03,53.9225],[-8.049,53.9125],[-8.062,53.9095],[-8.073,53.9235],[-8.085,53.923],[-8.093,53.9315],[-8.0815,53.939],[-8.101,53.944],[-8.0995,53.948],[-8.1155,53.954],[-8.095,53.965],[-8.089,53.9765],[-8.074,53.979],[-8.07,53.989],[-8.078,53.9905],[-8.0775,54.0045],[-8.085,54.0105],[-8.091,54.026],[-8.091,54.035],[-8.075,54.0515],[-8.0605,54.058],[-8.0475,54.0715],[-8.057,54.0785],[-8.053,54.1045],[-8.071,54.1045],[-8.1055,54.109],[-8.111,54.1145],[-8.1265,54.12],[-8.1485,54.1245],[-8.1635,54.109],[-8.177,54.088],[-8.2175,54.0845],[-8.22,54.077],[-8.215,54.0685],[-8.2185,54.0615],[-8.239,54.0585],[-8.2395,54.0485],[-8.255,54.0505],[-8.2765,54.0465],[-8.2855,54.038],[-8.2945,54.045],[-8.307,54.03],[-8.306,54.0165],[-8.3155,54.005],[-8.3455,53.9995],[-8.366,54.0045],[-8.376,53.9995],[-8.3945,54.0005],[-8.401,53.9965],[-8.3845,53.9855],[-8.392,53.9655],[-8.4105,53.967],[-8.406,53.9565],[-8.361,53.948],[-8.347,53.951],[-8.334,53.9305],[-8.336,53.9265],[-8.366,53.9275],[-8.431,53.927],[-8.448,53.9255],[-8.451,53.9135],[-8.469,53.913],[-8.477,53.921],[-8.502,53.926],[-8.5195,53.9265],[-8.522,53.9445],[-8.537,53.9575],[-8.551,53.953],[-8.585,53.954]]]},"properties":{"COUNTY":"ROSCOMMON"}},
{"type":"Feature","geometry":{"type":"Polygon","coordinates":[[[-6.213,53.6335],[-6.2205,53.65],[-6.236,53.6755],[-6.244,53.702],[-6.247,53.7225],[-6.2575,53.7305],[-6.2695,53.732],[-6.2965,53.7205],[-6.323,53.7165],[-6.314,53.7065],[-6.331,53.707],[-6.355,53.7055],[-6.374,53.6985],[-6.381,53.7095],[-6.392,53.719],[-6.418,53.7255],[-6.4265,53.725],[-6.435,53.716],[-6.463,53.713],[-6.4815,53.7305],[-6.4695,53.739],[-6.4585,53.7515],[-6.447,53.758],[-6.4555,53.7665],[-6.469,53.77],[-6.516,53.7665],[-6.537,53.78],[-6.548,53.778],[-6.554,53.798],[-6.5705,53.797],[-6.5795,53.8025],[-6.582,53.828],[-6.5985,53.8395],[-6.5935,53.8515],[-6.602,53.8635],[-6.6265,53.88],[-6.657,53.8845],[-6.665,53.8915],[-6.679,53.893],[-6.684,53.8995],[-6.695,53.902],[-6.7145,53.9035],[-6.7275,53.9115],[-6.745,53.9125],[-6.762,53.9175],[-6.777,53.914],[-6.79,53.9],[-6.7855,53.89],[-6.8255,53.895],[-6.837,53.894],[-6.8465,53.8885],[-6.845,53.8785],[-6.862,53.8755],[-6.8965,53.881],[-6.9075,53.8875],[-6.924,53.893],[-6.9345,53.891],[-6.9305,53.872],[-6.966,53.861],[-6.9725,53.857],[-6.953,53.836],[-6.9175,53.817],[-6.913,53.809],[-6.922,53.8015],[-6.94,53.7985],[-6.942,53.7895],[-6.9515,53.7815],[-6.963,53.791],[-6.973,53.785],[-6.971,53.7775],[-6.9815,53.7725],[-6.9985,53.777],[-7.004,53.766],[-7.021,53.769],[-7.0385,53.777],[-7.0495,53.772],[-7.067,53.7725],[-7.081,53.7755],[-7.105,53.7765],[-7.1075,53.7895],[-7.1155,53.793],[-7.128,53.7905],[-7.1415,53.7995],[-7.152,53.801],[-7.1595,53.795],[-7.1715,53.796],[-7.185,53.789],[-7.194,53.795],[-7.2125,53.7855],[-7.2105,53.7805],[-7.229,53.7715],[-7.2405,53.778],[-7.254,53.774],[-7.2625,53.779],[-7.278,53.7815],[-7.28,53.7925],[-7.308,53.813],[-7.3435,53.799],[-7.336,53.788],[-7.3165,53.7885],[-7.3165,53.784],[-7.2925,53.7785],[-7.275,53.7635],[-7.2725,53.755],[-7.264,53.748],[-7.244,53.7425],[-7.23,53.734],[-7.2385,53.721],[-7.226,53.7035],[-7.2135,53.7025],[-7.186,53.692],[-7.147,53.6845],[-7.13,53.674],[-7.1205,53.683],[-7.11,53.67],[-7.074,53.648],[-7.065,53.6455],[-7.05,53.6595],[-7.029,53.6605],[-7.0235,53.672],[-7.0085,53.667],[-7.0035,53.6765],[-6.99,53.676],[-6.9805,53.671],[-6.973,53.658],[-6.964,53.656],[-6.96,53.6475],[-6.965,53.6315],[-6.976,53.6285],[-6.9885,53.6185],[-6.9805,53.6075],[-6.985,53.593],[-6.9955,53.589],[-6.9895,53.578],[-7.014,53.578],[-7.0315,53.567],[-7.0355,53.557],[-7.018,53.545],[-7.023,53.5225],[-7.0375,53.513],[-7.0355,53.5035],[-7.043,53.5005],[-7.065,53.497],[-7.062,53.487],[-7.067,53.4775],[-7.063,53.469],[-7.0825,53.4635],[-7.0905,53.4555],[-7.1235,53.446],[-7.1495,53.4505],[-7.158,53.44],[-7.186,53.434],[-7.192,53.4235],[-7.165,53.4135],[-7.142,53.403],[-7.144,53.397],[-7.1265,53.395],[-7.123,53.3915],[-7.0955,53.382],[-7.0815,53.382],[-7.0745,53.396],[-7.045,53.408],[-7.034,53.4095],[-7.0225,53.422],[-7.014,53.425],[-7.0095,53.4355],[-6.977,53.449],[-6.963,53.451],[-6.9465,53.442],[-6.9175,53.4495],[-6.915,53.4375],[-6.9035,53.4295],[-6.892,53.4265],[-6.8835,53.415],[-6.862,53.412],[-6.8475,53.404],[-6.8115,53.3985],[-6.8015,53.4105],[-6.7915,53.4185],[-6.7695,53.429],[-6.754,53.429],[-6.71,53.42],[-6.68,53.409],[-6.6695,53.408],[-6.662,53.3975],[-6.65,53.395],[-6.6095,53.3985],[-6.5935,53.396],[-6.573,53.389],[-6.5465,53.405],[-6.532,53.394],[-6.523,53.394],[-6.4935,53.3845],[-6.485,53.3905],[-6.46,53.3885],[-6.4395,53.4],[-6.441,53.4065],[-6.432,53.415],[-6.4215,53.417],[-6.4215,53.424],[-6.41,53.441],[-6.387,53.438],[-6.3775,53.4445],[-6.3545,53.447],[-6.355,53.4625],[-6.3485,53.4725],[-6.3315,53.486],[-6.3465,53.502],[-6.3675,53.5065],[-6.3665,53.515],[-6.3855,53.5225],[-6.4075,53.5265],[-6.418,53.534],[-6.42,53.5405],[-6.433,53.544],[-6.4285,53.559],[-6.414,53.5735],[-6.401,53.577],[-6.3805,53.5885],[-6.369,53.589],[-6.346,53.5795],[-6.3355,53.5725],[-6.3205,53.575],[-6.3015,53.588],[-6.2855,53.589],[-6.2725,53.5975],[-6.274,53.6125],[-6.268,53.624],[-6.256,53.6325],[-6.2415,53.6345],[-6.2255,53.6285],[-6.213,53.6335]]]},"properties":{"COUNTY":"MEATH"}},
{"type":"Feature","geometry":{"type":"Polygon","coordinates":[[[-6.4755,53.2345],[-6.493,53.2215],[-6.5085,53.2145],[-6.5,53.2025],[-6.518,53.189],[-6.5345,53.1905],[-6.55,53.1875],[-6.562,53.179],[-6.544,53.1695],[-6.5535,53.1575],[-6.5765,53.1495],[-6.574,53.13],[-6.5985,53.109],[-6.6105,53.102],[-6.6245,53.1045],[-6.6295,53.092],[-6.662,53.0885],[-6.668,53.0825],[-6.703,53.0725],[-6.7175,53.0715],[-6.733,53.065],[-6.7295,53.0595],[-6.7315,53.0465],[-6.757,53.025],[-6.7705,53.023],[-6.776,53.0135],[-6.766,53.0085],[-6.785,53.0005],[-6.792,52.992],[-6.787,52.977],[-6.779,52.978],[-6.7605,52.9585],[-6.7425,52.9485],[-6.7365,52.941],[-6.74,52.935],[-6.7305,52.9265],[-6.737,52.916],[-6.721,52.914],[-6.712,52.918],[-6.6855,52.904],[-6.673,52.9095],[-6.6565,52.9075],[-6.6455,52.899],[-6.634,52.9035],[-6.6105,52.8975],[-6.5915,52.8975],[-6.587,52.8795],[-6.5645,52.881],[-6.549,52.875],[-6.5345,52.89],[-6.5085,52.8805],[-6.508,52.868],[-6.529,52.865],[-6.5225,52.8375],[-6.5285,52.8315],[-6.5265,52.8235],[-6.565,52.815],[-6.561,52.811],[-6.5705,52.803],[-6.587,52.8035],[-6.6155,52.808],[-6.6275,52.818],[-6.6245,52.8225],[-6.6375,52.8295],[-6.6465,52.828],[-6.661,52.836],[-6.674,52.8285],[-6.668,52.8215],[-6.6725,52.8165],[-6.6955,52.8115],[-6.7025,52.8035],[-6.702,52.787],[-6.7125,52.7785],[-6.6925,52.776],[-6.6805,52.78],[-6.6675,52.7705],[-6.6565,52.769],[-6.6465,52.755],[-6.6545,52.746],[-6.6345,52.7325],[-6.6185,52.713],[-6.62,52.7085],[-6.6105,52.713],[-6.599,52.7105],[-6.5975,52.702],[-6.5745,52.705],[-6.5705,52.701],[-6.57,52.6845],[-6.536,52.683],[-6.4975,52.6905],[-6.472,52.7095],[-6.473,52.7145],[-6.461,52.7185],[-6.4325,52.735],[-6.4325,52.7545],[-6.417,52.7555],[-6.4125,52.7785],[-6.3955,52.7885],[-6.388,52.785],[-6.3685,52.7955],[-6.3395,52.79],[-6.3345,52.796],[-6.3175,52.7975],[-6.303,52.784],[-6.292,52.782],[-6.2745,52.7915],[-6.261,52.795],[-6.243,52.7785],[-6.2265,52.7785],[-6.22,52.7725],[-6.2085,52.7765],[-6.198,52.768],[-6.184,52.7695],[-6.168,52.7665],[-6.176,52.7555],[-6.1745,52.748],[-6.1635,52.7405],[-6.145,52.7375],[-6.1465,52.7435],[-6.138,52.758],[-6.145,52.766],[-6.1425,52.778],[-6.146,52.7835],[-6.1385,52.7925],[-6.139,52.802],[-6.1205,52.8155],[-6.1095,52.8345],[-6.0955,52.8435],[-6.057,52.859],[-6.063,52.871],[-6.0515,52.891],[-6.0385,52.9015],[-6.0385,52.9135],[-6.021,52.9255],[-6.0145,52.9435],[-6.015,52.952],[-5.999,52.9645],[-6.008,52.973],[-6.038,52.9815],[-6.047,52.993],[-6.05,53.0075],[-6.0475,53.0345],[-6.0345,53.07],[-6.042,53.12],[-6.076,53.1635],[-6.076,53.188],[-6.096,53.201],[-6.103,53.211],[-6.126,53.2075],[-6.137,53.199],[-6.1475,53.2035],[-6.162,53.2025],[-6.1825,53.221],[-6.2245,53.211],[-6.2275,53.2055],[-6.2395,53.202],[-6.2595,53.205],[-6.276,53.211],[-6.2915,53.2215],[-6.311,53.222],[-6.308,53.2125],[-6.312,53.1945],[-6.332,53.178],[-6.3475,53.181],[-6.3745,53.1925],[-6.3685,53.214],[-6.376,53.216],[-6.395,53.213],[-6.4105,53.2165],[-6.4195,53.231],[-6.4555,53.231],[-6.46,53.2255],[-6.4755,53.2345]]]},"properties":{"COUNTY":"WICKLOW"}},
{"type":"Feature","geometry":{"type":"Polygon","coordinates":[[[-6.762,53.9175],[-6.7775,53.928],[-6.783,53.926],[-6.8115,53.9315],[-6.828,53.933],[-6.836,53.942],[-6.8445,53.9595],[-6.8545,53.9635],[-6.8645,53.988],[-6.88,53.9925],[-6.8755,53.998],[-6.891,54.0035],[-6.9105,54.0155],[-6.924,54.013],[-6.935,54.019],[-6.9395,54.0335],[-6.956,54.0435],[-6.9825,54.052],[-6.9865,54.062],[-7.002,54.0645],[-7.015,54.0785],[-7.0235,54.078],[-7.0295,54.0865],[-7.014,54.0925],[-7.0175,54.0985],[-7.035,54.097],[-7.051,54.0995],[-7.0545,54.0935],[-7.0785,54.0885],[-7.087,54.082],[-7.101,54.094],[-7.118,54.0955],[-7.15,54.082],[-7.1665,54.0895],[-7.177,54.088],[-7.198,54.096],[-7.202,54.0925],[-7.2235,54.1025],[-7.246,54.0925],[-7.2935,54.108],[-7.3075,54.1095],[-7.314,54.1055],[-7.32,54.1135],[-7.32,54.114],[-7.3215,54.115],[-7.3215,54.1165],[-7.322,54.1175],[-7.3235,54.1175],[-7.3245,54.118],[-7.327,54.1245],[-7.335,54.117],[-7.3375,54.1165],[-7.3405,54.118],[-7.3425,54.116],[-7.344,54.116],[-7.346,54.1165],[-7.3475,54.117],[-7.3475,54.118],[-7.347,54.119],[-7.3465,54.1205],[-7.346,54.122],[-7.3465,54.1225],[-7.3475,54.123],[-7.348,54.123],[-7.349,54.1235],[-7.3495,54.124],[-7.3515,54.124],[-7.3545,54.126],[-7.355,54.127],[-7.3565,54.1275],[-7.358,54.1285],[-7.3605,54.13],[-7.363,54.1315],[-7.3695,54.131],[-7.392,54.12],[-7.3915,54.128],[-7.386,54.1315],[-7.3845,54.133],[-7.382,54.135],[-7.375,54.137],[-7.3725,54.1385],[-7.3725,54.139],[-7.373,54.1395],[-7.3735,54.1405],[-7.3745,54.1415],[-7.3755,54.142],[-7.3765,54.142],[-7.3835,54.1415],[-7.3875,54.1375],[-7.3895,54.137],[-7.3915,54.1365],[-7.3925,54.137],[-7.394,54.1375],[-7.3955,54.1385],[-7.4,54.141],[-7.401,54.141],[-7.403,54.141],[-7.4105,54.1395],[-7.413,54.139],[-7.4175,54.137],[-7.419,54.1365],[-7.4205,54.137],[-7.4215,54.1375],[-7.4255,54.1405],[-7.421,54.1445],[-7.415,54.1465],[-7.4125,54.148],[-7.409,54.156],[-7.4425,54.154],[-7.452,54.1475],[-7.4525,54.146],[-7.453,54.145],[-7.454,54.1445],[-7.457,54.1435],[-7.46,54.143],[-7.462,54.142],[-7.463,54.1415],[-7.4635,54.1415],[-7.466,54.142],[-7.4665,54.142],[-7.467,54.141],[-7.468,54.141],[-7.4685,54.1405],[-7.468,54.1385],[-7.4665,54.137],[-7.4665,54.136],[-7.467,54.1355],[-7.467,54.1345],[-7.467,54.134],[-7.47,54.1335],[-7.471,54.1335],[-7.4715,54.1335],[-7.472,54.132],[-7.4725,54.131],[-7.4725,54.1295],[-7.4715,54.127],[-7.472,54.1265],[-7.4725,54.126],[-7.476,54.125],[-7.4765,54.124],[-7.4785,54.1225],[-7.4805,54.122],[-7.485,54.1235],[-7.491,54.123],[-7.492,54.123],[-7.4925,54.1235],[-7.493,54.1245],[-7.495,54.1255],[-7.4955,54.126],[-7.496,54.126],[-7.499,54.126],[-7.501,54.1265],[-7.502,54.1265],[-7.503,54.1265],[-7.506,54.128],[-7.507,54.129],[-7.5085,54.1295],[-7.5095,54.13],[-7.516,54.1305],[-7.518,54.1305],[-7.519,54.1295],[-7.52,54.13],[-7.5205,54.1305],[-7.5215,54.131],[-7.5315,54.133],[-7.5465,54.127],[-7.5655,54.1265],[-7.569,54.133],[-7.571,54.133],[-7.572,54.133],[-7.574,54.133],[-7.575,54.1335],[-7.5755,54.1345],[-7.5755,54.1365],[-7.5755,54.138],[-7.574,54.14],[-7.5735,54.141],[-7.5745,54.1415],[-7.583,54.1425],[-7.5845,54.1415],[-7.5865,54.1415],[-7.589,54.1405],[-7.5905,54.14],[-7.592,54.14],[-7.6105,54.144],[-7.6255,54.153],[-7.6265,54.161],[-7.626,54.1635],[-7.6255,54.1645],[-7.6255,54.1655],[-7.6265,54.1665],[-7.6265,54.167],[-7.628,54.168],[-7.628,54.169],[-7.6295,54.17],[-7.634,54.1715],[-7.6365,54.172],[-7.6385,54.173],[-7.64,54.1735],[-7.6405,54.174],[-7.6455,54.176],[-7.6455,54.177],[-7.646,54.1775],[-7.6475,54.178],[-7.648,54.1785],[-7.65,54.1805],[-7.6515,54.181],[-7.6525,54.1815],[-7.6535,54.182],[-7.656,54.1855],[-7.6575,54.186],[-7.6605,54.187],[-7.6645,54.188],[-7.6655,54.1875],[-7.667,54.187],[-7.6675,54.1855],[-7.668,54.185],[-7.6685,54.184],[-7.672,54.1815],[-7.6735,54.181],[-7.6765,54.182],[-7.68,54.1895],[-7.679,54.1905],[-7.679,54.1915],[-7.6795,54.1915],[-7.6795,54.1925],[-7.688,54.204],[-7.702,54.208],[-7.704,54.2065],[-7.71,54.203],[-7.7115,54.2035],[-7.714,54.204],[-7.7165,54.2045],[-7.724,54.2035],[-7.7285,54.2045],[-7.7305,54.2045],[-7.7315,54.205],[-7.7325,54.2045],[-7.7395,54.2035],[-7.742,54.204],[-7.743,54.204],[-7.7445,54.2045],[-7.7455,54.2055],[-7.7465,54.206],[-7.7485,54.2095],[-7.75,54.2095],[-7.753,54.2095],[-7.7545,54.21],[-7.756,54.2095],[-7.7575,54.209],[-7.7585,54.2085],[-7.76,54.2085],[-7.761,54.2085],[-7.762,54.208],[-7.7625,54.2075],[-7.765,54.2075],[-7.7685,54.2075],[-7.7685,54.208],[-7.768,54.2085],[-7.768,54.2095],[-7.7685,54.2095],[-7.769,54.2085],[-7.771,54.2075],[-7.773,54.207],[-7.7755,54.2085],[-7.7825,54.2075],[-7.789,54.2075],[-7.79,54.2075],[-7.791,54.2075],[-7.8,54.207],[-7.8035,54.207],[-7.8115,54.201],[-7.8395,54.2095],[-7.851,54.2145],[-7.8555,54.216],[-7.8565,54.216],[-7.86,54.2175],[-7.862,54.2185],[-7.859,54.2435],[-7.862,54.2525],[-7.862,54.255],[-7.8615,54.256],[-7.8615,54.2575],[-7.861,54.259],[-7.8605,54.26],[-7.8605,54.2605],[-7.861,54.2605],[-7.8725,54.266],[-7.87,54.284],[-7.8705,54.288],[-7.8675,54.289],[-7.8665,54.2885],[-7.8655,54.2885],[-7.8645,54.289],[-7.8635,54.2895],[-7.862,54.2935],[-7.8705,54.2935],[-7.873,54.294],[-7.8745,54.2945],[-7.8755,54.2945],[-7.876,54.2935],[-7.8775,54.293],[-7.8795,54.2925],[-7.8805,54.292],[-7.8815,54.2925],[-7.884,54.295],[-7.8845,54.296],[-7.884,54.2965],[-7.8855,54.2975],[-7.888,54.3005],[-7.9,54.3015],[-7.9015,54.3015],[-7.906,54.2965],[-7.911,54.296],[-7.915,54.297],[-7.9185,54.303],[-7.926,54.3045],[-7.9305,54.3035],[-7.9465,54.3045],[-7.9515,54.3],[-7.9545,54.2965],[-7.9725,54.2845],[-7.9745,54.2735],[-7.9915,54.2575],[-8.01,54.2485],[-8.041,54.254],[-8.058,54.236],[-8.052,54.2335],[-8.033,54.211],[-8.047,54.202],[-8.048,54.187],[-8.0425,54.1835],[-8.028,54.19],[-8.0215,54.188],[-8.006,54.1925],[-8,54.1855],[-7.9845,54.179],[-7.969,54.177],[-7.953,54.179],[-7.9445,54.171],[-7.9265,54.167],[-7.911,54.154],[-7.8885,54.142],[-7.892,54.137],[-7.8755,54.1245],[-7.8615,54.1225],[-7.851,54.1175],[-7.8575,54.1125],[-7.8225,54.0965],[-7.817,54.105],[-7.8,54.116],[-7.7885,54.1085],[-7.7565,54.1065],[-7.751,54.0955],[-7.738,54.0945],[-7.7365,54.083],[-7.7085,54.084],[-7.6985,54.0725],[-7.6915,54.07],[-7.685,54.06],[-7.6575,54.0565],[-7.655,54.043],[-7.638,54.043],[-7.6465,54.033],[-7.6405,54.0225],[-7.619,54.0185],[-7.614,54.0255],[-7.6015,54.0235],[-7.601,54.0125],[-7.5935,53.9975],[-7.5995,53.9855],[-7.585,53.981],[-7.5855,53.9725],[-7.594,53.9665],[-7.5875,53.9575],[-7.6035,53.9505],[-7.6105,53.9385],[-7.596,53.9285],[-7.5935,53.921],[-7.5835,53.9145],[-7.5855,53.9085],[-7.5575,53.904],[-7.5555,53.8905],[-7.5585,53.8775],[-7.572,53.88],[-7.5765,53.865],[-7.585,53.857],[-7.571,53.8545],[-7.5435,53.8535],[-7.528,53.8635],[-7.515,53.857],[-7.4945,53.8605],[-7.4875,53.8525],[-7.477,53.8535],[-7.466,53.8235],[-7.4695,53.8105],[-7.4565,53.8025],[-7.4115,53.79],[-7.41,53.779],[-7.398,53.779],[-7.378,53.7845],[-7.3435,53.799],[-7.308,53.813],[-7.28,53.7925],[-7.278,53.7815],[-7.2625,53.779],[-7.254,53.774],[-7.2405,53.778],[-7.229,53.7715],[-7.2105,53.7805],[-7.2125,53.7855],[-7.194,53.795],[-7.185,53.789],[-7.1715,53.796],[-7.1595,53.795],[-7.152,53.801],[-7.1415,53.7995],[-7.128,53.7905],[-7.1155,53.793],[-7.1075,53.7895],[-7.105,53.7765],[-7.081,53.7755],[-7.067,53.7725],[-7.0495,53.772],[-7.0385,53.777],[-7.021,53.769],[-7.004,53.766],[-6.9985,53.777],[-6.9815,53.7725],[-6.971,53.7775],[-6.973,53.785],[-6.963,53.791],[-6.9515,53.7815],[-6.942,53.7895],[-6.94,53.7985],[-6.922,53.8015],[-6.913,53.809],[-6.9175,53.817],[-6.953,53.836],[-6.9725,53.857],[-6.966,53.861],[-6.9305,53.872],[-6.9345,53.891],[-6.924,53.893],[-6.9075,53.8875],[-6.8965,53.881],[-6.862,53.8755],[-6.845,53.8785],[-6.8465,53.8885],[-6.837,53.894],[-6.8255,53.895],[-6.7855,53.89],[-6.79,53.9],[-6.777,53.914],[-6.762,53.9175]]]},"properties":{"COUNTY":"CAVAN"}},
{"type":"Feature","geometry":{"type":"MultiPolygon","coordinates":[[[[-9.399,51.476],[-9.403,51.491],[-9.4155,51.487],[-9.414,51.479],[-9.424,51.4655],[-9.439,51.462],[-9.436,51.453],[-9.424,51.4555],[-9.3995,51.4695],[-9.399,51.476]]],[[[-10.199,51.5925],[-10.1785,51.596],[-10.1575,51.6055],[-10.1635,51.612],[-10.186,51.609],[-10.2075,51.603],[-10.2175,51.594],[-10.238,51.5835],[-10.231,51.5805],[-10.199,51.5925]]],[[[-9.507,51.694],[-9.5255,51.686],[-9.505,51.6815],[-9.4955,51.6835],[-9.4805,51.6985],[-9.4875,51.701],[-9.507,51.694]]],[[[-8.1045,52.2065],[-8.107,52.2155],[-8.1035,52.231],[-8.1135,52.2315],[-8.1515,52.2385],[-8.161,52.242],[-8.161,52.249],[-8.1695,52.2665],[-8.164,52.274],[-8.1765,52.2765],[-8.183,52.2875],[-8.1955,52.287],[-8.2065,52.2945],[-8.2285,52.2965],[-8.2505,52.2965],[-8.2845,52.287],[-8.2975,52.295],[-8.299,52.302],[-8.31,52.315],[-8.3125,52.322],[-8.3305,52.3195],[-8.341,52.3295],[-8.3625,52.32],[-8.3635,52.309],[-8.3815,52.3045],[-8.3865,52.2945],[-8.4255,52.2935],[-8.4455,52.2915],[-8.4535,52.2875],[-8.4905,52.2845],[-8.5035,52.281],[-8.5345,52.286],[-8.5475,52.2925],[-8.5585,52.3075],[-8.5795,52.31],[-8.605,52.323],[-8.6055,52.333],[-8.6245,52.3445],[-8.6615,52.3515],[-8.6735,52.368],[-8.674,52.3835],[-8.694,52.378],[-8.7085,52.378],[-8.724,52.371],[-8.735,52.371],[-8.75,52.3795],[-8.781,52.3845],[-8.793,52.3715],[-8.7995,52.387],[-8.8205,52.384],[-8.829,52.3705],[-8.846,52.3715],[-8.852,52.3585],[-8.877,52.3505],[-8.8815,52.3395],[-8.8945,52.331],[-8.9105,52.3245],[-8.918,52.325],[-8.9625,52.319],[-8.9865,52.3105],[-8.9765,52.294],[-8.9865,52.292],[-9.008,52.3095],[-9.034,52.3225],[-9.046,52.321],[-9.075,52.331],[-9.1125,52.3335],[-9.137,52.344],[-9.14,52.333],[-9.151,52.331],[-9.1585,52.322],[-9.1755,52.319],[-9.1745,52.312],[-9.21,52.3065],[-9.2175,52.298],[-9.211,52.29],[-9.2155,52.2825],[-9.2435,52.2795],[-9.25,52.2755],[-9.247,52.268],[-9.252,52.2625],[-9.274,52.2545],[-9.2705,52.2495],[-9.276,52.2295],[-9.2515,52.206],[-9.243,52.1805],[-9.2315,52.177],[-9.24,52.146],[-9.229,52.134],[-9.226,52.1195],[-9.208,52.1055],[-9.211,52.0995],[-9.2045,52.088],[-9.1865,52.079],[-9.208,52.0725],[-9.2175,52.062],[-9.221,52.048],[-9.2115,52.0235],[-9.184,52.027],[-9.179,52.0145],[-9.1605,52.006],[-9.132,52.0055],[-9.1195,51.996],[-9.138,51.9825],[-9.1565,51.986],[-9.1645,51.983],[-9.195,51.9825],[-9.2135,51.975],[-9.237,51.9705],[-9.2555,51.9695],[-9.262,51.96],[-9.281,51.9555],[-9.3035,51.946],[-9.3075,51.942],[-9.3015,51.933],[-9.302,51.924],[-9.286,51.9145],[-9.289,51.903],[-9.279,51.894],[-9.285,51.885],[-9.3015,51.879],[-9.3055,51.8655],[-9.3245,51.857],[-9.33,51.8465],[-9.349,51.8435],[-9.3565,51.8365],[-9.3885,51.8365],[-9.3995,51.8285],[-9.438,51.8235],[-9.446,51.8075],[-9.4435,51.8025],[-9.4635,51.798],[-9.481,51.7895],[-9.499,51.79],[-9.525,51.787],[-9.54,51.7905],[-9.555,51.7875],[-9.5665,51.7895],[-9.581,51.784],[-9.5995,51.788],[-9.623,51.7855],[-9.6505,51.765],[-9.657,51.764],[-9.6645,51.75],[-9.6925,51.7425],[-9.7075,51.744],[-9.724,51.74],[-9.7305,51.733],[-9.7605,51.7195],[-9.761,51.7115],[-9.782,51.7015],[-9.7915,51.6925],[-9.809,51.692],[-9.8215,51.6885],[-9.8335,51.6945],[-9.8265,51.7005],[-9.824,51.7175],[-9.8435,51.7225],[-9.8335,51.733],[-9.8505,51.743],[-9.8565,51.7515],[-9.8665,51.7475],[-9.8835,51.748],[-9.878,51.7585],[-9.886,51.763],[-9.9025,51.755],[-9.906,51.75],[-9.927,51.7445],[-9.9305,51.74],[-9.9545,51.7395],[-9.973,51.7355],[-10.0025,51.72],[-10,51.714],[-9.986,51.7155],[-9.98,51.712],[-9.95,51.716],[-9.9705,51.696],[-9.9725,51.685],[-10.0005,51.683],[-10.009,51.6735],[-10.0175,51.6725],[-10.0295,51.678],[-10.054,51.669],[-10.068,51.6735],[-10.09,51.6745],[-10.102,51.6675],[-10.1005,51.6595],[-10.085,51.66],[-10.07,51.652],[-10.0555,51.6505],[-10.0675,51.633],[-10.062,51.625],[-10.0765,51.62],[-10.0885,51.624],[-10.098,51.6185],[-10.1305,51.613],[-10.141,51.621],[-10.156,51.6095],[-10.1425,51.6065],[-10.1415,51.594],[-10.125,51.5965],[-10.117,51.602],[-10.0825,51.5995],[-10.0735,51.6035],[-10.055,51.6035],[-10.0475,51.591],[-10.0385,51.589],[-10.028,51.5955],[-10.0065,51.599],[-9.986,51.611],[-9.9665,51.6185],[-9.9635,51.615],[-9.934,51.6155],[-9.924,51.6235],[-9.9295,51.628],[-9.9265,51.6395],[-9.915,51.638],[-9.903,51.651],[-9.8835,51.6495],[-9.869,51.654],[-9.852,51.6535],[-9.839,51.6585],[-9.82,51.658],[-9.814,51.6545],[-9.791,51.6605],[-9.7785,51.659],[-9.763,51.6625],[-9.7545,51.667],[-9.724,51.6735],[-9.7335,51.6885],[-9.722,51.6915],[-9.716,51.6845],[-9.718,51.6765],[-9.7005,51.679],[-9.674,51.6765],[-9.663,51.673],[-9.639,51.6765],[-9.623,51.681],[-9.6145,51.6885],[-9.596,51.6935],[-9.587,51.6995],[-9.5795,51.71],[-9.57,51.7055],[-9.5595,51.713],[-9.55,51.7125],[-9.5435,51.7245],[-9.556,51.7345],[-9.5415,51.752],[-9.5275,51.745],[-9.531,51.7315],[-9.503,51.724],[-9.502,51.7165],[-9.489,51.7145],[-9.4775,51.717],[-9.4565,51.729],[-9.45,51.715],[-9.4595,51.681],[-9.4715,51.677],[-9.4885,51.678],[-9.4935,51.6725],[-9.5085,51.669],[-9.509,51.6635],[-9.5225,51.6595],[-9.564,51.653],[-9.5815,51.6455],[-9.6015,51.6415],[-9.613,51.636],[-9.6405,51.6285],[-9.667,51.625],[-9.6915,51.6135],[-9.716,51.605],[-9.7195,51.601],[-9.7515,51.5925],[-9.767,51.585],[-9.785,51.5795],[-9.7895,51.569],[-9.8055,51.5635],[-9.813,51.558],[-9.8355,51.5505],[-9.844,51.545],[-9.837,51.5405],[-9.8055,51.544],[-9.794,51.551],[-9.7725,51.552],[-9.7605,51.559],[-9.7515,51.559],[-9.7255,51.5695],[-9.696,51.5735],[-9.6905,51.58],[-9.654,51.584],[-9.6375,51.5935],[-9.622,51.5975],[-9.6045,51.606],[-9.57,51.613],[-9.5585,51.6095],[-9.5485,51.6175],[-9.5365,51.612],[-9.5395,51.605],[-9.554,51.602],[-9.5605,51.605],[-9.583,51.597],[-9.5855,51.5895],[-9.6035,51.582],[-9.62,51.5785],[-9.6245,51.57],[-9.647,51.5645],[-9.652,51.552],[-9.692,51.53],[-9.7225,51.525],[-9.748,51.5235],[-9.773,51.512],[-9.7745,51.5065],[-9.794,51.496],[-9.806,51.494],[-9.8335,51.4845],[-9.831,51.479],[-9.8085,51.474],[-9.815,51.4675],[-9.8175,51.456],[-9.809,51.4485],[-9.7965,51.45],[-9.786,51.457],[-9.779,51.471],[-9.7705,51.4635],[-9.7705,51.4545],[-9.7635,51.4495],[-9.745,51.462],[-9.739,51.4705],[-9.7235,51.4755],[-9.711,51.4745],[-9.7045,51.479],[-9.7055,51.4925],[-9.6805,51.504],[-9.657,51.507],[-9.6565,51.514],[-9.6475,51.5165],[-9.636,51.5045],[-9.616,51.4925],[-9.6045,51.4925],[-9.586,51.4965],[-9.585,51.5035],[-9.574,51.5035],[-9.548,51.509],[-9.5425,51.512],[-9.5445,51.5255],[-9.5255,51.529],[-9.527,51.5175],[-9.5045,51.5175],[-9.4905,51.5235],[-9.4645,51.524],[-9.446,51.5295],[-9.433,51.5505],[-9.4145,51.5525],[-9.4135,51.54],[-9.3955,51.5485],[-9.392,51.544],[-9.4065,51.522],[-9.4275,51.5125],[-9.4245,51.5055],[-9.3975,51.491],[-9.3715,51.4855],[-9.3845,51.4795],[-9.381,51.47],[-9.3745,51.469],[-9.3385,51.473],[-9.3205,51.4785],[-9.3075,51.4865],[-9.299,51.4875],[-9.2935,51.4955],[-9.2775,51.4935],[-9.262,51.4875],[-9.25,51.492],[-9.233,51.493],[-9.2425,51.4835],[-9.226,51.482],[-9.2105,51.4865],[-9.2165,51.498],[-9.205,51.508],[-9.1935,51.5065],[-9.1855,51.5165],[-9.172,51.521],[-9.1555,51.5205],[-9.1365,51.525],[-9.129,51.5335],[-9.1115,51.538],[-9.119,51.548],[-9.107,51.555],[-9.085,51.546],[-9.058,51.553],[-9.0345,51.5535],[-9.023,51.561],[-9.0165,51.5585],[-9.002,51.567],[-8.9855,51.5605],[-8.9675,51.5575],[-8.955,51.551],[-8.9525,51.535],[-8.9455,51.535],[-8.9405,51.546],[-8.9255,51.547],[-8.9245,51.5405],[-8.899,51.5465],[-8.89,51.5515],[-8.896,51.5635],[-8.8935,51.5695],[-8.869,51.577],[-8.867,51.592],[-8.8945,51.5965],[-8.8925,51.604],[-8.8705,51.595],[-8.849,51.6005],[-8.848,51.595],[-8.833,51.593],[-8.8105,51.594],[-8.7825,51.5875],[-8.7765,51.582],[-8.754,51.589],[-8.7525,51.5785],[-8.7355,51.572],[-8.7295,51.5745],[-8.713,51.5695],[-8.6985,51.5785],[-8.7055,51.59],[-8.6995,51.599],[-8.692,51.6005],[-8.6915,51.61],[-8.702,51.6185],[-8.688,51.627],[-8.683,51.6365],[-8.7105,51.636],[-8.6995,51.6465],[-8.6805,51.6445],[-8.67,51.652],[-8.6595,51.6345],[-8.617,51.6375],[-8.61,51.6405],[-8.582,51.6445],[-8.5635,51.6385],[-8.5595,51.624],[-8.549,51.6225],[-8.5405,51.6315],[-8.55,51.646],[-8.5305,51.657],[-8.5235,51.677],[-8.5025,51.6855],[-8.5135,51.695],[-8.5165,51.704],[-8.5,51.7],[-8.492,51.685],[-8.4965,51.6775],[-8.477,51.6755],[-8.47,51.681],[-8.4575,51.683],[-8.4565,51.6945],[-8.4705,51.709],[-8.4635,51.71],[-8.456,51.698],[-8.444,51.7045],[-8.4395,51.6855],[-8.425,51.6925],[-8.4235,51.7015],[-8.411,51.7045],[-8.393,51.702],[-8.385,51.714],[-8.365,51.7165],[-8.343,51.7155],[-8.3375,51.728],[-8.33,51.7345],[-8.312,51.732],[-8.31,51.742],[-8.297,51.756],[-8.2975,51.768],[-8.321,51.7715],[-8.2935,51.7795],[-8.2735,51.798],[-8.278,51.81],[-8.3265,51.801],[-8.35,51.8095],[-8.361,51.8095],[-8.3595,51.8185],[-8.3455,51.813],[-8.329,51.803],[-8.31,51.8125],[-8.3095,51.82],[-8.2995,51.826],[-8.3,51.834],[-8.3285,51.8335],[-8.3395,51.842],[-8.3265,51.8505],[-8.32,51.844],[-8.293,51.85],[-8.2565,51.8565],[-8.191,51.859],[-8.195,51.846],[-8.2215,51.8425],[-8.235,51.8325],[-8.2345,51.824],[-8.25,51.824],[-8.2635,51.8165],[-8.2515,51.8085],[-8.252,51.7945],[-8.2185,51.795],[-8.2075,51.7925],[-8.179,51.7955],[-8.173,51.7845],[-8.1565,51.789],[-8.1355,51.804],[-8.112,51.808],[-8.0615,51.809],[-8.0505,51.814],[-8.039,51.815],[-8.002,51.8255],[-8.019,51.8325],[-8.0195,51.8455],[-7.997,51.86],[-7.964,51.8695],[-7.9165,51.8725],[-7.8885,51.8785],[-7.8715,51.8775],[-7.8645,51.884],[-7.8895,51.895],[-7.9045,51.8955],[-7.906,51.906],[-7.879,51.9165],[-7.8615,51.9335],[-7.843,51.9405],[-7.842,51.954],[-7.847,51.972],[-7.86,51.976],[-7.878,51.9745],[-7.899,51.976],[-7.91,51.974],[-7.921,51.981],[-7.9305,52.003],[-7.9275,52.008],[-7.938,52.014],[-7.958,52.019],[-7.9615,52.0265],[-7.957,52.036],[-7.9865,52.0345],[-8.0025,52.0485],[-8.0225,52.0565],[-8.0215,52.066],[-8.0135,52.074],[-8.0165,52.082],[-8.029,52.0975],[-8.0375,52.1035],[-8.046,52.115],[-8.0705,52.117],[-8.0715,52.1255],[-8.0605,52.1325],[-8.0725,52.1435],[-8.085,52.139],[-8.111,52.145],[-8.143,52.141],[-8.1625,52.141],[-8.1525,52.149],[-8.1575,52.155],[-8.1545,52.165],[-8.137,52.164],[-8.1285,52.175],[-8.12,52.1955],[-8.124,52.2005],[-8.1045,52.2065]]],[[[-9.8155,51.6305],[-9.797,51.632],[-9.8015,51.6445],[-9.824,51.637],[-9.8365,51.6445],[-9.854,51.6415],[-9.9025,51.638],[-9.919,51.624],[-9.9095,51.6145],[-9.8875,51.6175],[-9.865,51.617],[-9.8425,51.624],[-9.835,51.6205],[-9.8195,51.6255],[-9.8155,51.6305]]],[[[-9.4805,51.452],[-9.5155,51.437],[-9.523,51.4285],[-9.519,51.4215],[-9.501,51.43],[-9.498,51.4265],[-9.4795,51.434],[-9.4645,51.445],[-9.4635,51.4525],[-9.4805,51.452]]]]},"properties":{"COUNTY":"CORK"}},
{"type":"Feature","geometry":{"type":"MultiPolygon","coordinates":[[[[-9.0545,53.165],[-9.0665,53.1685],[-9.0865,53.164],[-9.072,53.158],[-9.0545,53.165]]],[[[-8.48,52.7575],[-8.462,52.777],[-8.4425,52.787],[-8.437,52.8065],[-8.448,52.811],[-8.4555,52.847],[-8.4245,52.868],[-8.4185,52.8755],[-8.4075,52.9125],[-8.3675,52.9165],[-8.3385,52.915],[-8.314,52.9355],[-8.308,52.949],[-8.29,52.9605],[-8.2845,52.9725],[-8.31,52.977],[-8.3165,52.985],[-8.339,52.9875],[-8.3455,52.985],[-8.359,52.9715],[-8.3805,52.9825],[-8.399,52.9845],[-8.4075,52.994],[-8.419,52.993],[-8.424,52.9835],[-8.45,52.9725],[-8.461,52.982],[-8.485,52.989],[-8.5025,52.983],[-8.51,52.9985],[-8.5085,53.0065],[-8.524,53.0115],[-8.529,53.0235],[-8.5515,53.0225],[-8.56,53.031],[-8.5545,53.042],[-8.592,53.04],[-8.6265,53.034],[-8.6345,53.0415],[-8.6435,53.0395],[-8.667,53.039],[-8.6795,53.0365],[-8.694,53.0265],[-8.7195,53.0255],[-8.737,53.006],[-8.7645,52.9915],[-8.7785,52.9875],[-8.784,52.973],[-8.805,52.9795],[-8.8095,52.975],[-8.8465,52.9835],[-8.8605,52.979],[-8.873,52.98],[-8.8825,52.9765],[-8.899,53.008],[-8.8835,53.0165],[-8.8925,53.0305],[-8.9,53.0335],[-8.901,53.0475],[-8.8905,53.056],[-8.8915,53.0605],[-8.907,53.0665],[-8.92,53.066],[-8.933,53.078],[-8.9565,53.087],[-8.9705,53.0865],[-8.975,53.0925],[-8.993,53.0945],[-9.011,53.103],[-9.0195,53.1105],[-9.028,53.1305],[-9.026,53.14],[-9.0095,53.141],[-9.032,53.146],[-9.0535,53.157],[-9.0725,53.156],[-9.0935,53.159],[-9.1145,53.1575],[-9.1225,53.151],[-9.095,53.1475],[-9.087,53.1375],[-9.111,53.1405],[-9.121,53.1365],[-9.139,53.1205],[-9.153,53.119],[-9.179,53.128],[-9.1915,53.1365],[-9.221,53.1395],[-9.2435,53.15],[-9.265,53.1545],[-9.282,53.1445],[-9.2915,53.133],[-9.2885,53.119],[-9.301,53.104],[-9.31,53.0985],[-9.3105,53.0925],[-9.354,53.0755],[-9.3645,53.063],[-9.364,53.0515],[-9.383,53.043],[-9.395,53.0265],[-9.409,53.019],[-9.392,53.008],[-9.412,52.998],[-9.4195,52.989],[-9.4295,52.985],[-9.4285,52.97],[-9.4545,52.9525],[-9.4685,52.949],[-9.4745,52.943],[-9.4685,52.9305],[-9.441,52.937],[-9.427,52.9365],[-9.4245,52.932],[-9.4005,52.9325],[-9.3715,52.9435],[-9.36,52.9435],[-9.3465,52.931],[-9.3515,52.918],[-9.368,52.9145],[-9.389,52.8975],[-9.4235,52.8885],[-9.4345,52.8815],[-9.4365,52.8715],[-9.43,52.8655],[-9.4425,52.8515],[-9.433,52.8425],[-9.4345,52.833],[-9.4535,52.8335],[-9.4565,52.817],[-9.484,52.8075],[-9.488,52.7855],[-9.483,52.7745],[-9.499,52.7715],[-9.493,52.76],[-9.4985,52.75],[-9.5105,52.7455],[-9.525,52.7455],[-9.5255,52.738],[-9.535,52.736],[-9.5485,52.7515],[-9.57,52.752],[-9.605,52.745],[-9.6075,52.7375],[-9.6285,52.723],[-9.616,52.7155],[-9.6325,52.713],[-9.648,52.7055],[-9.6545,52.6935],[-9.6555,52.681],[-9.6685,52.6825],[-9.7065,52.6595],[-9.716,52.6575],[-9.738,52.6465],[-9.7455,52.6395],[-9.782,52.631],[-9.8025,52.618],[-9.8075,52.6045],[-9.8365,52.5965],[-9.852,52.596],[-9.8645,52.5925],[-9.8825,52.5795],[-9.897,52.581],[-9.913,52.576],[-9.929,52.556],[-9.8815,52.5575],[-9.8675,52.5615],[-9.862,52.5705],[-9.8455,52.572],[-9.82,52.5685],[-9.8125,52.565],[-9.787,52.571],[-9.77,52.5725],[-9.743,52.58],[-9.735,52.587],[-9.722,52.586],[-9.7115,52.5795],[-9.696,52.5835],[-9.6795,52.573],[-9.657,52.5925],[-9.6355,52.5995],[-9.5355,52.5985],[-9.437,52.5965],[-9.408,52.592],[-9.3725,52.6015],[-9.3565,52.601],[-9.345,52.5895],[-9.3285,52.5805],[-9.2945,52.58],[-9.254,52.5955],[-9.229,52.608],[-9.193,52.611],[-9.165,52.6115],[-9.149,52.615],[-9.1235,52.6335],[-9.1035,52.638],[-9.073,52.6495],[-9.047,52.652],[-9.017,52.65],[-8.973,52.666],[-8.9465,52.67],[-8.9105,52.6725],[-8.865,52.6785],[-8.8225,52.68],[-8.8105,52.6775],[-8.7965,52.6695],[-8.781,52.669],[-8.761,52.6755],[-8.743,52.676],[-8.7065,52.671],[-8.689,52.6755],[-8.687,52.68],[-8.6715,52.687],[-8.654,52.69],[-8.627,52.684],[-8.614,52.6865],[-8.5905,52.6695],[-8.582,52.6775],[-8.567,52.676],[-8.544,52.6825],[-8.542,52.6965],[-8.533,52.704],[-8.5125,52.705],[-8.502,52.719],[-8.508,52.7255],[-8.5035,52.731],[-8.509,52.746],[-8.503,52.7515],[-8.48,52.7575]]]]},"properties":{"COUNTY":"CLARE"}},
{"type":"Feature","geometry":{"type":"MultiPolygon","coordinates":[[[[-10.166,53.5295],[-10.166,53.523],[-10.15,53.526],[-10.155,53.537],[-10.166,53.5295]]],[[[-9.6105,53.065],[-9.578,53.072],[-9.5755,53.079],[-9.562,53.087],[-9.566,53.099],[-9.5915,53.1],[-9.6015,53.09],[-9.6135,53.084],[-9.62,53.068],[-9.6105,53.065]]],[[[-8.0815,53.167],[-8.0615,53.188],[-8.0485,53.194],[-8.024,53.1955],[-7.9925,53.1935],[-7.974,53.2095],[-7.9675,53.2265],[-7.983,53.24],[-8.0005,53.245],[-8.0085,53.2515],[-8.0275,53.2535],[-8.0305,53.2635],[-8.044,53.272],[-8.0555,53.274],[-8.0755,53.2725],[-8.099,53.278],[-8.1345,53.282],[-8.1475,53.28],[-8.1535,53.2875],[-8.174,53.2875],[-8.188,53.302],[-8.1905,53.313],[-8.187,53.3225],[-8.2,53.348],[-8.216,53.3465],[-8.2325,53.3495],[-8.2465,53.3745],[-8.2345,53.3815],[-8.225,53.397],[-8.238,53.406],[-8.238,53.4115],[-8.254,53.4125],[-8.263,53.43],[-8.2595,53.4355],[-8.2405,53.439],[-8.238,53.445],[-8.263,53.4565],[-8.2665,53.4635],[-8.286,53.471],[-8.2745,53.481],[-8.281,53.49],[-8.275,53.4945],[-8.293,53.5095],[-8.2915,53.518],[-8.277,53.524],[-8.2945,53.531],[-8.2865,53.5385],[-8.2965,53.5425],[-8.2955,53.5545],[-8.3055,53.561],[-8.2975,53.566],[-8.308,53.578],[-8.3335,53.577],[-8.3425,53.5795],[-8.3375,53.588],[-8.3495,53.5915],[-8.354,53.599],[-8.3675,53.601],[-8.3785,53.599],[-8.3835,53.6055],[-8.381,53.618],[-8.3995,53.6295],[-8.3935,53.64],[-8.3775,53.6425],[-8.3645,53.641],[-8.3615,53.6485],[-8.371,53.655],[-8.393,53.661],[-8.4025,53.666],[-8.416,53.667],[-8.437,53.6775],[-8.4355,53.683],[-8.447,53.687],[-8.4465,53.705],[-8.4705,53.7155],[-8.488,53.716],[-8.52,53.7125],[-8.551,53.7185],[-8.559,53.716],[-8.5735,53.719],[-8.581,53.7085],[-8.6045,53.7105],[-8.6125,53.705],[-8.6345,53.704],[-8.6455,53.694],[-8.641,53.686],[-8.6555,53.677],[-8.694,53.6715],[-8.7235,53.665],[-8.729,53.671],[-8.74,53.663],[-8.7775,53.665],[-8.786,53.6585],[-8.801,53.6575],[-8.8235,53.665],[-8.8425,53.653],[-8.866,53.6565],[-8.8825,53.6525],[-8.899,53.6515],[-8.9015,53.642],[-8.912,53.644],[-8.926,53.6535],[-8.9465,53.662],[-8.9545,53.656],[-8.9715,53.6555],[-8.975,53.6425],[-8.975,53.6255],[-8.988,53.6185],[-8.9805,53.605],[-9.0155,53.598],[-9.007,53.584],[-9.023,53.5805],[-9.0385,53.5815],[-9.044,53.5765],[-9.0415,53.568],[-9.0255,53.5515],[-9.037,53.543],[-9.0375,53.536],[-9.055,53.535],[-9.0575,53.528],[-9.08,53.522],[-9.0935,53.515],[-9.0995,53.494],[-9.115,53.4945],[-9.1245,53.482],[-9.137,53.4775],[-9.156,53.483],[-9.1675,53.4805],[-9.184,53.472],[-9.2125,53.4785],[-9.2365,53.48],[-9.2355,53.4995],[-9.2795,53.5155],[-9.2825,53.534],[-9.296,53.5445],[-9.307,53.5455],[-9.3035,53.5555],[-9.3205,53.55],[-9.3265,53.5405],[-9.3345,53.5395],[-9.352,53.546],[-9.3535,53.552],[-9.3455,53.5635],[-9.361,53.5735],[-9.411,53.568],[-9.4285,53.564],[-9.4375,53.5655],[-9.4815,53.5625],[-9.4905,53.568],[-9.5055,53.572],[-9.512,53.5785],[-9.544,53.5815],[-9.5575,53.601],[-9.5555,53.608],[-9.565,53.6125],[-9.5765,53.601],[-9.5855,53.599],[-9.6105,53.6065],[-9.629,53.6055],[-9.643,53.601],[-9.6525,53.6025],[-9.6605,53.6105],[-9.6695,53.613],[-9.687,53.607],[-9.703,53.595],[-9.7305,53.6],[-9.789,53.594],[-9.8095,53.606],[-9.83,53.611],[-9.843,53.618],[-9.859,53.62],[-9.871,53.6245],[-9.8735,53.616],[-9.8985,53.6145],[-9.9105,53.601],[-9.9305,53.5975],[-9.9475,53.601],[-9.9685,53.6005],[-9.98,53.6065],[-10.007,53.6115],[-10.015,53.6065],[-10.0345,53.6105],[-10.049,53.6095],[-10.0445,53.5945],[-10.0205,53.5775],[-9.9975,53.573],[-9.9635,53.571],[-9.968,53.5665],[-9.985,53.5645],[-9.9755,53.555],[-9.999,53.5485],[-10.0115,53.552],[-10.017,53.559],[-10.0145,53.5675],[-10.044,53.5715],[-10.062,53.5705],[-10.0815,53.5755],[-10.1145,53.577],[-10.121,53.5705],[-10.0935,53.556],[-10.1065,53.5555],[-10.127,53.5615],[-10.136,53.558],[-10.1445,53.5645],[-10.1765,53.56],[-10.19,53.556],[-10.189,53.544],[-10.145,53.5415],[-10.145,53.532],[-10.1355,53.523],[-10.102,53.5205],[-10.0555,53.5115],[-10.045,53.5055],[-10.062,53.503],[-10.0805,53.508],[-10.0945,53.5165],[-10.1265,53.52],[-10.129,53.5105],[-10.108,53.496],[-10.0875,53.4965],[-10.0555,53.4875],[-10.0535,53.4785],[-10.083,53.489],[-10.1005,53.48],[-10.084,53.4755],[-10.058,53.457],[-10.0645,53.442],[-10.0835,53.4385],[-10.1005,53.4505],[-10.133,53.4515],[-10.151,53.4425],[-10.155,53.434],[-10.178,53.4175],[-10.1775,53.4115],[-10.1475,53.4195],[-10.137,53.41],[-10.1215,53.4015],[-10.1155,53.4105],[-10.105,53.4095],[-10.092,53.4145],[-10.0845,53.411],[-10.0725,53.4215],[-10.0625,53.415],[-10.044,53.413],[-10.035,53.408],[-10.0365,53.3925],[-10.011,53.3805],[-10.0045,53.3835],[-9.9885,53.3795],[-9.9695,53.3835],[-9.9605,53.3765],[-9.9525,53.381],[-9.935,53.379],[-9.9155,53.391],[-9.92,53.406],[-9.916,53.414],[-9.903,53.4225],[-9.885,53.415],[-9.864,53.4225],[-9.852,53.434],[-9.8485,53.42],[-9.871,53.418],[-9.8855,53.4125],[-9.8795,53.4045],[-9.882,53.3935],[-9.8645,53.3885],[-9.8515,53.4015],[-9.837,53.406],[-9.8285,53.4165],[-9.8215,53.406],[-9.8005,53.398],[-9.7925,53.3875],[-9.806,53.3865],[-9.82,53.376],[-9.8285,53.3795],[-9.8455,53.3735],[-9.8555,53.374],[-9.8695,53.3695],[-9.889,53.3685],[-9.8925,53.365],[-9.881,53.343],[-9.899,53.338],[-9.8975,53.3295],[-9.906,53.324],[-9.8825,53.312],[-9.865,53.3145],[-9.8545,53.32],[-9.839,53.323],[-9.835,53.3125],[-9.8475,53.31],[-9.8555,53.314],[-9.867,53.307],[-9.865,53.3],[-9.8505,53.3],[-9.851,53.2915],[-9.839,53.2925],[-9.846,53.306],[-9.8265,53.3135],[-9.7935,53.304],[-9.776,53.293],[-9.774,53.3005],[-9.763,53.306],[-9.731,53.311],[-9.734,53.325],[-9.7215,53.3275],[-9.714,53.34],[-9.698,53.3525],[-9.6965,53.36],[-9.6625,53.3725],[-9.6515,53.3875],[-9.6355,53.3845],[-9.635,53.3675],[-9.6265,53.3615],[-9.6445,53.3535],[-9.64,53.331],[-9.6285,53.33],[-9.596,53.3365],[-9.602,53.347],[-9.6025,53.363],[-9.6145,53.3795],[-9.6065,53.383],[-9.581,53.3805],[-9.5575,53.384],[-9.557,53.377],[-9.578,53.3765],[-9.595,53.3725],[-9.596,53.3585],[-9.575,53.348],[-9.5715,53.3515],[-9.552,53.344],[-9.561,53.336],[-9.579,53.332],[-9.6225,53.3255],[-9.6315,53.32],[-9.642,53.3015],[-9.6845,53.3095],[-9.7095,53.301],[-9.6845,53.2865],[-9.674,53.2865],[-9.649,53.2915],[-9.63,53.2975],[-9.637,53.3015],[-9.625,53.3125],[-9.6145,53.3075],[-9.598,53.2815],[-9.607,53.272],[-9.6195,53.2675],[-9.631,53.25],[-9.6245,53.241],[-9.612,53.234],[-9.597,53.2395],[-9.5905,53.2345],[-9.578,53.247],[-9.5735,53.2625],[-9.581,53.2675],[-9.5745,53.2775],[-9.5625,53.2825],[-9.5515,53.276],[-9.557,53.267],[-9.566,53.2625],[-9.559,53.2505],[-9.5495,53.246],[-9.555,53.2385],[-9.531,53.2295],[-9.53,53.224],[-9.511,53.2225],[-9.4845,53.229],[-9.4655,53.226],[-9.4555,53.233],[-9.4045,53.234],[-9.376,53.2375],[-9.3605,53.2425],[-9.339,53.239],[-9.3135,53.2395],[-9.2985,53.244],[-9.2725,53.2425],[-9.2335,53.247],[-9.2065,53.2475],[-9.1795,53.2455],[-9.1625,53.246],[-9.1465,53.2505],[-9.124,53.2515],[-9.126,53.2575],[-9.1105,53.259],[-9.099,53.255],[-9.079,53.258],[-9.071,53.263],[-9.0565,53.263],[-9.039,53.2695],[-9.0195,53.271],[-9.0105,53.2675],[-8.998,53.269],[-8.9955,53.263],[-8.9765,53.266],[-8.946,53.2735],[-8.935,53.271],[-8.9425,53.258],[-8.977,53.256],[-8.985,53.246],[-8.9705,53.2435],[-8.9625,53.236],[-8.981,53.2335],[-8.988,53.2215],[-8.975,53.217],[-8.962,53.2085],[-8.943,53.212],[-8.9295,53.2115],[-8.9115,53.22],[-8.902,53.218],[-8.9285,53.2065],[-8.928,53.202],[-8.946,53.192],[-8.954,53.172],[-8.9445,53.169],[-8.936,53.1535],[-8.936,53.1395],[-8.951,53.153],[-8.986,53.1625],[-8.967,53.1685],[-8.9695,53.1765],[-8.987,53.1705],[-9.0045,53.1685],[-9.0205,53.171],[-9.0545,53.165],[-9.043,53.16],[-8.993,53.1535],[-9.0055,53.15],[-9.0095,53.141],[-9.026,53.14],[-9.028,53.1305],[-9.0195,53.1105],[-9.011,53.103],[-8.993,53.0945],[-8.975,53.0925],[-8.9705,53.0865],[-8.9565,53.087],[-8.933,53.078],[-8.92,53.066],[-8.907,53.0665],[-8.8915,53.0605],[-8.8905,53.056],[-8.901,53.0475],[-8.9,53.0335],[-8.8925,53.0305],[-8.8835,53.0165],[-8.899,53.008],[-8.8825,52.9765],[-8.873,52.98],[-8.8605,52.979],[-8.8465,52.9835],[-8.8095,52.975],[-8.805,52.9795],[-8.784,52.973],[-8.7785,52.9875],[-8.7645,52.9915],[-8.737,53.006],[-8.7195,53.0255],[-8.694,53.0265],[-8.6795,53.0365],[-8.667,53.039],[-8.6435,53.0395],[-8.6345,53.0415],[-8.6265,53.034],[-8.592,53.04],[-8.5545,53.042],[-8.56,53.031],[-8.5515,53.0225],[-8.529,53.0235],[-8.524,53.0115],[-8.5085,53.0065],[-8.51,52.9985],[-8.5025,52.983],[-8.485,52.989],[-8.461,52.982],[-8.45,52.9725],[-8.424,52.9835],[-8.419,52.993],[-8.4075,52.994],[-8.399,52.9845],[-8.3805,52.9825],[-8.359,52.9715],[-8.3455,52.985],[-8.339,52.9875],[-8.3165,52.985],[-8.3015,53.0075],[-8.2785,53.0185],[-8.2685,53.0365],[-8.268,53.0565],[-8.2495,53.0635],[-8.2185,53.0675],[-8.2135,53.0785],[-8.198,53.0845],[-8.175,53.1105],[-8.16,53.135],[-8.1265,53.159],[-8.084,53.163],[-8.0815,53.167]]],[[[-9.703,53.251],[-9.7145,53.241],[-9.713,53.2345],[-9.7025,53.228],[-9.6845,53.229],[-9.6765,53.2245],[-9.658,53.226],[-9.6435,53.2395],[-9.644,53.2635],[-9.654,53.2655],[-9.6465,53.274],[-9.656,53.284],[-9.6715,53.2795],[-9.681,53.272],[-9.724,53.2635],[-9.7195,53.257],[-9.703,53.251]]],[[[-10.2845,53.6075],[-10.269,53.604],[-10.269,53.6135],[-10.286,53.619],[-10.3015,53.6035],[-10.2845,53.6075]]],[[[-9.5335,53.0685],[-9.5415,53.066],[-9.555,53.05],[-9.526,53.0455],[-9.5065,53.0555],[-9.504,53.0625],[-9.515,53.0665],[-9.5335,53.0685]]],[[[-9.742,53.242],[-9.746,53.233],[-9.7365,53.2285],[-9.723,53.238],[-9.7185,53.2455],[-9.738,53.2525],[-9.748,53.25],[-9.742,53.242]]],[[[-9.9055,53.3825],[-9.902,53.376],[-9.8915,53.377],[-9.8925,53.3855],[-9.887,53.393],[-9.896,53.4055],[-9.9085,53.3985],[-9.903,53.388],[-9.9055,53.3825]]],[[[-10.1875,53.6205],[-10.179,53.627],[-10.1805,53.6325],[-10.2085,53.6345],[-10.223,53.631],[-10.241,53.6215],[-10.246,53.6305],[-10.26,53.624],[-10.258,53.6195],[-10.235,53.612],[-10.194,53.606],[-10.177,53.6185],[-10.1875,53.6205]]],[[[-9.702,53.274],[-9.7045,53.28],[-9.722,53.2825],[-9.7175,53.272],[-9.702,53.274]]],[[[-9.677,53.134],[-9.687,53.138],[-9.7095,53.141],[-9.745,53.1345],[-9.76,53.1475],[-9.7715,53.1505],[-9.8065,53.1515],[-9.825,53.1455],[-9.829,53.139],[-9.8055,53.135],[-9.792,53.131],[-9.7475,53.1215],[-9.742,53.117],[-9.717,53.1135],[-9.71,53.108],[-9.6905,53.108],[-9.6635,53.0925],[-9.64,53.089],[-9.6365,53.0975],[-9.666,53.1075],[-9.675,53.113],[-9.655,53.1315],[-9.677,53.134]]]]},"properties":{"COUNTY":"GALWAY"}},
{"type":"Feature","geometry":{"type":"MultiPolygon","coordinates":[[[[-9.966,53.8145],[-9.98,53.8285],[-9.9965,53.8145],[-10.022,53.8115],[-10.0495,53.802],[-10.048,53.7915],[-10.017,53.789],[-9.994,53.79],[-9.951,53.798],[-9.9455,53.8105],[-9.966,53.8145]]],[[[-10.208,54.1385],[-10.208,54.1255],[-10.203,54.1245],[-10.184,54.1355],[-10.199,54.1445],[-10.208,54.1385]]],[[[-9.9105,53.992],[-9.8925,53.991],[-9.891,53.9985],[-9.905,54.0015],[-9.925,53.995],[-9.9105,53.992]]],[[[-9.8695,53.989],[-9.8745,53.984],[-9.8665,53.976],[-9.8555,53.974],[-9.853,53.9825],[-9.862,53.9955],[-9.8695,53.989]]],[[[-9.9535,53.9705],[-9.9585,53.989],[-9.9415,53.9905],[-9.929,53.9955],[-9.938,54.0005],[-9.9375,54.0065],[-9.9605,54.0185],[-9.975,54.03],[-9.988,54.0125],[-10.0015,54.016],[-10.0275,54.0115],[-10.042,54.0235],[-10.0645,54.025],[-10.078,54.0215],[-10.0985,54.009],[-10.0995,54.0015],[-10.144,54.0015],[-10.146,54.0085],[-10.177,54.009],[-10.1915,53.9935],[-10.2125,53.9795],[-10.235,53.981],[-10.234,53.9745],[-10.2225,53.9745],[-10.2125,53.9655],[-10.202,53.9645],[-10.188,53.97],[-10.1555,53.966],[-10.1235,53.9725],[-10.0985,53.9645],[-10.0855,53.972],[-10.069,53.9725],[-10.051,53.9645],[-10.045,53.957],[-10.055,53.938],[-10.053,53.921],[-10.0485,53.9145],[-10.035,53.915],[-10.0265,53.9215],[-10.0175,53.92],[-10.008,53.9095],[-9.993,53.9015],[-10.002,53.897],[-9.99,53.888],[-9.9815,53.8865],[-9.9625,53.8745],[-9.952,53.8755],[-9.944,53.883],[-9.9365,53.899],[-9.9455,53.9165],[-9.941,53.922],[-9.9265,53.9265],[-9.939,53.936],[-9.9255,53.94],[-9.9255,53.9565],[-9.938,53.964],[-9.9495,53.9585],[-9.9535,53.9705]]],[[[-8.585,53.954],[-8.594,53.967],[-8.59,53.9795],[-8.593,53.9925],[-8.59,54.006],[-8.583,54.013],[-8.624,54.024],[-8.6475,54.0335],[-8.6825,54.0295],[-8.6755,54.0185],[-8.682,54.0115],[-8.7065,54.001],[-8.714,53.988],[-8.7245,53.9875],[-8.7385,53.9945],[-8.7555,53.976],[-8.781,53.9745],[-8.7825,53.9665],[-8.811,53.9655],[-8.845,53.972],[-8.8615,53.9805],[-8.864,53.99],[-8.8785,53.9895],[-8.8785,53.9975],[-8.889,54.0075],[-8.883,54.021],[-8.8955,54.022],[-8.9085,54.014],[-8.9255,54.009],[-8.944,54.0095],[-8.947,54.0165],[-8.969,54.027],[-9.012,54.024],[-9.016,54.034],[-9.0135,54.053],[-9.0095,54.0565],[-8.9695,54.073],[-8.97,54.086],[-8.955,54.0895],[-8.96,54.1025],[-8.936,54.106],[-8.917,54.118],[-8.924,54.1255],[-8.937,54.127],[-8.944,54.1325],[-8.939,54.143],[-8.9645,54.1485],[-8.9925,54.1495],[-9.014,54.155],[-9.025,54.162],[-9.0335,54.153],[-9.0525,54.157],[-9.057,54.1455],[-9.0845,54.146],[-9.103,54.1495],[-9.121,54.1555],[-9.132,54.1625],[-9.146,54.177],[-9.1435,54.1835],[-9.166,54.191],[-9.157,54.196],[-9.1825,54.2085],[-9.219,54.2125],[-9.2125,54.224],[-9.2055,54.2255],[-9.1925,54.2385],[-9.1955,54.2475],[-9.2195,54.246],[-9.2145,54.252],[-9.2165,54.261],[-9.207,54.2765],[-9.2135,54.2875],[-9.2415,54.2755],[-9.2565,54.276],[-9.2485,54.294],[-9.251,54.301],[-9.2645,54.31],[-9.2885,54.3115],[-9.313,54.3155],[-9.336,54.3215],[-9.346,54.319],[-9.369,54.308],[-9.377,54.296],[-9.391,54.299],[-9.3905,54.3075],[-9.431,54.312],[-9.451,54.3075],[-9.501,54.32],[-9.51,54.31],[-9.53,54.31],[-9.544,54.317],[-9.553,54.3125],[-9.562,54.3205],[-9.58,54.32],[-9.599,54.324],[-9.612,54.3215],[-9.62,54.3245],[-9.643,54.3235],[-9.65,54.3165],[-9.664,54.3145],[-9.688,54.3165],[-9.7055,54.323],[-9.742,54.3275],[-9.756,54.34],[-9.77,54.335],[-9.786,54.3415],[-9.792,54.338],[-9.806,54.3425],[-9.835,54.328],[-9.8555,54.3255],[-9.8605,54.3175],[-9.854,54.3075],[-9.8185,54.2915],[-9.7965,54.298],[-9.776,54.289],[-9.7855,54.2855],[-9.796,54.294],[-9.8085,54.2875],[-9.8005,54.276],[-9.7715,54.2685],[-9.7545,54.261],[-9.7645,54.256],[-9.783,54.265],[-9.8035,54.2695],[-9.8165,54.2845],[-9.856,54.2745],[-9.8685,54.273],[-9.873,54.2645],[-9.8735,54.2515],[-9.8805,54.2455],[-9.867,54.235],[-9.8815,54.2335],[-9.876,54.218],[-9.898,54.2135],[-9.9475,54.2125],[-9.9695,54.2175],[-9.9445,54.221],[-9.9375,54.225],[-9.914,54.229],[-9.924,54.234],[-9.903,54.239],[-9.8915,54.2545],[-9.8985,54.2635],[-9.918,54.2625],[-9.9185,54.2695],[-9.9455,54.269],[-9.963,54.2725],[-9.9785,54.288],[-9.991,54.2925],[-9.989,54.2995],[-9.997,54.306],[-10.0115,54.2915],[-10.02,54.293],[-10.0255,54.2845],[-10.049,54.2785],[-10.07,54.2765],[-10.0705,54.2715],[-10.085,54.2515],[-10.073,54.2445],[-10.103,54.239],[-10.073,54.2295],[-10.056,54.228],[-10.055,54.219],[-10.064,54.209],[-10.0835,54.2095],[-10.0965,54.1995],[-10.0865,54.1845],[-10.099,54.158],[-10.1175,54.1425],[-10.1255,54.127],[-10.1215,54.1145],[-10.1315,54.1095],[-10.123,54.095],[-10.1115,54.096],[-10.094,54.0875],[-10.0825,54.0865],[-10.0705,54.09],[-10.064,54.097],[-10.074,54.1115],[-10.093,54.113],[-10.0875,54.1265],[-10.0755,54.1285],[-10.0755,54.1365],[-10.063,54.1505],[-10.0905,54.1545],[-10.0885,54.162],[-10.0765,54.162],[-10.062,54.1705],[-10.0375,54.172],[-10.041,54.1855],[-10.0375,54.193],[-10.0135,54.1905],[-10.0035,54.195],[-10.0065,54.203],[-10.0245,54.211],[-10.0065,54.2135],[-10.0025,54.2245],[-9.992,54.2275],[-9.988,54.214],[-9.9775,54.2105],[-9.9555,54.197],[-9.9455,54.199],[-9.932,54.194],[-9.934,54.182],[-9.9545,54.1725],[-9.9365,54.1575],[-9.9235,54.1535],[-9.9325,54.1465],[-9.9545,54.153],[-9.9575,54.142],[-9.9505,54.141],[-9.938,54.128],[-9.926,54.135],[-9.918,54.134],[-9.9015,54.118],[-9.91,54.117],[-9.929,54.121],[-9.937,54.1125],[-9.954,54.107],[-9.9645,54.109],[-9.992,54.103],[-9.976,54.096],[-9.968,54.085],[-9.963,54.0725],[-9.9675,54.0615],[-9.95,54.0665],[-9.936,54.062],[-9.9235,54.0665],[-9.893,54.072],[-9.891,54.0805],[-9.9,54.0895],[-9.9005,54.096],[-9.875,54.097],[-9.8715,54.105],[-9.855,54.1125],[-9.8405,54.1075],[-9.851,54.103],[-9.8375,54.0925],[-9.8485,54.087],[-9.865,54.0865],[-9.8685,54.0735],[-9.858,54.0665],[-9.8775,54.062],[-9.891,54.064],[-9.8925,54.0505],[-9.9065,54.0445],[-9.8945,54.0165],[-9.8805,54.019],[-9.88,54.0085],[-9.856,54.0015],[-9.848,53.9955],[-9.8485,53.9645],[-9.8155,53.9595],[-9.8015,53.9675],[-9.793,53.956],[-9.7975,53.9505],[-9.792,53.9445],[-9.794,53.9135],[-9.8055,53.9135],[-9.8095,53.9245],[-9.8,53.9285],[-9.798,53.9465],[-9.802,53.9505],[-9.8195,53.946],[-9.8345,53.954],[-9.852,53.9585],[-9.8715,53.958],[-9.8865,53.9535],[-9.905,53.951],[-9.906,53.9435],[-9.917,53.943],[-9.92,53.933],[-9.9025,53.934],[-9.916,53.9175],[-9.93,53.913],[-9.931,53.9055],[-9.923,53.892],[-9.9315,53.884],[-9.9385,53.8715],[-9.9225,53.8705],[-9.9055,53.862],[-9.897,53.866],[-9.8755,53.865],[-9.8555,53.8685],[-9.8435,53.873],[-9.815,53.878],[-9.7965,53.89],[-9.795,53.8945],[-9.775,53.9035],[-9.757,53.898],[-9.7445,53.8915],[-9.733,53.899],[-9.7055,53.9005],[-9.689,53.9],[-9.6625,53.893],[-9.6385,53.8945],[-9.6305,53.889],[-9.62,53.8945],[-9.608,53.891],[-9.5865,53.897],[-9.565,53.892],[-9.575,53.8845],[-9.5775,53.8755],[-9.57,53.851],[-9.5885,53.856],[-9.5995,53.848],[-9.6175,53.845],[-9.613,53.8365],[-9.621,53.833],[-9.616,53.818],[-9.617,53.8115],[-9.597,53.811],[-9.5795,53.8055],[-9.568,53.809],[-9.558,53.8065],[-9.5625,53.794],[-9.5725,53.787],[-9.5935,53.7825],[-9.6145,53.7815],[-9.6365,53.7885],[-9.64,53.7825],[-9.658,53.7815],[-9.6685,53.7885],[-9.6965,53.782],[-9.707,53.7775],[-9.732,53.7745],[-9.765,53.7745],[-9.7765,53.7825],[-9.803,53.7785],[-9.826,53.7695],[-9.835,53.7705],[-9.8655,53.768],[-9.8825,53.7635],[-9.9005,53.7645],[-9.9065,53.7545],[-9.8995,53.7505],[-9.894,53.7375],[-9.9005,53.722],[-9.912,53.7115],[-9.9115,53.703],[-9.9175,53.691],[-9.9065,53.677],[-9.915,53.6645],[-9.9105,53.652],[-9.8815,53.6485],[-9.8795,53.6335],[-9.8385,53.6235],[-9.8155,53.616],[-9.7845,53.603],[-9.763,53.604],[-9.742,53.6025],[-9.6965,53.605],[-9.6695,53.613],[-9.6605,53.6105],[-9.6525,53.6025],[-9.643,53.601],[-9.629,53.6055],[-9.6105,53.6065],[-9.5855,53.599],[-9.5765,53.601],[-9.565,53.6125],[-9.5555,53.608],[-9.5575,53.601],[-9.544,53.5815],[-9.512,53.5785],[-9.5055,53.572],[-9.4905,53.568],[-9.4815,53.5625],[-9.4375,53.5655],[-9.4285,53.564],[-9.411,53.568],[-9.361,53.5735],[-9.3455,53.5635],[-9.3535,53.552],[-9.352,53.546],[-9.3345,53.5395],[-9.3265,53.5405],[-9.3205,53.55],[-9.3035,53.5555],[-9.307,53.5455],[-9.296,53.5445],[-9.2825,53.534],[-9.2795,53.5155],[-9.2355,53.4995],[-9.2365,53.48],[-9.2125,53.4785],[-9.184,53.472],[-9.1675,53.4805],[-9.156,53.483],[-9.137,53.4775],[-9.1245,53.482],[-9.115,53.4945],[-9.0995,53.494],[-9.0935,53.515],[-9.08,53.522],[-9.0575,53.528],[-9.055,53.535],[-9.0375,53.536],[-9.037,53.543],[-9.0255,53.5515],[-9.0415,53.568],[-9.044,53.5765],[-9.0385,53.5815],[-9.023,53.5805],[-9.007,53.584],[-9.0155,53.598],[-8.9805,53.605],[-8.988,53.6185],[-8.975,53.6255],[-8.975,53.6425],[-8.9715,53.6555],[-8.9545,53.656],[-8.9465,53.662],[-8.926,53.6535],[-8.912,53.644],[-8.9015,53.642],[-8.899,53.6515],[-8.8825,53.6525],[-8.866,53.6565],[-8.8425,53.653],[-8.8235,53.665],[-8.8135,53.6695],[-8.791,53.696],[-8.776,53.688],[-8.7595,53.691],[-8.7555,53.701],[-8.729,53.7065],[-8.713,53.712],[-8.7145,53.7245],[-8.6935,53.724],[-8.6975,53.7355],[-8.68,53.753],[-8.684,53.766],[-8.668,53.7755],[-8.68,53.78],[-8.694,53.798],[-8.733,53.8065],[-8.728,53.815],[-8.7155,53.817],[-8.723,53.8245],[-8.712,53.8305],[-8.7215,53.8485],[-8.6955,53.852],[-8.7035,53.8745],[-8.683,53.8735],[-8.6775,53.877],[-8.648,53.8655],[-8.6355,53.8685],[-8.637,53.877],[-8.626,53.882],[-8.6365,53.8895],[-8.633,53.899],[-8.6615,53.906],[-8.668,53.912],[-8.6855,53.919],[-8.687,53.925],[-8.676,53.9505],[-8.6895,53.96],[-8.683,53.969],[-8.6635,53.971],[-8.641,53.963],[-8.6075,53.955],[-8.5985,53.95],[-8.585,53.954]]],[[[-10.2055,54.1235],[-10.2115,54.1245],[-10.2315,54.1145],[-10.23,54.107],[-10.2055,54.1235]]],[[[-9.965,53.873],[-9.956,53.861],[-9.943,53.858],[-9.9445,53.868],[-9.965,53.873]]],[[[-10.1055,53.709],[-10.1205,53.713],[-10.124,53.705],[-10.136,53.7015],[-10.1375,53.6915],[-10.13,53.6905],[-10.0915,53.697],[-10.0915,53.7045],[-10.0815,53.7105],[-10.093,53.715],[-10.1055,53.709]]]]},"properties":{"COUNTY":"MAYO"}},
{"type":"Feature","geometry":{"type":"MultiPolygon","coordinates":[[[[-8.589,54.2865],[-8.579,54.302],[-8.5925,54.3055],[-8.5955,54.2895],[-8.589,54.2865]]],[[[-8.6455,54.433],[-8.664,54.436],[-8.67,54.4285],[-8.6455,54.433]]],[[[-8.1635,54.109],[-8.1805,54.118],[-8.1915,54.13],[-8.216,54.1405],[-8.2275,54.155],[-8.251,54.1595],[-8.261,54.153],[-8.2815,54.1525],[-8.3035,54.167],[-8.3135,54.167],[-8.3225,54.18],[-8.3165,54.189],[-8.3325,54.1915],[-8.339,54.2035],[-8.332,54.2115],[-8.341,54.223],[-8.3325,54.239],[-8.3415,54.2515],[-8.3465,54.2745],[-8.3435,54.2805],[-8.3465,54.299],[-8.3555,54.313],[-8.376,54.314],[-8.389,54.3205],[-8.386,54.328],[-8.391,54.3345],[-8.3935,54.36],[-8.3675,54.3715],[-8.359,54.3965],[-8.3475,54.408],[-8.3445,54.4215],[-8.364,54.422],[-8.3795,54.4265],[-8.398,54.4265],[-8.395,54.4185],[-8.4135,54.4145],[-8.4275,54.421],[-8.4085,54.4305],[-8.4095,54.44],[-8.402,54.446],[-8.3785,54.4515],[-8.381,54.4645],[-8.4015,54.4635],[-8.417,54.456],[-8.4405,54.455],[-8.4525,54.4615],[-8.447,54.4695],[-8.454,54.473],[-8.4695,54.4685],[-8.4665,54.4615],[-8.477,54.4535],[-8.467,54.44],[-8.4825,54.4315],[-8.487,54.421],[-8.4995,54.4145],[-8.519,54.409],[-8.5435,54.398],[-8.5695,54.393],[-8.5885,54.3865],[-8.619,54.379],[-8.622,54.371],[-8.64,54.371],[-8.6605,54.3655],[-8.676,54.3485],[-8.6565,54.343],[-8.647,54.3315],[-8.634,54.3355],[-8.6205,54.3345],[-8.594,54.3425],[-8.577,54.344],[-8.5585,54.3425],[-8.535,54.3325],[-8.5005,54.323],[-8.51,54.315],[-8.53,54.315],[-8.554,54.321],[-8.57,54.3355],[-8.5735,54.329],[-8.5705,54.312],[-8.573,54.305],[-8.551,54.306],[-8.534,54.302],[-8.523,54.303],[-8.4805,54.2875],[-8.486,54.282],[-8.5065,54.283],[-8.517,54.2765],[-8.5475,54.2805],[-8.5605,54.277],[-8.5845,54.2765],[-8.592,54.284],[-8.601,54.2815],[-8.622,54.262],[-8.6045,54.2615],[-8.598,54.2535],[-8.5755,54.2435],[-8.5675,54.231],[-8.5435,54.2295],[-8.5355,54.2225],[-8.507,54.2195],[-8.5135,54.215],[-8.5375,54.2155],[-8.5465,54.2185],[-8.572,54.2175],[-8.575,54.209],[-8.5875,54.2095],[-8.592,54.2235],[-8.6265,54.237],[-8.6315,54.245],[-8.642,54.248],[-8.6455,54.261],[-8.6595,54.2715],[-8.687,54.273],[-8.7255,54.263],[-8.7565,54.2695],[-8.757,54.279],[-8.7735,54.2765],[-8.785,54.2715],[-8.7935,54.261],[-8.8265,54.253],[-8.8455,54.2575],[-8.857,54.264],[-8.8755,54.27],[-8.8945,54.2725],[-8.905,54.283],[-8.9355,54.293],[-8.9645,54.294],[-8.977,54.2915],[-8.989,54.295],[-8.9985,54.292],[-9.024,54.2965],[-9.038,54.2935],[-9.0555,54.2935],[-9.0515,54.287],[-9.059,54.281],[-9.0535,54.274],[-9.0975,54.2215],[-9.0945,54.215],[-9.106,54.2105],[-9.131,54.208],[-9.122,54.2025],[-9.1275,54.1955],[-9.124,54.182],[-9.1365,54.1775],[-9.132,54.1625],[-9.121,54.1555],[-9.103,54.1495],[-9.0845,54.146],[-9.057,54.1455],[-9.0525,54.157],[-9.0335,54.153],[-9.025,54.162],[-9.014,54.155],[-8.9925,54.1495],[-8.9645,54.1485],[-8.939,54.143],[-8.944,54.1325],[-8.937,54.127],[-8.924,54.1255],[-8.917,54.118],[-8.936,54.106],[-8.96,54.1025],[-8.955,54.0895],[-8.97,54.086],[-8.9695,54.073],[-9.0095,54.0565],[-9.0135,54.053],[-9.016,54.034],[-9.012,54.024],[-8.969,54.027],[-8.947,54.0165],[-8.944,54.0095],[-8.9255,54.009],[-8.9085,54.014],[-8.8955,54.022],[-8.883,54.021],[-8.889,54.0075],[-8.8785,53.9975],[-8.8785,53.9895],[-8.864,53.99],[-8.8615,53.9805],[-8.845,53.972],[-8.811,53.9655],[-8.7825,53.9665],[-8.781,53.9745],[-8.7555,53.976],[-8.7385,53.9945],[-8.7245,53.9875],[-8.714,53.988],[-8.7065,54.001],[-8.682,54.0115],[-8.6755,54.0185],[-8.6825,54.0295],[-8.6475,54.0335],[-8.624,54.024],[-8.583,54.013],[-8.59,54.006],[-8.593,53.9925],[-8.59,53.9795],[-8.594,53.967],[-8.585,53.954],[-8.551,53.953],[-8.537,53.9575],[-8.522,53.9445],[-8.5195,53.9265],[-8.502,53.926],[-8.477,53.921],[-8.469,53.913],[-8.451,53.9135],[-8.448,53.9255],[-8.431,53.927],[-8.366,53.9275],[-8.336,53.9265],[-8.334,53.9305],[-8.347,53.951],[-8.361,53.948],[-8.406,53.9565],[-8.4105,53.967],[-8.392,53.9655],[-8.3845,53.9855],[-8.401,53.9965],[-8.3945,54.0005],[-8.376,53.9995],[-8.366,54.0045],[-8.3455,53.9995],[-8.3155,54.005],[-8.306,54.0165],[-8.307,54.03],[-8.2945,54.045],[-8.2855,54.038],[-8.2765,54.0465],[-8.255,54.0505],[-8.2395,54.0485],[-8.239,54.0585],[-8.2185,54.0615],[-8.215,54.0685],[-8.22,54.077],[-8.2175,54.0845],[-8.177,54.088],[-8.1635,54.109]]]]},"properties":{"COUNTY":"SLIGO"}},
{"type":"Feature","geometry":{"type":"Polygon","coordinates":[[[-8.3205,54.4725],[-8.345,54.4715],[-8.381,54.4645],[-8.3785,54.4515],[-8.402,54.446],[-8.4095,54.44],[-8.4085,54.4305],[-8.4275,54.421],[-8.4135,54.4145],[-8.395,54.4185],[-8.398,54.4265],[-8.3795,54.4265],[-8.364,54.422],[-8.3445,54.4215],[-8.3475,54.408],[-8.359,54.3965],[-8.3675,54.3715],[-8.3935,54.36],[-8.391,54.3345],[-8.386,54.328],[-8.389,54.3205],[-8.376,54.314],[-8.3555,54.313],[-8.3465,54.299],[-8.3435,54.2805],[-8.3465,54.2745],[-8.3415,54.2515],[-8.3325,54.239],[-8.341,54.223],[-8.332,54.2115],[-8.339,54.2035],[-8.3325,54.1915],[-8.3165,54.189],[-8.3225,54.18],[-8.3135,54.167],[-8.3035,54.167],[-8.2815,54.1525],[-8.261,54.153],[-8.251,54.1595],[-8.2275,54.155],[-8.216,54.1405],[-8.1915,54.13],[-8.1805,54.118],[-8.1635,54.109],[-8.1485,54.1245],[-8.1265,54.12],[-8.111,54.1145],[-8.1055,54.109],[-8.071,54.1045],[-8.053,54.1045],[-8.057,54.0785],[-8.0475,54.0715],[-8.0605,54.058],[-8.075,54.0515],[-8.091,54.035],[-8.091,54.026],[-8.085,54.0105],[-8.0775,54.0045],[-8.078,53.9905],[-8.07,53.989],[-8.074,53.979],[-8.089,53.9765],[-8.095,53.965],[-8.1155,53.954],[-8.0995,53.948],[-8.101,53.944],[-8.0815,53.939],[-8.093,53.9315],[-8.085,53.923],[-8.073,53.9235],[-8.062,53.9095],[-8.049,53.9125],[-8.03,53.9225],[-8.033,53.93],[-8.025,53.936],[-8.013,53.9315],[-8.005,53.9195],[-7.9955,53.922],[-7.9895,53.9155],[-7.9935,53.904],[-7.9775,53.888],[-7.9815,53.884],[-7.9765,53.8655],[-7.9615,53.867],[-7.9405,53.8475],[-7.9285,53.8505],[-7.9185,53.8375],[-7.919,53.8215],[-7.897,53.824],[-7.8825,53.8215],[-7.8685,53.806],[-7.861,53.8125],[-7.8655,53.825],[-7.8545,53.8315],[-7.8465,53.8185],[-7.837,53.811],[-7.829,53.8115],[-7.811,53.8205],[-7.803,53.815],[-7.7885,53.8165],[-7.78,53.829],[-7.782,53.8375],[-7.772,53.846],[-7.777,53.8675],[-7.76,53.8635],[-7.758,53.8735],[-7.7465,53.879],[-7.7375,53.876],[-7.728,53.8815],[-7.7265,53.888],[-7.713,53.891],[-7.7125,53.899],[-7.6905,53.906],[-7.6925,53.9165],[-7.6765,53.9175],[-7.6675,53.9215],[-7.6575,53.9375],[-7.6465,53.9415],[-7.62,53.9355],[-7.6105,53.9385],[-7.6035,53.9505],[-7.5875,53.9575],[-7.594,53.9665],[-7.5855,53.9725],[-7.585,53.981],[-7.5995,53.9855],[-7.5935,53.9975],[-7.601,54.0125],[-7.6015,54.0235],[-7.614,54.0255],[-7.619,54.0185],[-7.6405,54.0225],[-7.6465,54.033],[-7.638,54.043],[-7.655,54.043],[-7.6575,54.0565],[-7.685,54.06],[-7.6915,54.07],[-7.6985,54.0725],[-7.7085,54.084],[-7.7365,54.083],[-7.738,54.0945],[-7.751,54.0955],[-7.7565,54.1065],[-7.7885,54.1085],[-7.8,54.116],[-7.817,54.105],[-7.8225,54.0965],[-7.8575,54.1125],[-7.851,54.1175],[-7.8615,54.1225],[-7.8755,54.1245],[-7.892,54.137],[-7.8885,54.142],[-7.911,54.154],[-7.9265,54.167],[-7.9445,54.171],[-7.953,54.179],[-7.969,54.177],[-7.9845,54.179],[-8,54.1855],[-8.006,54.1925],[-8.0215,54.188],[-8.028,54.19],[-8.0425,54.1835],[-8.048,54.187],[-8.047,54.202],[-8.033,54.211],[-8.052,54.2335],[-8.058,54.236],[-8.041,54.254],[-8.01,54.2485],[-7.9915,54.2575],[-7.9745,54.2735],[-7.9725,54.2845],[-7.9545,54.2965],[-7.9515,54.3],[-7.9465,54.3045],[-7.9545,54.3085],[-7.9615,54.3125],[-7.9635,54.3205],[-7.972,54.331],[-7.9825,54.3365],[-7.9825,54.3375],[-7.983,54.338],[-7.983,54.3385],[-7.983,54.3395],[-7.983,54.34],[-7.984,54.3405],[-7.9855,54.342],[-7.9855,54.343],[-7.9865,54.3435],[-7.9865,54.344],[-7.988,54.345],[-7.992,54.346],[-7.997,54.346],[-7.9985,54.347],[-7.9995,54.347],[-8.0015,54.35],[-8.001,54.351],[-7.9995,54.353],[-7.999,54.3545],[-7.9975,54.3555],[-8.0005,54.358],[-8.005,54.3605],[-8.0075,54.3615],[-8.0315,54.3565],[-8.0345,54.3575],[-8.0355,54.358],[-8.036,54.359],[-8.037,54.3595],[-8.037,54.36],[-8.038,54.3605],[-8.0385,54.3615],[-8.0395,54.3625],[-8.047,54.3625],[-8.056,54.3655],[-8.0645,54.3735],[-8.0635,54.3745],[-8.0645,54.375],[-8.0655,54.377],[-8.0675,54.3795],[-8.068,54.3805],[-8.07,54.383],[-8.076,54.3895],[-8.0785,54.392],[-8.0835,54.3945],[-8.084,54.397],[-8.0975,54.4065],[-8.123,54.421],[-8.154,54.437],[-8.143,54.4505],[-8.143,54.451],[-8.1445,54.452],[-8.148,54.4535],[-8.149,54.454],[-8.152,54.455],[-8.1575,54.4565],[-8.161,54.457],[-8.1675,54.4595],[-8.1775,54.465],[-8.2215,54.473],[-8.2365,54.461],[-8.2525,54.4625],[-8.2705,54.46],[-8.284,54.4645],[-8.2995,54.464],[-8.304,54.4705],[-8.3205,54.4725]]]},"properties":{"COUNTY":"LEITRIM"}},
{"type":"Feature","geometry":{"type":"Polygon","coordinates":[[[-7.7305,52.9575],[-7.7305,52.9625],[-7.708,52.978],[-7.712,52.989],[-7.709,53.0095],[-7.697,53.027],[-7.6775,53.032],[-7.6545,53.0405],[-7.6585,53.0505],[-7.639,53.0615],[-7.622,53.0665],[-7.606,53.0765],[-7.5865,53.1035],[-7.6135,53.1115],[-7.6105,53.118],[-7.6295,53.13],[-7.645,53.143],[-7.646,53.152],[-7.6295,53.162],[-7.632,53.168],[-7.6055,53.173],[-7.595,53.1715],[-7.577,53.176],[-7.5475,53.177],[-7.532,53.1845],[-7.494,53.19],[-7.481,53.194],[-7.453,53.1865],[-7.4325,53.187],[-7.427,53.193],[-7.429,53.207],[-7.4055,53.2125],[-7.391,53.2075],[-7.384,53.2135],[-7.3605,53.2085],[-7.36,53.2035],[-7.3405,53.1915],[-7.3175,53.1695],[-7.333,53.1695],[-7.322,53.1485],[-7.301,53.1345],[-7.286,53.1375],[-7.264,53.1375],[-7.26,53.143],[-7.236,53.1425],[-7.225,53.1505],[-7.217,53.1495],[-7.193,53.162],[-7.1925,53.1675],[-7.1805,53.1745],[-7.1715,53.1575],[-7.152,53.1565],[-7.1405,53.159],[-7.1155,53.1585],[-7.106,53.168],[-7.125,53.1805],[-7.135,53.1795],[-7.1655,53.182],[-7.158,53.191],[-7.136,53.189],[-7.115,53.19],[-7.0985,53.187],[-7.0695,53.1915],[-7.036,53.19],[-7.038,53.208],[-7.0145,53.2135],[-7.013,53.218],[-7.033,53.2275],[-7.049,53.224],[-7.069,53.236],[-7.055,53.236],[-7.0545,53.2425],[-7.019,53.253],[-7.0345,53.2765],[-7.032,53.28],[-7.006,53.283],[-7.006,53.2905],[-7.0135,53.2965],[-6.9775,53.3075],[-6.9905,53.3215],[-7.0245,53.331],[-7.024,53.3435],[-7.044,53.3575],[-7.0575,53.354],[-7.073,53.359],[-7.088,53.3685],[-7.0815,53.382],[-7.0955,53.382],[-7.123,53.3915],[-7.1265,53.395],[-7.144,53.397],[-7.142,53.403],[-7.165,53.4135],[-7.192,53.4235],[-7.2075,53.4225],[-7.2135,53.418],[-7.2155,53.407],[-7.2395,53.4035],[-7.2555,53.3985],[-7.2685,53.3975],[-7.3155,53.375],[-7.329,53.3655],[-7.3655,53.3485],[-7.368,53.341],[-7.399,53.33],[-7.4235,53.335],[-7.444,53.329],[-7.4465,53.32],[-7.456,53.318],[-7.463,53.3285],[-7.4725,53.3325],[-7.4855,53.329],[-7.495,53.3305],[-7.494,53.341],[-7.529,53.347],[-7.54,53.336],[-7.557,53.348],[-7.5675,53.361],[-7.567,53.3785],[-7.582,53.387],[-7.583,53.395],[-7.605,53.4005],[-7.6065,53.4115],[-7.625,53.418],[-7.6455,53.411],[-7.6485,53.405],[-7.6615,53.408],[-7.673,53.402],[-7.68,53.394],[-7.689,53.3945],[-7.696,53.381],[-7.7095,53.3805],[-7.7115,53.3705],[-7.704,53.3665],[-7.7175,53.36],[-7.772,53.347],[-7.7945,53.353],[-7.8045,53.3505],[-7.8255,53.3555],[-7.837,53.3535],[-7.8465,53.341],[-7.8535,53.3465],[-7.8825,53.349],[-7.9045,53.3605],[-7.9235,53.363],[-7.937,53.358],[-7.9435,53.35],[-7.942,53.3425],[-7.968,53.3355],[-7.983,53.3375],[-7.991,53.3275],[-8.0035,53.322],[-8.012,53.3245],[-8.027,53.321],[-8.0245,53.304],[-8.037,53.2915],[-8.045,53.2895],[-8.0555,53.274],[-8.044,53.272],[-8.0305,53.2635],[-8.0275,53.2535],[-8.0085,53.2515],[-8.0005,53.245],[-7.983,53.24],[-7.9675,53.2265],[-7.974,53.2095],[-7.9925,53.1935],[-8.024,53.1955],[-8.0485,53.194],[-8.0615,53.188],[-8.0815,53.167],[-8.062,53.1595],[-8.0555,53.154],[-8.019,53.1475],[-8.0015,53.1385],[-7.9925,53.139],[-7.9775,53.1345],[-7.974,53.129],[-7.9555,53.1255],[-7.9405,53.118],[-7.936,53.11],[-7.921,53.105],[-7.928,53.097],[-7.9205,53.089],[-7.9285,53.0785],[-7.9265,53.0685],[-7.943,53.0435],[-7.9545,53.0465],[-7.9635,53.042],[-7.9635,53.0165],[-7.96,53.0065],[-7.95,52.9955],[-7.9605,52.9925],[-7.979,52.9975],[-7.993,52.999],[-8.003,52.9935],[-8.008,52.984],[-7.9875,52.9725],[-7.988,52.9655],[-7.975,52.949],[-7.9855,52.9465],[-7.986,52.9375],[-7.993,52.931],[-8.013,52.9285],[-8.0395,52.9385],[-8.046,52.938],[-8.055,52.928],[-8.038,52.912],[-8.043,52.903],[-8.0395,52.889],[-8.0255,52.8905],[-7.9995,52.8815],[-7.9935,52.8735],[-7.9945,52.865],[-7.9885,52.855],[-7.969,52.8485],[-7.964,52.857],[-7.945,52.8665],[-7.946,52.8805],[-7.9615,52.891],[-7.9565,52.894],[-7.9395,52.8885],[-7.9325,52.8765],[-7.9125,52.884],[-7.919,52.893],[-7.896,52.893],[-7.8845,52.8995],[-7.893,52.9075],[-7.8605,52.916],[-7.8715,52.924],[-7.845,52.9325],[-7.85,52.94],[-7.8625,52.9425],[-7.8645,52.9565],[-7.8455,52.9555],[-7.828,52.9655],[-7.813,52.978],[-7.802,52.982],[-7.785,52.9715],[-7.7705,52.9705],[-7.7305,52.9575]]]},"properties":{"COUNTY":"OFFALY"}},
{"type":"Feature","geometry":{"type":"Polygon","coordinates":[[[-7.0605,52.793],[-7.0495,52.7945],[-7.04,52.808],[-7.0215,52.8105],[-7.012,52.808],[-6.9655,52.8095],[-6.9505,52.816],[-6.9375,52.8285],[-6.946,52.8395],[-6.933,52.8435],[-6.937,52.8605],[-6.934,52.8655],[-6.9395,52.88],[-6.943,52.8915],[-6.9355,52.9005],[-6.9345,52.915],[-6.952,52.938],[-6.955,52.9475],[-6.97,52.9585],[-6.9705,52.969],[-6.98,52.978],[-7.0155,52.9685],[-7.035,52.9785],[-7.0535,52.9785],[-7.0655,52.983],[-7.069,52.9915],[-7.0885,52.999],[-7.086,53.0145],[-7.0685,53.0215],[-7.072,53.031],[-7.058,53.0375],[-7.06,53.0525],[-7.048,53.057],[-7.053,53.0675],[-7.045,53.0735],[-7.0555,53.09],[-7.053,53.0945],[-7.0605,53.1065],[-7.0755,53.11],[-7.0795,53.119],[-7.0965,53.1405],[-7.0935,53.1515],[-7.0865,53.158],[-7.0725,53.1495],[-7.064,53.1605],[-7.0665,53.1695],[-7.0785,53.1725],[-7.099,53.1725],[-7.106,53.168],[-7.1155,53.1585],[-7.1405,53.159],[-7.152,53.1565],[-7.1715,53.1575],[-7.1805,53.1745],[-7.1925,53.1675],[-7.193,53.162],[-7.217,53.1495],[-7.225,53.1505],[-7.236,53.1425],[-7.26,53.143],[-7.264,53.1375],[-7.286,53.1375],[-7.301,53.1345],[-7.322,53.1485],[-7.333,53.1695],[-7.3175,53.1695],[-7.3405,53.1915],[-7.36,53.2035],[-7.3605,53.2085],[-7.384,53.2135],[-7.391,53.2075],[-7.4055,53.2125],[-7.429,53.207],[-7.427,53.193],[-7.4325,53.187],[-7.453,53.1865],[-7.481,53.194],[-7.494,53.19],[-7.532,53.1845],[-7.5475,53.177],[-7.577,53.176],[-7.595,53.1715],[-7.6055,53.173],[-7.632,53.168],[-7.6295,53.162],[-7.646,53.152],[-7.645,53.143],[-7.6295,53.13],[-7.6105,53.118],[-7.6135,53.1115],[-7.5865,53.1035],[-7.606,53.0765],[-7.622,53.0665],[-7.639,53.0615],[-7.6585,53.0505],[-7.6545,53.0405],[-7.6775,53.032],[-7.697,53.027],[-7.709,53.0095],[-7.712,52.989],[-7.708,52.978],[-7.7305,52.9625],[-7.7305,52.9575],[-7.726,52.946],[-7.706,52.9385],[-7.702,52.934],[-7.685,52.933],[-7.661,52.9355],[-7.6645,52.9225],[-7.676,52.9155],[-7.685,52.9145],[-7.706,52.902],[-7.7085,52.8915],[-7.7255,52.8875],[-7.7175,52.865],[-7.7345,52.8585],[-7.732,52.852],[-7.7165,52.8375],[-7.697,52.832],[-7.6885,52.816],[-7.6895,52.808],[-7.6805,52.8055],[-7.674,52.7815],[-7.6475,52.79],[-7.634,52.788],[-7.614,52.7925],[-7.617,52.8095],[-7.5885,52.8195],[-7.5785,52.8285],[-7.5565,52.8145],[-7.5595,52.8085],[-7.5345,52.805],[-7.529,52.811],[-7.4895,52.7975],[-7.4795,52.787],[-7.4485,52.7875],[-7.4465,52.7955],[-7.431,52.8025],[-7.413,52.8005],[-7.399,52.796],[-7.3925,52.802],[-7.3875,52.8195],[-7.3785,52.823],[-7.374,52.8305],[-7.364,52.8305],[-7.3605,52.815],[-7.3485,52.8125],[-7.3485,52.8215],[-7.343,52.8345],[-7.345,52.8385],[-7.3295,52.8515],[-7.3225,52.8625],[-7.3105,52.8665],[-7.2775,52.854],[-7.2595,52.849],[-7.2435,52.863],[-7.2475,52.8785],[-7.2205,52.877],[-7.2045,52.8905],[-7.189,52.894],[-7.177,52.8845],[-7.163,52.882],[-7.14,52.869],[-7.1415,52.848],[-7.1285,52.841],[-7.121,52.825],[-7.099,52.827],[-7.087,52.8165],[-7.0705,52.813],[-7.0605,52.793]]]},"properties":{"COUNTY":"LAOIS"}},
{"type":"Feature","geometry":{"type":"Polygon","coordinates":[[[-6.46,53.3885],[-6.485,53.3905],[-6.4935,53.3845],[-6.523,53.394],[-6.532,53.394],[-6.5465,53.405],[-6.573,53.389],[-6.5935,53.396],[-6.6095,53.3985],[-6.65,53.395],[-6.662,53.3975],[-6.6695,53.408],[-6.68,53.409],[-6.71,53.42],[-6.754,53.429],[-6.7695,53.429],[-6.7915,53.4185],[-6.8015,53.4105],[-6.8115,53.3985],[-6.8475,53.404],[-6.862,53.412],[-6.8835,53.415],[-6.892,53.4265],[-6.9035,53.4295],[-6.915,53.4375],[-6.9175,53.4495],[-6.9465,53.442],[-6.963,53.451],[-6.977,53.449],[-7.0095,53.4355],[-7.014,53.425],[-7.0225,53.422],[-7.034,53.4095],[-7.045,53.408],[-7.0745,53.396],[-7.0815,53.382],[-7.088,53.3685],[-7.073,53.359],[-7.0575,53.354],[-7.044,53.3575],[-7.024,53.3435],[-7.0245,53.331],[-6.9905,53.3215],[-6.9775,53.3075],[-7.0135,53.2965],[-7.006,53.2905],[-7.006,53.283],[-7.032,53.28],[-7.0345,53.2765],[-7.019,53.253],[-7.0545,53.2425],[-7.055,53.236],[-7.069,53.236],[-7.049,53.224],[-7.033,53.2275],[-7.013,53.218],[-7.0145,53.2135],[-7.038,53.208],[-7.036,53.19],[-7.0695,53.1915],[-7.0985,53.187],[-7.115,53.19],[-7.136,53.189],[-7.158,53.191],[-7.1655,53.182],[-7.135,53.1795],[-7.125,53.1805],[-7.106,53.168],[-7.099,53.1725],[-7.0785,53.1725],[-7.0665,53.1695],[-7.064,53.1605],[-7.0725,53.1495],[-7.0865,53.158],[-7.0935,53.1515],[-7.0965,53.1405],[-7.0795,53.119],[-7.0755,53.11],[-7.0605,53.1065],[-7.053,53.0945],[-7.0555,53.09],[-7.045,53.0735],[-7.053,53.0675],[-7.048,53.057],[-7.06,53.0525],[-7.058,53.0375],[-7.072,53.031],[-7.0685,53.0215],[-7.086,53.0145],[-7.0885,52.999],[-7.069,52.9915],[-7.0655,52.983],[-7.0535,52.9785],[-7.035,52.9785],[-7.0155,52.9685],[-6.98,52.978],[-6.9705,52.969],[-6.97,52.9585],[-6.955,52.9475],[-6.952,52.938],[-6.9345,52.915],[-6.9355,52.9005],[-6.943,52.8915],[-6.9395,52.88],[-6.9295,52.885],[-6.9125,52.8745],[-6.9035,52.866],[-6.8795,52.8575],[-6.8685,52.8615],[-6.8765,52.8735],[-6.871,52.876],[-6.8565,52.8615],[-6.846,52.8605],[-6.825,52.869],[-6.8095,52.8715],[-6.788,52.8705],[-6.768,52.8795],[-6.7655,52.8895],[-6.7505,52.889],[-6.745,52.8995],[-6.749,52.907],[-6.737,52.916],[-6.7305,52.9265],[-6.74,52.935],[-6.7365,52.941],[-6.7425,52.9485],[-6.7605,52.9585],[-6.779,52.978],[-6.787,52.977],[-6.792,52.992],[-6.785,53.0005],[-6.766,53.0085],[-6.776,53.0135],[-6.7705,53.023],[-6.757,53.025],[-6.7315,53.0465],[-6.7295,53.0595],[-6.733,53.065],[-6.7175,53.0715],[-6.703,53.0725],[-6.668,53.0825],[-6.662,53.0885],[-6.6295,53.092],[-6.6245,53.1045],[-6.6105,53.102],[-6.5985,53.109],[-6.574,53.13],[-6.5765,53.1495],[-6.5535,53.1575],[-6.544,53.1695],[-6.562,53.179],[-6.55,53.1875],[-6.5345,53.1905],[-6.518,53.189],[-6.5,53.2025],[-6.5085,53.2145],[-6.493,53.2215],[-6.4755,53.2345],[-6.5175,53.249],[-6.533,53.2485],[-6.518,53.2645],[-6.539,53.2755],[-6.544,53.282],[-6.5285,53.2905],[-6.527,53.3015],[-6.5425,53.307],[-6.528,53.3135],[-6.518,53.325],[-6.501,53.321],[-6.4905,53.3365],[-6.4985,53.346],[-6.4895,53.363],[-6.475,53.363],[-6.47,53.3795],[-6.46,53.3885]]]},"properties":{"COUNTY":"KILDARE"}},
{"type":"Feature","geometry":{"type":"MultiPolygon","coordinates":[[[[-10.507,52.1045],[-10.5215,52.105],[-10.5345,52.0975],[-10.5475,52.0955],[-10.5675,52.086],[-10.559,52.083],[-10.514,52.0975],[-10.507,52.1045]]],[[[-9.7995,51.8295],[-9.8085,51.828],[-9.805,51.8185],[-9.791,51.826],[-9.7995,51.8295]]],[[[-10.3395,51.898],[-10.3075,51.906],[-10.289,51.916],[-10.2875,51.927],[-10.2955,51.9285],[-10.3175,51.924],[-10.33,51.93],[-10.353,51.933],[-10.3505,51.925],[-10.3795,51.9135],[-10.396,51.9145],[-10.4225,51.899],[-10.425,51.8875],[-10.421,51.8815],[-10.39,51.8925],[-10.382,51.887],[-10.356,51.8905],[-10.3395,51.898]]],[[[-10.237,51.7345],[-10.2565,51.7345],[-10.2625,51.727],[-10.2455,51.726],[-10.237,51.7345]]],[[[-9.345,52.5895],[-9.3565,52.601],[-9.3725,52.6015],[-9.408,52.592],[-9.437,52.5965],[-9.5355,52.5985],[-9.6355,52.5995],[-9.657,52.5925],[-9.6795,52.573],[-9.663,52.562],[-9.6615,52.5565],[-9.678,52.5485],[-9.668,52.5395],[-9.6715,52.5305],[-9.682,52.5295],[-9.676,52.5185],[-9.682,52.5095],[-9.681,52.496],[-9.6895,52.483],[-9.7085,52.4815],[-9.7315,52.4735],[-9.748,52.465],[-9.7575,52.4545],[-9.7825,52.446],[-9.7965,52.446],[-9.825,52.435],[-9.8445,52.433],[-9.8665,52.427],[-9.8745,52.4315],[-9.919,52.431],[-9.9435,52.422],[-9.9475,52.41],[-9.9305,52.401],[-9.8935,52.3945],[-9.87,52.3915],[-9.8545,52.3925],[-9.838,52.3895],[-9.832,52.375],[-9.837,52.3605],[-9.835,52.3385],[-9.852,52.309],[-9.868,52.3015],[-9.8585,52.298],[-9.834,52.2985],[-9.838,52.2915],[-9.8605,52.289],[-9.8625,52.2935],[-9.8855,52.302],[-9.89,52.2965],[-9.8735,52.283],[-9.8755,52.2745],[-9.86,52.276],[-9.851,52.2805],[-9.8355,52.276],[-9.794,52.2715],[-9.778,52.2755],[-9.767,52.27],[-9.7535,52.268],[-9.747,52.2565],[-9.767,52.249],[-9.7825,52.253],[-9.805,52.2445],[-9.819,52.244],[-9.839,52.2485],[-9.8515,52.2415],[-9.896,52.2295],[-9.906,52.2285],[-9.9235,52.2345],[-9.9505,52.2315],[-9.973,52.239],[-9.982,52.247],[-9.9985,52.25],[-10.021,52.2665],[-10.023,52.28],[-10.0135,52.285],[-10.0145,52.304],[-10.042,52.303],[-10.033,52.2905],[-10.0355,52.281],[-10.0505,52.2675],[-10.0835,52.249],[-10.1055,52.2445],[-10.136,52.244],[-10.1375,52.2385],[-10.171,52.236],[-10.1705,52.2425],[-10.15,52.262],[-10.162,52.266],[-10.1555,52.277],[-10.1575,52.288],[-10.179,52.2905],[-10.209,52.2815],[-10.2205,52.276],[-10.244,52.275],[-10.261,52.2705],[-10.2695,52.2595],[-10.2935,52.258],[-10.294,52.2515],[-10.3055,52.241],[-10.3275,52.236],[-10.3575,52.2365],[-10.3735,52.2205],[-10.359,52.2165],[-10.3565,52.2115],[-10.3785,52.1975],[-10.3785,52.191],[-10.367,52.1865],[-10.3665,52.181],[-10.374,52.173],[-10.384,52.179],[-10.4025,52.1795],[-10.4145,52.184],[-10.4145,52.1955],[-10.404,52.2045],[-10.411,52.207],[-10.4325,52.199],[-10.4375,52.1925],[-10.4485,52.192],[-10.471,52.182],[-10.4555,52.179],[-10.4485,52.1725],[-10.4605,52.161],[-10.47,52.135],[-10.4595,52.121],[-10.4655,52.1145],[-10.4525,52.097],[-10.425,52.099],[-10.393,52.106],[-10.356,52.1055],[-10.363,52.1155],[-10.373,52.115],[-10.373,52.1265],[-10.361,52.1325],[-10.3395,52.126],[-10.3185,52.1155],[-10.3015,52.114],[-10.2915,52.1105],[-10.284,52.114],[-10.2645,52.1145],[-10.267,52.1235],[-10.3115,52.1295],[-10.299,52.1355],[-10.272,52.1385],[-10.248,52.1165],[-10.228,52.119],[-10.2145,52.124],[-10.205,52.1205],[-10.204,52.113],[-10.1945,52.1075],[-10.16,52.12],[-10.1405,52.118],[-10.129,52.114],[-10.1165,52.1185],[-10.107,52.127],[-10.092,52.124],[-10.0725,52.1285],[-10.051,52.1365],[-10.0035,52.1405],[-9.987,52.1435],[-9.9725,52.131],[-9.9575,52.113],[-9.9465,52.1065],[-9.9325,52.111],[-9.9465,52.121],[-9.946,52.127],[-9.968,52.1405],[-9.949,52.147],[-9.9365,52.1465],[-9.8825,52.1565],[-9.8705,52.155],[-9.865,52.1595],[-9.84,52.157],[-9.824,52.16],[-9.8115,52.154],[-9.8025,52.1605],[-9.792,52.1515],[-9.7995,52.143],[-9.794,52.131],[-9.813,52.132],[-9.821,52.1255],[-9.834,52.1275],[-9.8485,52.1205],[-9.8505,52.116],[-9.89,52.1105],[-9.899,52.13],[-9.903,52.113],[-9.912,52.1005],[-9.925,52.0955],[-9.9355,52.085],[-9.9395,52.0755],[-9.9605,52.061],[-9.9845,52.0505],[-10.0315,52.0365],[-10.0565,52.0405],[-10.092,52.033],[-10.1,52.028],[-10.1185,52.026],[-10.131,52.0295],[-10.155,52.0215],[-10.163,52.0145],[-10.1825,52.0125],[-10.208,52.002],[-10.211,51.992],[-10.242,51.9935],[-10.257,51.992],[-10.2655,51.98],[-10.2655,51.9675],[-10.2805,51.97],[-10.309,51.962],[-10.321,51.952],[-10.2805,51.952],[-10.269,51.9395],[-10.2615,51.947],[-10.246,51.9405],[-10.27,51.934],[-10.277,51.9285],[-10.256,51.9235],[-10.2575,51.913],[-10.2785,51.9125],[-10.286,51.9025],[-10.306,51.8985],[-10.322,51.8915],[-10.339,51.8915],[-10.3505,51.8845],[-10.3645,51.8865],[-10.3985,51.879],[-10.3875,51.873],[-10.3835,51.8595],[-10.395,51.848],[-10.39,51.842],[-10.373,51.842],[-10.362,51.8465],[-10.341,51.8445],[-10.3365,51.836],[-10.3395,51.8135],[-10.3355,51.804],[-10.3515,51.7985],[-10.34,51.7845],[-10.3075,51.795],[-10.299,51.802],[-10.283,51.8035],[-10.2745,51.811],[-10.272,51.8235],[-10.2545,51.832],[-10.253,51.8395],[-10.2335,51.845],[-10.206,51.8425],[-10.192,51.834],[-10.177,51.8305],[-10.1725,51.825],[-10.179,51.8085],[-10.18,51.788],[-10.2055,51.781],[-10.178,51.766],[-10.1655,51.768],[-10.151,51.7655],[-10.143,51.76],[-10.127,51.7595],[-10.1115,51.7625],[-10.1355,51.7445],[-10.1235,51.7455],[-10.104,51.751],[-10.096,51.757],[-10.0835,51.756],[-10.0755,51.7615],[-10.067,51.7585],[-10.061,51.7675],[-10.0505,51.7735],[-10.0155,51.7705],[-10.0045,51.7745],[-9.991,51.7835],[-9.9705,51.7885],[-9.948,51.8015],[-9.937,51.8],[-9.9265,51.8045],[-9.908,51.804],[-9.9015,51.815],[-9.8785,51.8145],[-9.85,51.808],[-9.8295,51.8155],[-9.8295,51.8255],[-9.785,51.8345],[-9.7745,51.841],[-9.739,51.849],[-9.731,51.853],[-9.6965,51.86],[-9.688,51.8605],[-9.6585,51.8695],[-9.636,51.8715],[-9.6245,51.867],[-9.5935,51.874],[-9.5845,51.8705],[-9.6285,51.856],[-9.644,51.8495],[-9.645,51.8445],[-9.662,51.8445],[-9.725,51.8375],[-9.743,51.829],[-9.7455,51.8205],[-9.7625,51.816],[-9.789,51.798],[-9.8055,51.7935],[-9.8235,51.7855],[-9.819,51.779],[-9.8055,51.7805],[-9.796,51.777],[-9.779,51.764],[-9.803,51.7605],[-9.8175,51.7685],[-9.8415,51.7655],[-9.8345,51.7745],[-9.8455,51.778],[-9.8555,51.765],[-9.8465,51.7585],[-9.8565,51.7515],[-9.8505,51.743],[-9.8335,51.733],[-9.8435,51.7225],[-9.824,51.7175],[-9.8265,51.7005],[-9.8335,51.6945],[-9.8215,51.6885],[-9.809,51.692],[-9.7915,51.6925],[-9.782,51.7015],[-9.761,51.7115],[-9.7605,51.7195],[-9.7305,51.733],[-9.724,51.74],[-9.7075,51.744],[-9.6925,51.7425],[-9.6645,51.75],[-9.657,51.764],[-9.6505,51.765],[-9.623,51.7855],[-9.5995,51.788],[-9.581,51.784],[-9.5665,51.7895],[-9.555,51.7875],[-9.54,51.7905],[-9.525,51.787],[-9.499,51.79],[-9.481,51.7895],[-9.4635,51.798],[-9.4435,51.8025],[-9.446,51.8075],[-9.438,51.8235],[-9.3995,51.8285],[-9.3885,51.8365],[-9.3565,51.8365],[-9.349,51.8435],[-9.33,51.8465],[-9.3245,51.857],[-9.3055,51.8655],[-9.3015,51.879],[-9.285,51.885],[-9.279,51.894],[-9.289,51.903],[-9.286,51.9145],[-9.302,51.924],[-9.3015,51.933],[-9.3075,51.942],[-9.3035,51.946],[-9.281,51.9555],[-9.262,51.96],[-9.2555,51.9695],[-9.237,51.9705],[-9.2135,51.975],[-9.195,51.9825],[-9.1645,51.983],[-9.1565,51.986],[-9.138,51.9825],[-9.1195,51.996],[-9.132,52.0055],[-9.1605,52.006],[-9.179,52.0145],[-9.184,52.027],[-9.2115,52.0235],[-9.221,52.048],[-9.2175,52.062],[-9.208,52.0725],[-9.1865,52.079],[-9.2045,52.088],[-9.211,52.0995],[-9.208,52.1055],[-9.226,52.1195],[-9.229,52.134],[-9.24,52.146],[-9.2315,52.177],[-9.243,52.1805],[-9.2515,52.206],[-9.276,52.2295],[-9.2705,52.2495],[-9.274,52.2545],[-9.252,52.2625],[-9.247,52.268],[-9.25,52.2755],[-9.2435,52.2795],[-9.2155,52.2825],[-9.211,52.29],[-9.2175,52.298],[-9.2305,52.304],[-9.2405,52.3215],[-9.261,52.325],[-9.2765,52.3315],[-9.2975,52.334],[-9.3295,52.3545],[-9.339,52.354],[-9.3475,52.361],[-9.344,52.367],[-9.3115,52.3765],[-9.3035,52.389],[-9.315,52.397],[-9.3395,52.4045],[-9.339,52.412],[-9.328,52.423],[-9.307,52.4285],[-9.319,52.4425],[-9.326,52.4435],[-9.3325,52.4565],[-9.34,52.4625],[-9.3395,52.4735],[-9.3225,52.4715],[-9.316,52.4795],[-9.3185,52.491],[-9.313,52.4955],[-9.2975,52.496],[-9.305,52.5215],[-9.326,52.5275],[-9.336,52.539],[-9.3485,52.5415],[-9.3375,52.5615],[-9.3545,52.562],[-9.3535,52.5675],[-9.3675,52.5745],[-9.36,52.583],[-9.345,52.5895]]]]},"properties":{"COUNTY":"KERRY"}},
{"type":"Feature","geometry":{"type":"Polygon","coordinates":[[[-6.595,54.0445],[-6.5985,54.046],[-6.6,54.045],[-6.601,54.0445],[-6.602,54.045],[-6.6045,54.045],[-6.605,54.044],[-6.6055,54.0415],[-6.6065,54.0395],[-6.6105,54.0415],[-6.6115,54.0415],[-6.613,54.0415],[-6.614,54.0415],[-6.616,54.0425],[-6.617,54.042],[-6.6165,54.0415],[-6.6165,54.041],[-6.6175,54.039],[-6.6185,54.0385],[-6.6195,54.0395],[-6.6235,54.039],[-6.624,54.038],[-6.6235,54.0375],[-6.624,54.0365],[-6.625,54.0375],[-6.6275,54.0395],[-6.629,54.0425],[-6.63,54.0435],[-6.6305,54.0435],[-6.6335,54.0435],[-6.6345,54.044],[-6.6355,54.044],[-6.636,54.044],[-6.6355,54.045],[-6.6365,54.046],[-6.639,54.0465],[-6.641,54.0485],[-6.641,54.049],[-6.64,54.0495],[-6.64,54.05],[-6.643,54.053],[-6.645,54.053],[-6.6465,54.055],[-6.6475,54.057],[-6.6465,54.0585],[-6.647,54.059],[-6.6485,54.059],[-6.6495,54.06],[-6.65,54.061],[-6.65,54.0615],[-6.651,54.062],[-6.652,54.0615],[-6.6555,54.062],[-6.657,54.062],[-6.6575,54.062],[-6.661,54.063],[-6.6615,54.064],[-6.663,54.065],[-6.665,54.0665],[-6.6645,54.0675],[-6.664,54.0685],[-6.6645,54.0695],[-6.666,54.071],[-6.667,54.071],[-6.668,54.071],[-6.6685,54.072],[-6.669,54.073],[-6.669,54.0735],[-6.665,54.074],[-6.663,54.0735],[-6.662,54.0735],[-6.661,54.074],[-6.661,54.0745],[-6.66,54.0745],[-6.6585,54.0755],[-6.658,54.0765],[-6.659,54.077],[-6.659,54.0775],[-6.6585,54.078],[-6.6585,54.0785],[-6.658,54.079],[-6.6585,54.0795],[-6.6575,54.0805],[-6.6585,54.0835],[-6.658,54.085],[-6.656,54.0865],[-6.6555,54.087],[-6.6565,54.088],[-6.657,54.088],[-6.6585,54.0875],[-6.659,54.088],[-6.6595,54.089],[-6.6605,54.0895],[-6.661,54.09],[-6.661,54.0905],[-6.6615,54.091],[-6.6615,54.092],[-6.661,54.0935],[-6.659,54.096],[-6.658,54.096],[-6.6575,54.0955],[-6.6565,54.095],[-6.6555,54.094],[-6.6555,54.0935],[-6.6545,54.0935],[-6.653,54.0935],[-6.652,54.093],[-6.651,54.093],[-6.65,54.0935],[-6.6495,54.0945],[-6.647,54.0955],[-6.645,54.096],[-6.645,54.099],[-6.6605,54.1175],[-6.661,54.1185],[-6.6605,54.12],[-6.661,54.1205],[-6.661,54.1225],[-6.6605,54.1235],[-6.6595,54.1235],[-6.6575,54.124],[-6.6555,54.124],[-6.654,54.1235],[-6.6515,54.1215],[-6.651,54.1215],[-6.649,54.1215],[-6.6485,54.122],[-6.6485,54.1225],[-6.6485,54.124],[-6.6495,54.125],[-6.65,54.1255],[-6.651,54.127],[-6.6495,54.127],[-6.649,54.1275],[-6.6495,54.128],[-6.649,54.1285],[-6.65,54.1295],[-6.649,54.13],[-6.648,54.13],[-6.646,54.13],[-6.646,54.1305],[-6.6445,54.1305],[-6.6445,54.13],[-6.643,54.13],[-6.642,54.13],[-6.642,54.131],[-6.641,54.131],[-6.64,54.1315],[-6.6395,54.132],[-6.64,54.133],[-6.64,54.134],[-6.639,54.1355],[-6.639,54.137],[-6.6395,54.1375],[-6.6405,54.1385],[-6.641,54.139],[-6.6405,54.1395],[-6.641,54.14],[-6.64,54.1405],[-6.641,54.141],[-6.641,54.142],[-6.6405,54.1425],[-6.6395,54.142],[-6.6385,54.1425],[-6.637,54.1435],[-6.638,54.145],[-6.637,54.1455],[-6.6365,54.146],[-6.635,54.146],[-6.6315,54.147],[-6.6315,54.1475],[-6.631,54.1495],[-6.632,54.1505],[-6.631,54.152],[-6.631,54.1525],[-6.6305,54.1535],[-6.6295,54.1535],[-6.63,54.1545],[-6.633,54.158],[-6.6365,54.17],[-6.6395,54.1725],[-6.6425,54.1755],[-6.643,54.1765],[-6.644,54.1795],[-6.6445,54.18],[-6.6465,54.1795],[-6.6495,54.1795],[-6.6535,54.1825],[-6.6565,54.1845],[-6.6575,54.185],[-6.663,54.1895],[-6.6645,54.193],[-6.6795,54.195],[-6.688,54.195],[-6.691,54.1995],[-6.6915,54.2],[-6.6945,54.2],[-6.695,54.1995],[-6.6955,54.199],[-6.699,54.2],[-6.7015,54.2005],[-6.7065,54.2],[-6.7105,54.1975],[-6.711,54.197],[-6.711,54.1965],[-6.713,54.1955],[-6.7135,54.1955],[-6.714,54.194],[-6.7135,54.1935],[-6.7135,54.193],[-6.713,54.1915],[-6.7185,54.189],[-6.721,54.187],[-6.721,54.182],[-6.7225,54.1815],[-6.7275,54.1825],[-6.732,54.1855],[-6.735,54.186],[-6.7385,54.1815],[-6.741,54.182],[-6.7425,54.1825],[-6.744,54.1835],[-6.745,54.185],[-6.7505,54.1945],[-6.756,54.199],[-6.7745,54.199],[-6.7965,54.2115],[-6.8005,54.221],[-6.815,54.227],[-6.817,54.23],[-6.8185,54.2305],[-6.8185,54.232],[-6.82,54.233],[-6.8195,54.2345],[-6.82,54.2355],[-6.819,54.238],[-6.819,54.2385],[-6.82,54.2395],[-6.8225,54.2405],[-6.8265,54.2465],[-6.829,54.2475],[-6.829,54.2485],[-6.8285,54.2495],[-6.8285,54.2515],[-6.8295,54.2525],[-6.8295,54.253],[-6.829,54.254],[-6.829,54.255],[-6.8295,54.2575],[-6.8365,54.2665],[-6.852,54.265],[-6.8575,54.2685],[-6.8585,54.2685],[-6.86,54.2695],[-6.8625,54.27],[-6.8645,54.2695],[-6.8655,54.2695],[-6.866,54.27],[-6.866,54.2705],[-6.8665,54.2715],[-6.877,54.278],[-6.878,54.2795],[-6.876,54.2815],[-6.875,54.2815],[-6.8745,54.282],[-6.8755,54.2835],[-6.877,54.284],[-6.8775,54.2855],[-6.875,54.2855],[-6.8745,54.286],[-6.8745,54.2865],[-6.875,54.287],[-6.875,54.2875],[-6.8735,54.2875],[-6.872,54.288],[-6.8695,54.2875],[-6.8695,54.287],[-6.8685,54.287],[-6.8675,54.2855],[-6.868,54.285],[-6.8675,54.284],[-6.868,54.2835],[-6.868,54.283],[-6.868,54.282],[-6.8615,54.281],[-6.859,54.282],[-6.8585,54.2825],[-6.8585,54.2835],[-6.86,54.286],[-6.861,54.287],[-6.8605,54.288],[-6.8605,54.2895],[-6.859,54.289],[-6.858,54.2895],[-6.8575,54.29],[-6.8565,54.29],[-6.856,54.29],[-6.854,54.29],[-6.8535,54.2905],[-6.853,54.2905],[-6.8515,54.2915],[-6.851,54.292],[-6.8515,54.2925],[-6.8525,54.2925],[-6.853,54.2945],[-6.853,54.295],[-6.8515,54.2955],[-6.851,54.297],[-6.851,54.2975],[-6.8525,54.299],[-6.8525,54.3005],[-6.8535,54.3015],[-6.856,54.302],[-6.858,54.303],[-6.859,54.304],[-6.859,54.3045],[-6.858,54.3045],[-6.8575,54.3065],[-6.8585,54.307],[-6.8595,54.308],[-6.859,54.3085],[-6.8575,54.309],[-6.857,54.31],[-6.857,54.3115],[-6.8565,54.312],[-6.857,54.3125],[-6.8565,54.3135],[-6.8595,54.3145],[-6.861,54.3145],[-6.8635,54.315],[-6.8635,54.319],[-6.864,54.32],[-6.864,54.3225],[-6.8645,54.3235],[-6.8635,54.325],[-6.865,54.3255],[-6.8655,54.3265],[-6.8655,54.3275],[-6.865,54.329],[-6.8725,54.335],[-6.8755,54.342],[-6.8755,54.3435],[-6.8755,54.344],[-6.876,54.345],[-6.8765,54.3455],[-6.876,54.346],[-6.876,54.3465],[-6.877,54.347],[-6.881,54.3465],[-6.882,54.3465],[-6.884,54.3465],[-6.886,54.346],[-6.8875,54.348],[-6.8875,54.349],[-6.889,54.3495],[-6.891,54.3495],[-6.892,54.351],[-6.893,54.351],[-6.894,54.351],[-6.9045,54.358],[-6.911,54.3725],[-6.912,54.373],[-6.911,54.3735],[-6.9115,54.375],[-6.9165,54.377],[-6.917,54.378],[-6.9195,54.3785],[-6.9225,54.3785],[-6.923,54.378],[-6.925,54.3775],[-6.9255,54.3765],[-6.926,54.376],[-6.927,54.376],[-6.9265,54.3765],[-6.9275,54.377],[-6.9295,54.3765],[-6.93,54.376],[-6.931,54.376],[-6.932,54.377],[-6.9325,54.378],[-6.933,54.379],[-6.9335,54.38],[-6.933,54.38],[-6.9315,54.38],[-6.93,54.38],[-6.9295,54.38],[-6.924,54.3825],[-6.924,54.383],[-6.925,54.383],[-6.927,54.383],[-6.928,54.383],[-6.929,54.384],[-6.931,54.384],[-6.9325,54.3845],[-6.934,54.3845],[-6.935,54.384],[-6.937,54.3835],[-6.938,54.383],[-6.9385,54.3835],[-6.9415,54.385],[-6.9435,54.3855],[-6.945,54.3865],[-6.9455,54.3875],[-6.947,54.3905],[-6.959,54.3975],[-6.9755,54.4],[-6.9765,54.406],[-6.9775,54.4065],[-6.9795,54.407],[-6.981,54.4075],[-6.981,54.408],[-6.9795,54.408],[-6.981,54.4085],[-6.9815,54.4095],[-6.9825,54.4095],[-6.9835,54.409],[-6.9845,54.4095],[-6.9855,54.409],[-6.9865,54.409],[-6.987,54.409],[-6.9885,54.4095],[-6.9895,54.409],[-6.99,54.408],[-6.989,54.407],[-6.9915,54.4065],[-6.9935,54.4055],[-6.994,54.405],[-6.996,54.4055],[-6.9955,54.406],[-6.996,54.4065],[-7,54.4065],[-7.0005,54.407],[-7.0005,54.408],[-7.002,54.4085],[-7.002,54.41],[-7.001,54.411],[-6.999,54.4105],[-6.999,54.4115],[-7,54.4125],[-7.0005,54.413],[-7.002,54.4135],[-7.005,54.4135],[-7.007,54.415],[-7.0115,54.416],[-7.012,54.4165],[-7.0135,54.417],[-7.014,54.417],[-7.014,54.416],[-7.0145,54.4155],[-7.0155,54.416],[-7.0165,54.416],[-7.0165,54.4155],[-7.015,54.4145],[-7.0165,54.414],[-7.017,54.414],[-7.019,54.416],[-7.02,54.4165],[-7.0195,54.4175],[-7.02,54.418],[-7.022,54.418],[-7.026,54.419],[-7.026,54.4195],[-7.028,54.4205],[-7.029,54.4215],[-7.0425,54.415],[-7.0455,54.4145],[-7.0515,54.413],[-7.0525,54.4125],[-7.0535,54.412],[-7.054,54.4115],[-7.055,54.4105],[-7.055,54.41],[-7.057,54.411],[-7.0575,54.411],[-7.0565,54.409],[-7.056,54.4085],[-7.0565,54.4075],[-7.0575,54.4065],[-7.0595,54.405],[-7.064,54.3995],[-7.0715,54.394],[-7.072,54.3915],[-7.071,54.391],[-7.0705,54.3905],[-7.071,54.3895],[-7.072,54.389],[-7.0725,54.3885],[-7.0735,54.3875],[-7.076,54.386],[-7.0765,54.3855],[-7.0805,54.3835],[-7.0815,54.3825],[-7.084,54.3815],[-7.0845,54.3785],[-7.0915,54.375],[-7.0935,54.374],[-7.095,54.3735],[-7.0985,54.3725],[-7.1015,54.371],[-7.1045,54.3695],[-7.106,54.368],[-7.108,54.3685],[-7.1095,54.3685],[-7.11,54.367],[-7.109,54.3655],[-7.1065,54.364],[-7.103,54.3615],[-7.1025,54.36],[-7.103,54.357],[-7.103,54.356],[-7.104,54.356],[-7.1085,54.355],[-7.1095,54.3545],[-7.111,54.354],[-7.111,54.353],[-7.1115,54.353],[-7.1135,54.3525],[-7.1145,54.3525],[-7.116,54.353],[-7.124,54.3505],[-7.1255,54.3495],[-7.1255,54.349],[-7.127,54.348],[-7.1265,54.3465],[-7.128,54.3455],[-7.129,54.345],[-7.1315,54.345],[-7.1335,54.345],[-7.1365,54.3445],[-7.139,54.3435],[-7.1405,54.342],[-7.1405,54.3415],[-7.1405,54.341],[-7.1415,54.339],[-7.145,54.3395],[-7.1465,54.3395],[-7.1475,54.338],[-7.152,54.3355],[-7.155,54.3355],[-7.157,54.336],[-7.16,54.337],[-7.1625,54.337],[-7.1645,54.3365],[-7.166,54.3365],[-7.168,54.337],[-7.1705,54.338],[-7.1735,54.338],[-7.1745,54.3385],[-7.1785,54.3395],[-7.1815,54.34],[-7.1835,54.34],[-7.1845,54.339],[-7.1885,54.338],[-7.1875,54.3365],[-7.186,54.3355],[-7.184,54.3355],[-7.1815,54.3335],[-7.1805,54.332],[-7.1815,54.3295],[-7.1805,54.3275],[-7.181,54.3265],[-7.181,54.3255],[-7.18,54.325],[-7.18,54.3225],[-7.1795,54.321],[-7.18,54.32],[-7.1795,54.32],[-7.1785,54.318],[-7.1785,54.3175],[-7.178,54.317],[-7.178,54.316],[-7.179,54.315],[-7.1795,54.314],[-7.179,54.3135],[-7.179,54.3125],[-7.1795,54.312],[-7.179,54.3115],[-7.179,54.31],[-7.1795,54.3095],[-7.181,54.309],[-7.1825,54.3095],[-7.1825,54.31],[-7.1835,54.311],[-7.19,54.3115],[-7.1935,54.311],[-7.196,54.3105],[-7.1975,54.311],[-7.1985,54.3105],[-7.207,54.305],[-7.2075,54.3025],[-7.212,54.2995],[-7.2095,54.2975],[-7.208,54.295],[-7.207,54.2945],[-7.203,54.295],[-7.2025,54.2945],[-7.2015,54.294],[-7.2,54.294],[-7.199,54.294],[-7.198,54.293],[-7.196,54.2925],[-7.195,54.2925],[-7.194,54.2915],[-7.1895,54.2905],[-7.1885,54.29],[-7.1875,54.2895],[-7.1875,54.289],[-7.1865,54.288],[-7.184,54.2875],[-7.183,54.288],[-7.1815,54.288],[-7.179,54.2865],[-7.1775,54.2865],[-7.176,54.2865],[-7.1735,54.286],[-7.173,54.286],[-7.1735,54.2725],[-7.165,54.273],[-7.1625,54.274],[-7.162,54.274],[-7.1605,54.2735],[-7.16,54.273],[-7.1595,54.2725],[-7.1585,54.2725],[-7.158,54.2715],[-7.157,54.2705],[-7.1575,54.2695],[-7.1585,54.269],[-7.1585,54.2685],[-7.1575,54.268],[-7.156,54.268],[-7.1545,54.267],[-7.1535,54.2665],[-7.153,54.267],[-7.1525,54.2665],[-7.1535,54.266],[-7.154,54.265],[-7.1535,54.263],[-7.1525,54.2625],[-7.152,54.262],[-7.1515,54.2605],[-7.1515,54.26],[-7.15,54.2595],[-7.1505,54.2585],[-7.148,54.2575],[-7.1465,54.257],[-7.1455,54.257],[-7.1435,54.2565],[-7.142,54.2555],[-7.1415,54.2545],[-7.1415,54.2535],[-7.1425,54.2525],[-7.1425,54.2515],[-7.1575,54.246],[-7.1535,54.243],[-7.1465,54.24],[-7.146,54.2395],[-7.1465,54.238],[-7.146,54.237],[-7.147,54.236],[-7.1485,54.235],[-7.1495,54.234],[-7.15,54.2335],[-7.15,54.2315],[-7.1465,54.23],[-7.147,54.225],[-7.1555,54.221],[-7.1585,54.2205],[-7.1605,54.2195],[-7.1605,54.22],[-7.1625,54.22],[-7.1655,54.2195],[-7.1675,54.219],[-7.169,54.218],[-7.1705,54.2175],[-7.171,54.2175],[-7.173,54.218],[-7.174,54.2185],[-7.1765,54.218],[-7.179,54.2205],[-7.1845,54.2245],[-7.187,54.2245],[-7.188,54.225],[-7.1905,54.224],[-7.1955,54.2175],[-7.1955,54.217],[-7.199,54.2155],[-7.2,54.216],[-7.2025,54.215],[-7.2045,54.2145],[-7.2055,54.214],[-7.207,54.213],[-7.209,54.213],[-7.2095,54.213],[-7.2115,54.2135],[-7.212,54.2135],[-7.215,54.2135],[-7.219,54.2155],[-7.221,54.216],[-7.2215,54.2155],[-7.222,54.215],[-7.223,54.2145],[-7.2255,54.2145],[-7.2325,54.211],[-7.232,54.21],[-7.232,54.2095],[-7.233,54.209],[-7.234,54.208],[-7.2325,54.2075],[-7.2315,54.2075],[-7.231,54.2065],[-7.231,54.206],[-7.232,54.2055],[-7.233,54.2055],[-7.234,54.206],[-7.2345,54.206],[-7.235,54.206],[-7.236,54.206],[-7.2365,54.206],[-7.2385,54.2065],[-7.239,54.207],[-7.2395,54.2065],[-7.242,54.2065],[-7.248,54.2045],[-7.248,54.2035],[-7.249,54.203],[-7.248,54.2025],[-7.249,54.201],[-7.2495,54.2005],[-7.2505,54.199],[-7.249,54.198],[-7.2475,54.198],[-7.246,54.199],[-7.2445,54.2],[-7.244,54.2005],[-7.2425,54.2005],[-7.242,54.2],[-7.24,54.199],[-7.2395,54.199],[-7.2365,54.199],[-7.233,54.198],[-7.2345,54.197],[-7.236,54.1965],[-7.236,54.1945],[-7.236,54.1935],[-7.2405,54.1935],[-7.2425,54.193],[-7.2445,54.1925],[-7.2455,54.194],[-7.2475,54.194],[-7.249,54.194],[-7.251,54.194],[-7.259,54.192],[-7.2575,54.1905],[-7.2565,54.1905],[-7.257,54.1895],[-7.257,54.189],[-7.2565,54.1885],[-7.257,54.1875],[-7.2575,54.1865],[-7.2575,54.186],[-7.2595,54.184],[-7.2585,54.183],[-7.257,54.1825],[-7.257,54.182],[-7.2565,54.182],[-7.2565,54.18],[-7.2575,54.1795],[-7.2585,54.1785],[-7.2535,54.177],[-7.2515,54.173],[-7.2475,54.1725],[-7.2475,54.173],[-7.246,54.1725],[-7.2455,54.173],[-7.244,54.1725],[-7.241,54.1715],[-7.2405,54.171],[-7.2405,54.1695],[-7.241,54.169],[-7.2435,54.1695],[-7.2445,54.1695],[-7.2455,54.1695],[-7.246,54.1685],[-7.246,54.168],[-7.248,54.168],[-7.249,54.168],[-7.249,54.1675],[-7.2505,54.1675],[-7.253,54.1665],[-7.2555,54.1655],[-7.2555,54.165],[-7.256,54.165],[-7.2565,54.1645],[-7.2575,54.165],[-7.258,54.1645],[-7.258,54.1635],[-7.2585,54.163],[-7.2595,54.163],[-7.2595,54.1625],[-7.2585,54.162],[-7.2585,54.161],[-7.2575,54.16],[-7.257,54.1595],[-7.2555,54.1595],[-7.255,54.1595],[-7.2545,54.1595],[-7.253,54.1585],[-7.2535,54.1575],[-7.2525,54.1555],[-7.254,54.155],[-7.2545,54.155],[-7.2555,54.1545],[-7.2565,54.155],[-7.257,54.1545],[-7.2585,54.153],[-7.264,54.1455],[-7.264,54.1435],[-7.2625,54.142],[-7.262,54.141],[-7.263,54.1375],[-7.2635,54.137],[-7.265,54.1365],[-7.2655,54.1365],[-7.269,54.1355],[-7.27,54.1345],[-7.274,54.1325],[-7.2775,54.1295],[-7.278,54.1235],[-7.292,54.119],[-7.297,54.1205],[-7.301,54.1215],[-7.3025,54.122],[-7.3035,54.123],[-7.3035,54.124],[-7.3035,54.125],[-7.3035,54.126],[-7.303,54.1265],[-7.304,54.1275],[-7.3055,54.128],[-7.3065,54.1295],[-7.309,54.132],[-7.3045,54.133],[-7.302,54.133],[-7.3,54.1335],[-7.299,54.134],[-7.298,54.1335],[-7.296,54.131],[-7.2925,54.1305],[-7.291,54.131],[-7.2905,54.1325],[-7.2875,54.135],[-7.2855,54.136],[-7.2855,54.137],[-7.284,54.14],[-7.289,54.1405],[-7.2935,54.142],[-7.296,54.1425],[-7.2985,54.1435],[-7.3015,54.144],[-7.3015,54.1445],[-7.3,54.147],[-7.299,54.1495],[-7.29,54.149],[-7.2865,54.152],[-7.284,54.154],[-7.2845,54.1545],[-7.286,54.158],[-7.284,54.1595],[-7.284,54.16],[-7.283,54.163],[-7.2795,54.1675],[-7.285,54.169],[-7.287,54.17],[-7.289,54.171],[-7.2915,54.172],[-7.3,54.1665],[-7.302,54.1665],[-7.3025,54.167],[-7.3045,54.167],[-7.3065,54.1675],[-7.308,54.167],[-7.309,54.1675],[-7.31,54.1675],[-7.32,54.1595],[-7.319,54.158],[-7.319,54.157],[-7.3265,54.1515],[-7.3315,54.149],[-7.3335,54.148],[-7.3355,54.148],[-7.3385,54.1475],[-7.3395,54.147],[-7.3395,54.146],[-7.3385,54.144],[-7.3365,54.144],[-7.3345,54.144],[-7.333,54.1435],[-7.327,54.135],[-7.3185,54.1345],[-7.312,54.1315],[-7.316,54.127],[-7.313,54.126],[-7.3065,54.124],[-7.3055,54.1225],[-7.3055,54.1205],[-7.306,54.1195],[-7.3075,54.1185],[-7.3075,54.1175],[-7.3085,54.117],[-7.314,54.1165],[-7.314,54.1155],[-7.3145,54.115],[-7.3155,54.115],[-7.317,54.115],[-7.3175,54.1145],[-7.318,54.114],[-7.319,54.1135],[-7.32,54.1135],[-7.314,54.1055],[-7.3075,54.1095],[-7.2935,54.108],[-7.246,54.0925],[-7.2235,54.1025],[-7.202,54.0925],[-7.198,54.096],[-7.177,54.088],[-7.1665,54.0895],[-7.15,54.082],[-7.118,54.0955],[-7.101,54.094],[-7.087,54.082],[-7.0785,54.0885],[-7.0545,54.0935],[-7.051,54.0995],[-7.035,54.097],[-7.0175,54.0985],[-7.014,54.0925],[-7.0295,54.0865],[-7.0235,54.078],[-7.015,54.0785],[-7.002,54.0645],[-6.9865,54.062],[-6.9825,54.052],[-6.956,54.0435],[-6.9395,54.0335],[-6.935,54.019],[-6.924,54.013],[-6.9105,54.0155],[-6.891,54.0035],[-6.8755,53.998],[-6.88,53.9925],[-6.8645,53.988],[-6.8545,53.9635],[-6.8445,53.9595],[-6.836,53.942],[-6.828,53.933],[-6.8115,53.9315],[-6.783,53.926],[-6.7775,53.928],[-6.762,53.9175],[-6.745,53.9125],[-6.7275,53.9115],[-6.7145,53.9035],[-6.695,53.902],[-6.695,53.9075],[-6.683,53.9125],[-6.6735,53.909],[-6.665,53.9135],[-6.647,53.916],[-6.6445,53.924],[-6.6305,53.9265],[-6.6335,53.933],[-6.6445,53.9345],[-6.6605,53.9415],[-6.648,53.946],[-6.6585,53.9525],[-6.6375,53.9645],[-6.6425,53.971],[-6.6355,53.977],[-6.6185,53.984],[-6.593,53.9745],[-6.588,53.97],[-6.5685,53.971],[-6.568,53.982],[-6.5545,53.9945],[-6.551,54.003],[-6.566,54.017],[-6.576,54.0355],[-6.595,54.0445]]]},"properties":{"COUNTY":"MONAGHAN"}},
{"type":"Feature","geometry":{"type":"Polygon","coordinates":[[[-6.9655,52.2405],[-6.9555,52.243],[-6.9375,52.228],[-6.9345,52.2205],[-6.92,52.2175],[-6.903,52.1955],[-6.913,52.1915],[-6.8975,52.1745],[-6.901,52.1555],[-6.9265,52.139],[-6.9335,52.1305],[-6.9245,52.124],[-6.9105,52.134],[-6.903,52.146],[-6.889,52.152],[-6.8805,52.1625],[-6.8535,52.168],[-6.843,52.175],[-6.8335,52.175],[-6.83,52.1965],[-6.818,52.209],[-6.83,52.2215],[-6.7965,52.2405],[-6.7725,52.247],[-6.759,52.258],[-6.7535,52.2475],[-6.7625,52.2445],[-6.7865,52.229],[-6.789,52.214],[-6.7815,52.2065],[-6.7705,52.206],[-6.755,52.214],[-6.7425,52.212],[-6.706,52.219],[-6.6865,52.218],[-6.659,52.214],[-6.6555,52.206],[-6.6115,52.1885],[-6.6005,52.181],[-6.5935,52.172],[-6.5635,52.177],[-6.539,52.1855],[-6.503,52.189],[-6.4845,52.195],[-6.483,52.208],[-6.4645,52.201],[-6.446,52.1985],[-6.44,52.1935],[-6.4235,52.1875],[-6.4005,52.183],[-6.3885,52.1775],[-6.36,52.1745],[-6.358,52.1835],[-6.3455,52.19],[-6.351,52.1995],[-6.3425,52.214],[-6.326,52.225],[-6.323,52.2345],[-6.314,52.241],[-6.3295,52.2475],[-6.3345,52.255],[-6.3505,52.252],[-6.3685,52.255],[-6.382,52.2675],[-6.388,52.279],[-6.389,52.302],[-6.3985,52.296],[-6.41,52.296],[-6.4315,52.307],[-6.4455,52.3075],[-6.448,52.3305],[-6.476,52.3515],[-6.5,52.358],[-6.484,52.3655],[-6.486,52.372],[-6.4645,52.378],[-6.472,52.365],[-6.4655,52.3495],[-6.451,52.3455],[-6.437,52.356],[-6.3835,52.355],[-6.369,52.346],[-6.356,52.3465],[-6.365,52.3695],[-6.3635,52.3885],[-6.354,52.407],[-6.338,52.423],[-6.3255,52.4305],[-6.2885,52.4685],[-6.263,52.4905],[-6.2445,52.51],[-6.2185,52.5305],[-6.198,52.5555],[-6.194,52.565],[-6.2025,52.571],[-6.203,52.582],[-6.212,52.5905],[-6.211,52.6045],[-6.2175,52.6085],[-6.2285,52.6255],[-6.2255,52.647],[-6.197,52.688],[-6.187,52.7],[-6.1595,52.7155],[-6.1555,52.7235],[-6.1405,52.7335],[-6.145,52.7375],[-6.1635,52.7405],[-6.1745,52.748],[-6.176,52.7555],[-6.168,52.7665],[-6.184,52.7695],[-6.198,52.768],[-6.2085,52.7765],[-6.22,52.7725],[-6.2265,52.7785],[-6.243,52.7785],[-6.261,52.795],[-6.2745,52.7915],[-6.292,52.782],[-6.303,52.784],[-6.3175,52.7975],[-6.3345,52.796],[-6.3395,52.79],[-6.3685,52.7955],[-6.388,52.785],[-6.3955,52.7885],[-6.4125,52.7785],[-6.417,52.7555],[-6.4325,52.7545],[-6.4325,52.735],[-6.461,52.7185],[-6.473,52.7145],[-6.472,52.7095],[-6.4975,52.6905],[-6.536,52.683],[-6.57,52.6845],[-6.5705,52.701],[-6.5745,52.705],[-6.5975,52.702],[-6.599,52.7105],[-6.6105,52.713],[-6.62,52.7085],[-6.634,52.7035],[-6.646,52.6885],[-6.664,52.6865],[-6.675,52.678],[-6.6795,52.6685],[-6.6705,52.664],[-6.653,52.6645],[-6.664,52.6485],[-6.6795,52.6365],[-6.6915,52.636],[-6.7095,52.6405],[-6.73,52.643],[-6.7515,52.637],[-6.7715,52.625],[-6.7825,52.5975],[-6.778,52.58],[-6.79,52.5625],[-6.8065,52.5615],[-6.8055,52.549],[-6.837,52.53],[-6.832,52.5195],[-6.8395,52.509],[-6.852,52.5],[-6.863,52.479],[-6.8835,52.466],[-6.902,52.467],[-6.917,52.4635],[-6.923,52.4575],[-6.9275,52.4415],[-6.915,52.43],[-6.926,52.4245],[-6.941,52.422],[-6.9525,52.4255],[-6.9565,52.416],[-6.9435,52.413],[-6.942,52.403],[-6.9555,52.399],[-6.9535,52.3905],[-6.965,52.378],[-6.965,52.3685],[-6.9845,52.3685],[-6.9915,52.3645],[-6.997,52.3485],[-6.9935,52.3305],[-6.986,52.3235],[-7.0005,52.315],[-7.006,52.306],[-7.0175,52.2975],[-7,52.2755],[-6.988,52.274],[-6.9845,52.2655],[-6.992,52.257],[-6.9875,52.25],[-6.9655,52.2405]]]},"properties":{"COUNTY":"WEXFORD"}},
{"type":"Feature","geometry":{"type":"Polygon","coordinates":[[[-7.97,53.5215],[-7.939,53.528],[-7.9215,53.543],[-7.894,53.543],[-7.858,53.549],[-7.836,53.539],[-7.8195,53.544],[-7.7955,53.5365],[-7.7855,53.5385],[-7.7575,53.5345],[-7.746,53.527],[-7.7215,53.528],[-7.72,53.535],[-7.7055,53.5385],[-7.682,53.5335],[-7.6745,53.529],[-7.662,53.5335],[-7.6565,53.5515],[-7.661,53.5585],[-7.65,53.5625],[-7.6305,53.579],[-7.631,53.587],[-7.6105,53.5915],[-7.601,53.5985],[-7.6085,53.6065],[-7.5885,53.6145],[-7.5775,53.611],[-7.56,53.6135],[-7.57,53.6225],[-7.565,53.6295],[-7.5795,53.6405],[-7.606,53.6485],[-7.615,53.649],[-7.6115,53.6595],[-7.5925,53.657],[-7.569,53.6465],[-7.5645,53.652],[-7.574,53.6565],[-7.5685,53.6715],[-7.5485,53.6695],[-7.5305,53.681],[-7.535,53.685],[-7.5095,53.699],[-7.4855,53.702],[-7.4665,53.712],[-7.4585,53.7205],[-7.4585,53.73],[-7.4475,53.729],[-7.4295,53.735],[-7.4165,53.724],[-7.406,53.7325],[-7.3865,53.735],[-7.3865,53.742],[-7.377,53.7635],[-7.3845,53.771],[-7.399,53.77],[-7.41,53.779],[-7.4115,53.79],[-7.4565,53.8025],[-7.4695,53.8105],[-7.466,53.8235],[-7.477,53.8535],[-7.4875,53.8525],[-7.4945,53.8605],[-7.515,53.857],[-7.528,53.8635],[-7.5435,53.8535],[-7.571,53.8545],[-7.585,53.857],[-7.5765,53.865],[-7.572,53.88],[-7.5585,53.8775],[-7.5555,53.8905],[-7.5575,53.904],[-7.5855,53.9085],[-7.5835,53.9145],[-7.5935,53.921],[-7.596,53.9285],[-7.6105,53.9385],[-7.62,53.9355],[-7.6465,53.9415],[-7.6575,53.9375],[-7.6675,53.9215],[-7.6765,53.9175],[-7.6925,53.9165],[-7.6905,53.906],[-7.7125,53.899],[-7.713,53.891],[-7.7265,53.888],[-7.728,53.8815],[-7.7375,53.876],[-7.7465,53.879],[-7.758,53.8735],[-7.76,53.8635],[-7.777,53.8675],[-7.772,53.846],[-7.782,53.8375],[-7.78,53.829],[-7.7885,53.8165],[-7.803,53.815],[-7.811,53.8205],[-7.829,53.8115],[-7.837,53.811],[-7.8465,53.8185],[-7.8545,53.8315],[-7.8655,53.825],[-7.861,53.8125],[-7.8685,53.806],[-7.8825,53.8215],[-7.897,53.824],[-7.919,53.8215],[-7.911,53.8105],[-7.9095,53.7945],[-7.894,53.7865],[-7.881,53.7855],[-7.876,53.7775],[-7.8895,53.7575],[-7.9155,53.748],[-7.918,53.738],[-7.93,53.733],[-7.9435,53.739],[-7.944,53.728],[-7.9505,53.712],[-7.965,53.7115],[-7.9875,53.6975],[-7.983,53.692],[-7.9835,53.6815],[-8.0055,53.662],[-8.015,53.6625],[-8.0345,53.6435],[-8.036,53.6075],[-8.015,53.581],[-7.9805,53.552],[-7.97,53.5215]]]},"properties":{"COUNTY":"LONGFORD"}},
{"type":"Feature","geometry":{"type":"Polygon","coordinates":[[[-7.9235,53.363],[-7.9045,53.3605],[-7.8825,53.349],[-7.8535,53.3465],[-7.8465,53.341],[-7.837,53.3535],[-7.8255,53.3555],[-7.8045,53.3505],[-7.7945,53.353],[-7.772,53.347],[-7.7175,53.36],[-7.704,53.3665],[-7.7115,53.3705],[-7.7095,53.3805],[-7.696,53.381],[-7.689,53.3945],[-7.68,53.394],[-7.673,53.402],[-7.6615,53.408],[-7.6485,53.405],[-7.6455,53.411],[-7.625,53.418],[-7.6065,53.4115],[-7.605,53.4005],[-7.583,53.395],[-7.582,53.387],[-7.567,53.3785],[-7.5675,53.361],[-7.557,53.348],[-7.54,53.336],[-7.529,53.347],[-7.494,53.341],[-7.495,53.3305],[-7.4855,53.329],[-7.4725,53.3325],[-7.463,53.3285],[-7.456,53.318],[-7.4465,53.32],[-7.444,53.329],[-7.4235,53.335],[-7.399,53.33],[-7.368,53.341],[-7.3655,53.3485],[-7.329,53.3655],[-7.3155,53.375],[-7.2685,53.3975],[-7.2555,53.3985],[-7.2395,53.4035],[-7.2155,53.407],[-7.2135,53.418],[-7.2075,53.4225],[-7.192,53.4235],[-7.186,53.434],[-7.158,53.44],[-7.1495,53.4505],[-7.1235,53.446],[-7.0905,53.4555],[-7.0825,53.4635],[-7.063,53.469],[-7.067,53.4775],[-7.062,53.487],[-7.065,53.497],[-7.043,53.5005],[-7.0355,53.5035],[-7.0375,53.513],[-7.023,53.5225],[-7.018,53.545],[-7.0355,53.557],[-7.0315,53.567],[-7.014,53.578],[-6.9895,53.578],[-6.9955,53.589],[-6.985,53.593],[-6.9805,53.6075],[-6.9885,53.6185],[-6.976,53.6285],[-6.965,53.6315],[-6.96,53.6475],[-6.964,53.656],[-6.973,53.658],[-6.9805,53.671],[-6.99,53.676],[-7.0035,53.6765],[-7.0085,53.667],[-7.0235,53.672],[-7.029,53.6605],[-7.05,53.6595],[-7.065,53.6455],[-7.074,53.648],[-7.11,53.67],[-7.1205,53.683],[-7.13,53.674],[-7.147,53.6845],[-7.186,53.692],[-7.2135,53.7025],[-7.226,53.7035],[-7.2385,53.721],[-7.23,53.734],[-7.244,53.7425],[-7.264,53.748],[-7.2725,53.755],[-7.275,53.7635],[-7.2925,53.7785],[-7.3165,53.784],[-7.3165,53.7885],[-7.336,53.788],[-7.3435,53.799],[-7.378,53.7845],[-7.398,53.779],[-7.41,53.779],[-7.399,53.77],[-7.3845,53.771],[-7.377,53.7635],[-7.3865,53.742],[-7.3865,53.735],[-7.406,53.7325],[-7.4165,53.724],[-7.4295,53.735],[-7.4475,53.729],[-7.4585,53.73],[-7.4585,53.7205],[-7.4665,53.712],[-7.4855,53.702],[-7.5095,53.699],[-7.535,53.685],[-7.5305,53.681],[-7.5485,53.6695],[-7.5685,53.6715],[-7.574,53.6565],[-7.5645,53.652],[-7.569,53.6465],[-7.5925,53.657],[-7.6115,53.6595],[-7.615,53.649],[-7.606,53.6485],[-7.5795,53.6405],[-7.565,53.6295],[-7.57,53.6225],[-7.56,53.6135],[-7.5775,53.611],[-7.5885,53.6145],[-7.6085,53.6065],[-7.601,53.5985],[-7.6105,53.5915],[-7.631,53.587],[-7.6305,53.579],[-7.65,53.5625],[-7.661,53.5585],[-7.6565,53.5515],[-7.662,53.5335],[-7.6745,53.529],[-7.682,53.5335],[-7.7055,53.5385],[-7.72,53.535],[-7.7215,53.528],[-7.746,53.527],[-7.7575,53.5345],[-7.7855,53.5385],[-7.7955,53.5365],[-7.8195,53.544],[-7.836,53.539],[-7.858,53.549],[-7.894,53.543],[-7.9215,53.543],[-7.939,53.528],[-7.97,53.5215],[-7.955,53.4815],[-7.967,53.4495],[-7.961,53.444],[-7.956,53.431],[-7.973,53.4225],[-7.942,53.412],[-7.9405,53.404],[-7.93,53.4],[-7.914,53.379],[-7.912,53.3685],[-7.9235,53.363]]]},"properties":{"COUNTY":"WESTMEATH"}},
{"type":"Feature","geometry":{"type":"Polygon","coordinates":[[[-6.469,54.685],[-6.5365,54.6635],[-6.5445,54.657],[-6.566,54.6585],[-6.5715,54.6645],[-6.587,54.6555],[-6.603,54.6565],[-6.623,54.6475],[-6.623,54.639],[-6.633,54.638],[-6.6395,54.63],[-6.654,54.634],[-6.669,54.6425],[-6.6785,54.6345],[-6.7015,54.632],[-6.7135,54.628],[-6.719,54.6365],[-6.711,54.6475],[-6.74,54.66],[-6.7405,54.669],[-6.764,54.683],[-6.7775,54.687],[-6.776,54.6925],[-6.787,54.703],[-6.8055,54.709],[-6.8085,54.7165],[-6.828,54.726],[-6.8265,54.7365],[-6.839,54.739],[-6.8645,54.7365],[-6.8865,54.728],[-6.918,54.7345],[-6.9355,54.7345],[-6.957,54.731],[-6.9735,54.741],[-6.941,54.752],[-6.936,54.766],[-6.94,54.7735],[-6.922,54.773],[-6.903,54.784],[-6.906,54.791],[-6.9215,54.8045],[-6.912,54.8135],[-6.912,54.8205],[-6.9475,54.8335],[-6.972,54.828],[-6.9875,54.833],[-7.004,54.821],[-7.0395,54.8195],[-7.064,54.811],[-7.076,54.8155],[-7.103,54.8215],[-7.136,54.8365],[-7.159,54.8515],[-7.178,54.8535],[-7.191,54.846],[-7.204,54.8535],[-7.1945,54.86],[-7.2065,54.8675],[-7.1975,54.878],[-7.198,54.886],[-7.23,54.8875],[-7.2475,54.886],[-7.2695,54.888],[-7.273,54.8935],[-7.263,54.905],[-7.2595,54.918],[-7.3015,54.925],[-7.323,54.9145],[-7.3575,54.915],[-7.3705,54.92],[-7.371,54.928],[-7.3835,54.944],[-7.392,54.9455],[-7.395,54.9445],[-7.398,54.944],[-7.3995,54.9435],[-7.4025,54.9425],[-7.4055,54.942],[-7.4065,54.942],[-7.408,54.9425],[-7.41,54.943],[-7.413,54.943],[-7.415,54.9435],[-7.416,54.9435],[-7.418,54.943],[-7.419,54.943],[-7.4225,54.9435],[-7.425,54.943],[-7.428,54.9425],[-7.429,54.9425],[-7.4305,54.942],[-7.4325,54.9415],[-7.435,54.9405],[-7.443,54.938],[-7.4445,54.937],[-7.446,54.9365],[-7.447,54.9355],[-7.4475,54.935],[-7.448,54.9335],[-7.4485,54.9315],[-7.4485,54.93],[-7.4485,54.928],[-7.448,54.9245],[-7.4475,54.9205],[-7.447,54.9185],[-7.445,54.913],[-7.445,54.912],[-7.445,54.911],[-7.4455,54.9105],[-7.446,54.9095],[-7.4465,54.9085],[-7.4475,54.907],[-7.449,54.9055],[-7.4505,54.904],[-7.451,54.903],[-7.4515,54.9025],[-7.452,54.9015],[-7.4525,54.9005],[-7.4525,54.8995],[-7.4525,54.8985],[-7.4525,54.8975],[-7.452,54.8955],[-7.452,54.8945],[-7.4515,54.8935],[-7.4505,54.892],[-7.45,54.891],[-7.4475,54.888],[-7.4465,54.887],[-7.445,54.885],[-7.4445,54.884],[-7.444,54.8835],[-7.444,54.8815],[-7.4435,54.881],[-7.4425,54.88],[-7.442,54.879],[-7.442,54.878],[-7.442,54.877],[-7.442,54.8755],[-7.443,54.8715],[-7.445,54.8685],[-7.45,54.864],[-7.4535,54.8615],[-7.4545,54.8605],[-7.457,54.8535],[-7.4805,54.832],[-7.481,54.8315],[-7.4815,54.831],[-7.4815,54.8295],[-7.4815,54.8285],[-7.4815,54.8275],[-7.482,54.827],[-7.483,54.826],[-7.4835,54.825],[-7.4835,54.824],[-7.4845,54.8235],[-7.4885,54.8215],[-7.4935,54.8195],[-7.495,54.819],[-7.4965,54.8185],[-7.498,54.8185],[-7.5,54.818],[-7.501,54.8175],[-7.5015,54.817],[-7.504,54.8155],[-7.5055,54.8145],[-7.507,54.8135],[-7.5075,54.8135],[-7.51,54.813],[-7.513,54.8115],[-7.516,54.809],[-7.517,54.8085],[-7.518,54.808],[-7.522,54.8075],[-7.525,54.808],[-7.528,54.808],[-7.5285,54.8075],[-7.529,54.8065],[-7.5295,54.8055],[-7.5295,54.805],[-7.528,54.8035],[-7.5275,54.803],[-7.528,54.8025],[-7.529,54.8025],[-7.531,54.802],[-7.532,54.802],[-7.534,54.8025],[-7.535,54.8025],[-7.5355,54.802],[-7.538,54.801],[-7.539,54.801],[-7.541,54.7995],[-7.542,54.7985],[-7.542,54.798],[-7.5415,54.7965],[-7.542,54.796],[-7.5445,54.794],[-7.546,54.7935],[-7.546,54.7925],[-7.548,54.791],[-7.549,54.789],[-7.548,54.7885],[-7.5475,54.788],[-7.546,54.788],[-7.5445,54.7865],[-7.5445,54.785],[-7.5445,54.7845],[-7.543,54.7825],[-7.543,54.7795],[-7.544,54.7795],[-7.5445,54.779],[-7.5445,54.778],[-7.5455,54.777],[-7.546,54.7765],[-7.5475,54.7745],[-7.5475,54.774],[-7.548,54.7735],[-7.548,54.7725],[-7.5475,54.7715],[-7.547,54.7705],[-7.546,54.7685],[-7.546,54.768],[-7.5465,54.768],[-7.5465,54.7675],[-7.547,54.7665],[-7.5465,54.766],[-7.5465,54.7645],[-7.5465,54.7635],[-7.5465,54.762],[-7.5475,54.76],[-7.548,54.759],[-7.548,54.758],[-7.548,54.757],[-7.5475,54.7555],[-7.546,54.7545],[-7.545,54.754],[-7.5405,54.7525],[-7.539,54.7515],[-7.536,54.748],[-7.5355,54.747],[-7.538,54.747],[-7.541,54.7455],[-7.5435,54.7435],[-7.5435,54.7425],[-7.5455,54.742],[-7.549,54.7405],[-7.554,54.744],[-7.557,54.745],[-7.558,54.7455],[-7.5615,54.745],[-7.5625,54.7445],[-7.5635,54.744],[-7.564,54.744],[-7.565,54.744],[-7.5665,54.744],[-7.567,54.744],[-7.5695,54.744],[-7.57,54.7435],[-7.5725,54.743],[-7.5775,54.742],[-7.5785,54.742],[-7.579,54.7425],[-7.579,54.7435],[-7.5785,54.744],[-7.578,54.7455],[-7.5755,54.7485],[-7.5755,54.749],[-7.5765,54.75],[-7.577,54.7505],[-7.578,54.7505],[-7.5795,54.7505],[-7.581,54.7505],[-7.582,54.7505],[-7.5865,54.75],[-7.587,54.7485],[-7.5885,54.7455],[-7.589,54.7445],[-7.5885,54.7435],[-7.5915,54.744],[-7.5935,54.745],[-7.5945,54.745],[-7.5995,54.746],[-7.601,54.746],[-7.6175,54.7435],[-7.6185,54.744],[-7.62,54.7455],[-7.626,54.7475],[-7.6275,54.748],[-7.628,54.7485],[-7.6305,54.749],[-7.6325,54.75],[-7.6365,54.7515],[-7.641,54.7495],[-7.6415,54.7495],[-7.6465,54.747],[-7.6485,54.746],[-7.651,54.7445],[-7.654,54.7435],[-7.6555,54.743],[-7.6575,54.742],[-7.6595,54.7415],[-7.6625,54.74],[-7.664,54.7395],[-7.6685,54.7375],[-7.671,54.736],[-7.6765,54.733],[-7.6765,54.7325],[-7.6775,54.731],[-7.6875,54.73],[-7.695,54.727],[-7.697,54.7265],[-7.7115,54.726],[-7.7355,54.717],[-7.735,54.716],[-7.7355,54.7145],[-7.7375,54.714],[-7.739,54.713],[-7.7395,54.713],[-7.7395,54.7125],[-7.7405,54.712],[-7.741,54.7115],[-7.7415,54.7105],[-7.742,54.7095],[-7.7425,54.7085],[-7.7425,54.708],[-7.743,54.7075],[-7.743,54.707],[-7.745,54.705],[-7.7455,54.705],[-7.7465,54.7045],[-7.75,54.7045],[-7.7505,54.7045],[-7.751,54.705],[-7.7515,54.705],[-7.7525,54.705],[-7.7555,54.706],[-7.7555,54.7065],[-7.7545,54.7065],[-7.7535,54.707],[-7.754,54.7075],[-7.755,54.7075],[-7.7565,54.7075],[-7.757,54.7075],[-7.7575,54.707],[-7.759,54.7065],[-7.76,54.7065],[-7.761,54.707],[-7.7615,54.7075],[-7.7625,54.708],[-7.763,54.708],[-7.7645,54.708],[-7.7665,54.7085],[-7.77,54.709],[-7.7735,54.709],[-7.774,54.7095],[-7.7755,54.71],[-7.7775,54.71],[-7.7785,54.7105],[-7.778,54.7115],[-7.7765,54.712],[-7.776,54.7125],[-7.777,54.713],[-7.778,54.7135],[-7.778,54.714],[-7.778,54.715],[-7.779,54.716],[-7.7805,54.717],[-7.789,54.7195],[-7.79,54.7195],[-7.7915,54.719],[-7.7925,54.7195],[-7.7935,54.72],[-7.7945,54.72],[-7.796,54.7195],[-7.797,54.7195],[-7.799,54.719],[-7.7995,54.7185],[-7.8005,54.7185],[-7.801,54.7185],[-7.8015,54.7185],[-7.8015,54.719],[-7.804,54.7185],[-7.8045,54.7185],[-7.805,54.719],[-7.806,54.72],[-7.807,54.7205],[-7.8075,54.72],[-7.808,54.7205],[-7.808,54.721],[-7.807,54.7215],[-7.807,54.722],[-7.807,54.7225],[-7.8075,54.7225],[-7.8095,54.723],[-7.81,54.723],[-7.811,54.724],[-7.8115,54.724],[-7.812,54.724],[-7.8125,54.7245],[-7.8115,54.725],[-7.812,54.7265],[-7.8145,54.7285],[-7.8155,54.7285],[-7.816,54.7285],[-7.817,54.729],[-7.817,54.7295],[-7.818,54.734],[-7.8185,54.734],[-7.8195,54.734],[-7.82,54.734],[-7.821,54.735],[-7.825,54.736],[-7.8365,54.7365],[-7.837,54.736],[-7.837,54.7355],[-7.839,54.735],[-7.84,54.7345],[-7.84,54.734],[-7.8405,54.7335],[-7.841,54.7335],[-7.8415,54.733],[-7.843,54.733],[-7.844,54.732],[-7.845,54.7315],[-7.846,54.7315],[-7.847,54.731],[-7.847,54.7305],[-7.847,54.73],[-7.848,54.7295],[-7.8485,54.729],[-7.8495,54.729],[-7.8515,54.7285],[-7.855,54.727],[-7.8575,54.725],[-7.874,54.708],[-7.8765,54.706],[-7.877,54.705],[-7.8795,54.7025],[-7.882,54.703],[-7.8825,54.7035],[-7.883,54.704],[-7.8865,54.704],[-7.8875,54.7035],[-7.8885,54.7035],[-7.8895,54.7035],[-7.8905,54.7035],[-7.892,54.7025],[-7.8935,54.7025],[-7.8935,54.7015],[-7.895,54.7005],[-7.896,54.7005],[-7.9005,54.7025],[-7.9025,54.7025],[-7.904,54.702],[-7.905,54.703],[-7.9055,54.703],[-7.907,54.7035],[-7.9075,54.7035],[-7.908,54.703],[-7.9085,54.7025],[-7.9085,54.7015],[-7.9095,54.7015],[-7.911,54.701],[-7.9115,54.701],[-7.9155,54.702],[-7.9165,54.702],[-7.918,54.7025],[-7.921,54.696],[-7.9205,54.6955],[-7.917,54.696],[-7.911,54.693],[-7.91,54.6905],[-7.9075,54.689],[-7.903,54.69],[-7.899,54.691],[-7.898,54.688],[-7.8985,54.685],[-7.901,54.684],[-7.903,54.683],[-7.9035,54.682],[-7.906,54.681],[-7.9065,54.6805],[-7.9075,54.6795],[-7.908,54.6795],[-7.909,54.679],[-7.912,54.6775],[-7.914,54.676],[-7.9125,54.674],[-7.9115,54.672],[-7.911,54.672],[-7.911,54.6715],[-7.911,54.6695],[-7.9105,54.6695],[-7.9095,54.668],[-7.909,54.6675],[-7.908,54.6665],[-7.907,54.666],[-7.9065,54.6665],[-7.906,54.6665],[-7.9055,54.6665],[-7.9045,54.666],[-7.904,54.665],[-7.904,54.6645],[-7.905,54.6645],[-7.905,54.664],[-7.904,54.663],[-7.9,54.6615],[-7.8985,54.6605],[-7.8985,54.66],[-7.898,54.659],[-7.897,54.6585],[-7.8965,54.658],[-7.8935,54.6565],[-7.893,54.6565],[-7.8925,54.6565],[-7.892,54.6565],[-7.8915,54.656],[-7.891,54.6565],[-7.8885,54.657],[-7.8875,54.657],[-7.8865,54.657],[-7.8855,54.6565],[-7.8845,54.6565],[-7.884,54.6555],[-7.882,54.655],[-7.88,54.656],[-7.8785,54.6555],[-7.877,54.6555],[-7.8725,54.654],[-7.871,54.653],[-7.8565,54.6505],[-7.854,54.6425],[-7.855,54.6415],[-7.855,54.641],[-7.856,54.641],[-7.8565,54.6405],[-7.857,54.64],[-7.857,54.6395],[-7.857,54.6385],[-7.855,54.638],[-7.8545,54.6375],[-7.853,54.637],[-7.8525,54.637],[-7.851,54.6365],[-7.851,54.636],[-7.8505,54.635],[-7.853,54.6345],[-7.8525,54.6335],[-7.853,54.633],[-7.854,54.633],[-7.8545,54.633],[-7.8545,54.6325],[-7.8535,54.6325],[-7.854,54.632],[-7.8545,54.632],[-7.8515,54.6305],[-7.847,54.6325],[-7.8455,54.6335],[-7.8445,54.6335],[-7.8425,54.634],[-7.841,54.6335],[-7.8405,54.6335],[-7.839,54.634],[-7.8375,54.634],[-7.836,54.634],[-7.835,54.634],[-7.834,54.634],[-7.834,54.6335],[-7.8335,54.6335],[-7.832,54.633],[-7.831,54.6335],[-7.83,54.633],[-7.8295,54.633],[-7.8285,54.633],[-7.828,54.633],[-7.8275,54.634],[-7.826,54.6345],[-7.825,54.635],[-7.8235,54.6355],[-7.823,54.636],[-7.816,54.642],[-7.8145,54.6425],[-7.813,54.642],[-7.8135,54.6415],[-7.8135,54.641],[-7.8115,54.641],[-7.81,54.6405],[-7.809,54.64],[-7.8085,54.6395],[-7.8075,54.6385],[-7.8065,54.6375],[-7.8055,54.637],[-7.8055,54.6365],[-7.805,54.636],[-7.8045,54.6355],[-7.805,54.635],[-7.804,54.6345],[-7.8035,54.6345],[-7.802,54.6335],[-7.8015,54.6335],[-7.8,54.6335],[-7.7995,54.6335],[-7.799,54.634],[-7.795,54.633],[-7.792,54.6335],[-7.7905,54.6335],[-7.79,54.6335],[-7.79,54.633],[-7.788,54.633],[-7.786,54.633],[-7.785,54.633],[-7.7835,54.633],[-7.7815,54.6315],[-7.779,54.6295],[-7.779,54.629],[-7.7795,54.6285],[-7.7795,54.628],[-7.779,54.6275],[-7.7785,54.627],[-7.777,54.627],[-7.7725,54.623],[-7.7725,54.622],[-7.7725,54.6215],[-7.772,54.6215],[-7.7705,54.6215],[-7.77,54.622],[-7.766,54.623],[-7.7645,54.623],[-7.7585,54.625],[-7.757,54.6245],[-7.7565,54.623],[-7.7565,54.6225],[-7.757,54.622],[-7.7565,54.6215],[-7.755,54.621],[-7.754,54.6205],[-7.7545,54.62],[-7.754,54.619],[-7.7515,54.6195],[-7.7495,54.6195],[-7.748,54.619],[-7.7445,54.62],[-7.744,54.62],[-7.7435,54.6205],[-7.7425,54.62],[-7.743,54.6195],[-7.742,54.618],[-7.7385,54.619],[-7.738,54.6225],[-7.723,54.6275],[-7.7215,54.6275],[-7.7195,54.628],[-7.7185,54.6285],[-7.718,54.629],[-7.717,54.629],[-7.7165,54.629],[-7.715,54.6295],[-7.714,54.63],[-7.713,54.6305],[-7.712,54.631],[-7.7045,54.632],[-7.705,54.6315],[-7.705,54.631],[-7.704,54.63],[-7.7035,54.628],[-7.7035,54.6275],[-7.7055,54.6235],[-7.7055,54.6225],[-7.7055,54.6215],[-7.706,54.6205],[-7.706,54.62],[-7.703,54.6185],[-7.701,54.6185],[-7.699,54.6185],[-7.6965,54.619],[-7.6935,54.619],[-7.6935,54.6185],[-7.6945,54.6185],[-7.695,54.618],[-7.695,54.617],[-7.6945,54.617],[-7.694,54.615],[-7.694,54.6135],[-7.6955,54.613],[-7.696,54.612],[-7.6965,54.6115],[-7.6975,54.6105],[-7.699,54.61],[-7.7005,54.6105],[-7.7035,54.6085],[-7.701,54.609],[-7.7,54.6075],[-7.696,54.608],[-7.6915,54.6035],[-7.6825,54.605],[-7.6675,54.584],[-7.6245,54.5845],[-7.615,54.5755],[-7.6045,54.574],[-7.5995,54.566],[-7.5815,54.5645],[-7.546,54.57],[-7.528,54.556],[-7.5485,54.543],[-7.558,54.544],[-7.565,54.525],[-7.573,54.5165],[-7.575,54.506],[-7.5815,54.4975],[-7.6145,54.49],[-7.6365,54.483],[-7.629,54.4745],[-7.6185,54.4715],[-7.6205,54.459],[-7.6305,54.453],[-7.6245,54.442],[-7.5955,54.437],[-7.5845,54.4315],[-7.5525,54.4365],[-7.5405,54.4275],[-7.5275,54.4215],[-7.5275,54.4135],[-7.509,54.4055],[-7.4945,54.4135],[-7.473,54.421],[-7.4455,54.4255],[-7.4245,54.4335],[-7.4215,54.4395],[-7.382,54.4395],[-7.367,54.4375],[-7.3575,54.422],[-7.3445,54.4085],[-7.3315,54.405],[-7.329,54.398],[-7.341,54.3845],[-7.3315,54.3785],[-7.328,54.37],[-7.311,54.371],[-7.303,54.3675],[-7.2805,54.3715],[-7.271,54.361],[-7.272,54.3445],[-7.246,54.327],[-7.227,54.327],[-7.223,54.334],[-7.189,54.3375],[-7.185,54.339],[-7.1835,54.34],[-7.1815,54.34],[-7.1795,54.3395],[-7.175,54.3385],[-7.174,54.338],[-7.1705,54.338],[-7.168,54.3365],[-7.1665,54.3365],[-7.1645,54.3365],[-7.1625,54.337],[-7.1565,54.336],[-7.156,54.3355],[-7.154,54.335],[-7.1525,54.335],[-7.149,54.337],[-7.148,54.338],[-7.1465,54.3395],[-7.145,54.34],[-7.143,54.34],[-7.1415,54.3395],[-7.141,54.3395],[-7.1405,54.3405],[-7.1405,54.3415],[-7.1405,54.342],[-7.139,54.3435],[-7.1375,54.344],[-7.1365,54.3445],[-7.135,54.345],[-7.132,54.345],[-7.131,54.345],[-7.1295,54.345],[-7.1285,54.345],[-7.1275,54.346],[-7.1265,54.3465],[-7.127,54.3475],[-7.1255,54.349],[-7.1255,54.3495],[-7.124,54.3505],[-7.116,54.353],[-7.1145,54.3525],[-7.1135,54.3525],[-7.111,54.353],[-7.111,54.3535],[-7.111,54.354],[-7.1095,54.3545],[-7.1065,54.355],[-7.1055,54.3555],[-7.104,54.3555],[-7.1035,54.356],[-7.103,54.3565],[-7.103,54.357],[-7.1025,54.361],[-7.1045,54.3625],[-7.109,54.3655],[-7.1095,54.366],[-7.11,54.3675],[-7.11,54.3685],[-7.109,54.368],[-7.1075,54.3685],[-7.106,54.368],[-7.1055,54.3685],[-7.1045,54.3695],[-7.0995,54.3715],[-7.0985,54.372],[-7.0955,54.3735],[-7.0935,54.374],[-7.0915,54.375],[-7.0845,54.3785],[-7.084,54.3815],[-7.082,54.382],[-7.081,54.3825],[-7.0805,54.383],[-7.08,54.3835],[-7.076,54.3855],[-7.074,54.3875],[-7.0725,54.388],[-7.0715,54.389],[-7.071,54.3895],[-7.0705,54.39],[-7.071,54.3905],[-7.071,54.391],[-7.0705,54.3925],[-7.071,54.394],[-7.064,54.399],[-7.0595,54.405],[-7.0575,54.4065],[-7.056,54.4085],[-7.0565,54.409],[-7.0575,54.411],[-7.057,54.411],[-7.055,54.41],[-7.054,54.4115],[-7.0535,54.412],[-7.029,54.4215],[-7.0285,54.421],[-7.0285,54.4205],[-7.0275,54.42],[-7.0265,54.42],[-7.026,54.4195],[-7.026,54.419],[-7.025,54.419],[-7.022,54.418],[-7.0215,54.418],[-7.0205,54.418],[-7.0195,54.418],[-7.0195,54.4175],[-7.02,54.4165],[-7.0195,54.416],[-7.018,54.415],[-7.017,54.414],[-7.016,54.414],[-7.015,54.414],[-7.015,54.4145],[-7.0165,54.4155],[-7.0165,54.416],[-7.0155,54.416],[-7.015,54.4155],[-7.0145,54.416],[-7.014,54.417],[-7.0135,54.417],[-7.012,54.4165],[-7.0115,54.416],[-7.012,54.4155],[-7.0045,54.413],[-7.003,54.4135],[-7.0015,54.4135],[-7.0005,54.413],[-6.999,54.4115],[-6.9985,54.4105],[-6.9995,54.41],[-7.0005,54.411],[-7.001,54.4105],[-7.002,54.41],[-7.002,54.4085],[-7.0015,54.408],[-7.0005,54.408],[-7,54.408],[-7,54.4075],[-7.0005,54.407],[-7.0005,54.4065],[-7,54.4065],[-6.997,54.4065],[-6.9965,54.4065],[-6.9955,54.4065],[-6.996,54.4055],[-6.9955,54.4055],[-6.995,54.4055],[-6.9945,54.405],[-6.994,54.405],[-6.9915,54.4065],[-6.9895,54.407],[-6.9885,54.407],[-6.988,54.408],[-6.99,54.408],[-6.9895,54.409],[-6.989,54.4095],[-6.9875,54.409],[-6.9865,54.409],[-6.985,54.409],[-6.9845,54.4095],[-6.9835,54.409],[-6.9825,54.4095],[-6.982,54.4095],[-6.981,54.4085],[-6.98,54.4085],[-6.9795,54.4085],[-6.981,54.408],[-6.981,54.4075],[-6.979,54.407],[-6.9775,54.4065],[-6.9765,54.406],[-6.9745,54.4],[-6.959,54.398],[-6.947,54.3905],[-6.9435,54.391],[-6.944,54.389],[-6.9455,54.3875],[-6.9455,54.387],[-6.945,54.3865],[-6.9435,54.386],[-6.942,54.3855],[-6.9415,54.385],[-6.9385,54.3835],[-6.938,54.383],[-6.9375,54.383],[-6.937,54.383],[-6.935,54.384],[-6.9345,54.3845],[-6.934,54.3845],[-6.9325,54.3845],[-6.931,54.384],[-6.929,54.384],[-6.928,54.3835],[-6.927,54.383],[-6.9255,54.383],[-6.9245,54.383],[-6.9235,54.383],[-6.924,54.3825],[-6.925,54.382],[-6.926,54.3815],[-6.9285,54.3815],[-6.928,54.3805],[-6.9295,54.38],[-6.9305,54.3805],[-6.9315,54.38],[-6.9325,54.38],[-6.933,54.38],[-6.933,54.379],[-6.933,54.3785],[-6.9325,54.378],[-6.932,54.377],[-6.931,54.376],[-6.93,54.376],[-6.9295,54.3765],[-6.9285,54.3765],[-6.928,54.377],[-6.9265,54.377],[-6.9265,54.3765],[-6.927,54.3765],[-6.927,54.376],[-6.926,54.376],[-6.9255,54.377],[-6.925,54.3775],[-6.924,54.3775],[-6.923,54.378],[-6.922,54.3775],[-6.9215,54.378],[-6.9225,54.378],[-6.9225,54.3785],[-6.922,54.3785],[-6.9215,54.3785],[-6.9195,54.3785],[-6.9175,54.378],[-6.917,54.3775],[-6.9165,54.377],[-6.915,54.3765],[-6.914,54.376],[-6.9115,54.375],[-6.911,54.3745],[-6.911,54.3725],[-6.9045,54.3575],[-6.9045,54.3495],[-6.9,54.3495],[-6.8985,54.3505],[-6.8945,54.351],[-6.893,54.351],[-6.8875,54.349],[-6.8875,54.348],[-6.8865,54.347],[-6.8825,54.3465],[-6.881,54.3465],[-6.8775,54.3465],[-6.8765,54.3455],[-6.876,54.345],[-6.876,54.344],[-6.8755,54.344],[-6.872,54.3345],[-6.864,54.33],[-6.841,54.3335],[-6.835,54.339],[-6.8325,54.351],[-6.813,54.3685],[-6.8045,54.3795],[-6.808,54.397],[-6.794,54.4145],[-6.7705,54.414],[-6.7575,54.4065],[-6.749,54.411],[-6.735,54.409],[-6.7305,54.403],[-6.7105,54.404],[-6.7005,54.4165],[-6.7045,54.4215],[-6.694,54.4295],[-6.6975,54.4415],[-6.6715,54.453],[-6.668,54.463],[-6.6505,54.4695],[-6.649,54.4875],[-6.638,54.497],[-6.6105,54.507],[-6.591,54.5035],[-6.5795,54.5105],[-6.5785,54.518],[-6.5415,54.542],[-6.426,54.568],[-6.407,54.649],[-6.469,54.685]]]},"properties":{"COUNTY":"TYRONE"}},
{"type":"Feature","geometry":{"type":"MultiPolygon","coordinates":[[[[-6.426,54.568],[-6.381,54.514],[-6.354,54.5095],[-6.326,54.512],[-6.316,54.505],[-6.291,54.497],[-6.277,54.501],[-6.266,54.499],[-6.258,54.4915],[-6.23,54.4955],[-6.2085,54.49],[-6.2005,54.4835],[-6.181,54.4775],[-6.15,54.483],[-6.1295,54.497],[-6.113,54.4945],[-6.082,54.505],[-6.0675,54.5045],[-6.057,54.4975],[-6.042,54.5045],[-6.0275,54.505],[-6.021,54.5195],[-6.0275,54.525],[-5.998,54.5425],[-5.978,54.532],[-5.9695,54.5325],[-5.965,54.547],[-5.9425,54.5555],[-5.927,54.564],[-5.931,54.576],[-5.92,54.5835],[-5.913,54.5945],[-5.92,54.6025],[-5.875,54.6385],[-5.913,54.648],[-5.9005,54.6595],[-5.894,54.675],[-5.83,54.709],[-5.8055,54.711],[-5.79,54.721],[-5.774,54.7235],[-5.757,54.723],[-5.745,54.728],[-5.733,54.738],[-5.727,54.738],[-5.7095,54.7465],[-5.706,54.755],[-5.6885,54.768],[-5.6945,54.7775],[-5.6895,54.802],[-5.692,54.8105],[-5.711,54.835],[-5.726,54.8485],[-5.7585,54.859],[-5.77,54.852],[-5.7905,54.8515],[-5.787,54.8425],[-5.7695,54.832],[-5.7505,54.8255],[-5.7515,54.8205],[-5.738,54.816],[-5.7245,54.8],[-5.719,54.788],[-5.731,54.7875],[-5.7475,54.804],[-5.7415,54.811],[-5.763,54.8185],[-5.771,54.8155],[-5.8005,54.8225],[-5.81,54.8305],[-5.8125,54.841],[-5.7975,54.845],[-5.796,54.85],[-5.8115,54.8675],[-5.822,54.876],[-5.8335,54.878],[-5.8425,54.8895],[-5.8445,54.901],[-5.857,54.8985],[-5.878,54.908],[-5.8935,54.9345],[-5.918,54.961],[-5.9405,54.9705],[-5.9555,54.969],[-5.9695,54.981],[-5.9805,54.979],[-5.9925,54.99],[-5.9875,55],[-5.977,55.0075],[-5.9715,55.0225],[-5.972,55.031],[-5.963,55.048],[-5.981,55.058],[-5.9945,55.0595],[-6.0235,55.0575],[-6.043,55.053],[-6.058,55.0645],[-6.049,55.089],[-6.036,55.103],[-6.0355,55.122],[-6.0395,55.133],[-6.026,55.1395],[-6.026,55.1585],[-6.034,55.1695],[-6.046,55.172],[-6.0525,55.182],[-6.0675,55.197],[-6.1065,55.21],[-6.114,55.209],[-6.1405,55.2275],[-6.159,55.226],[-6.177,55.214],[-6.2025,55.212],[-6.208,55.2085],[-6.2375,55.2045],[-6.2465,55.2115],[-6.2565,55.212],[-6.272,55.221],[-6.287,55.2245],[-6.2955,55.2315],[-6.3085,55.2295],[-6.3325,55.2395],[-6.3585,55.241],[-6.367,55.245],[-6.3795,55.2425],[-6.3885,55.236],[-6.4095,55.2325],[-6.416,55.2375],[-6.456,55.2395],[-6.4625,55.2475],[-6.482,55.252],[-6.506,55.244],[-6.5305,55.2335],[-6.5285,55.225],[-6.544,55.22],[-6.5715,55.215],[-6.5865,55.2095],[-6.61,55.206],[-6.63,55.2085],[-6.6495,55.205],[-6.6595,55.199],[-6.669,55.199],[-6.6655,55.191],[-6.6465,55.195],[-6.637,55.188],[-6.614,55.182],[-6.5895,55.1615],[-6.5805,55.144],[-6.5735,55.142],[-6.569,55.1305],[-6.5695,55.113],[-6.585,55.0885],[-6.6035,55.0835],[-6.607,55.077],[-6.598,55.068],[-6.584,55.063],[-6.5825,55.051],[-6.573,55.0385],[-6.581,55.0055],[-6.571,54.993],[-6.57,54.9855],[-6.5465,54.98],[-6.551,54.9725],[-6.54,54.9535],[-6.518,54.941],[-6.5155,54.935],[-6.499,54.918],[-6.506,54.9105],[-6.498,54.89],[-6.49,54.886],[-6.487,54.877],[-6.4715,54.854],[-6.4715,54.8415],[-6.4575,54.8245],[-6.459,54.817],[-6.471,54.8125],[-6.478,54.794],[-6.48,54.7755],[-6.468,54.7645],[-6.457,54.762],[-6.486,54.7365],[-6.496,54.7135],[-6.469,54.685],[-6.407,54.649],[-6.426,54.568]]],[[[-6.193,55.2925],[-6.189,55.285],[-6.201,55.2765],[-6.198,55.265],[-6.182,55.2675],[-6.17,55.3015],[-6.1955,55.307],[-6.218,55.306],[-6.239,55.3125],[-6.265,55.3055],[-6.2705,55.3065],[-6.2855,55.295],[-6.2605,55.29],[-6.2275,55.296],[-6.193,55.2925]]]]},"properties":{"COUNTY":"ANTRIM"}},
{"type":"Feature","geometry":{"type":"Polygon","coordinates":[[[-6.864,54.33],[-6.8655,54.3275],[-6.8655,54.3265],[-6.865,54.3255],[-6.864,54.324],[-6.864,54.323],[-6.864,54.322],[-6.8635,54.318],[-6.8635,54.3155],[-6.861,54.3145],[-6.8595,54.3145],[-6.8565,54.3135],[-6.857,54.3125],[-6.8565,54.312],[-6.857,54.31],[-6.858,54.3095],[-6.8575,54.309],[-6.8595,54.308],[-6.859,54.3075],[-6.8585,54.307],[-6.8575,54.307],[-6.8575,54.3065],[-6.858,54.3055],[-6.858,54.3045],[-6.859,54.3045],[-6.859,54.304],[-6.858,54.3035],[-6.857,54.3025],[-6.856,54.302],[-6.855,54.302],[-6.8535,54.3015],[-6.8525,54.3005],[-6.8525,54.299],[-6.851,54.2975],[-6.851,54.297],[-6.8515,54.2965],[-6.8515,54.2955],[-6.852,54.2955],[-6.8525,54.295],[-6.853,54.295],[-6.853,54.294],[-6.853,54.293],[-6.8525,54.2925],[-6.8515,54.2925],[-6.851,54.292],[-6.8525,54.2905],[-6.853,54.2905],[-6.8535,54.2905],[-6.854,54.29],[-6.8545,54.29],[-6.855,54.29],[-6.856,54.29],[-6.8565,54.29],[-6.858,54.29],[-6.8575,54.2895],[-6.858,54.2895],[-6.859,54.289],[-6.8605,54.2895],[-6.8605,54.289],[-6.861,54.287],[-6.8595,54.285],[-6.8585,54.2825],[-6.859,54.282],[-6.8615,54.281],[-6.863,54.2815],[-6.8655,54.2825],[-6.867,54.2825],[-6.868,54.282],[-6.868,54.283],[-6.868,54.2835],[-6.8675,54.2845],[-6.868,54.285],[-6.868,54.2855],[-6.868,54.286],[-6.8685,54.286],[-6.8685,54.287],[-6.8695,54.287],[-6.8695,54.2875],[-6.872,54.288],[-6.8745,54.2875],[-6.8755,54.287],[-6.875,54.287],[-6.8745,54.2865],[-6.8745,54.286],[-6.875,54.286],[-6.875,54.2855],[-6.8755,54.2855],[-6.8765,54.2855],[-6.8775,54.2855],[-6.878,54.285],[-6.8775,54.2845],[-6.8775,54.284],[-6.877,54.2835],[-6.876,54.2835],[-6.8755,54.2835],[-6.8745,54.282],[-6.875,54.282],[-6.8755,54.2815],[-6.8765,54.2815],[-6.878,54.2795],[-6.8775,54.278],[-6.866,54.27],[-6.865,54.2695],[-6.8645,54.2695],[-6.8635,54.27],[-6.8625,54.27],[-6.8605,54.2695],[-6.86,54.2695],[-6.8595,54.269],[-6.859,54.2685],[-6.8585,54.2685],[-6.8575,54.2685],[-6.852,54.2685],[-6.8365,54.2665],[-6.8295,54.2575],[-6.829,54.256],[-6.829,54.255],[-6.829,54.254],[-6.8295,54.2535],[-6.8295,54.253],[-6.829,54.252],[-6.829,54.2515],[-6.8285,54.2495],[-6.829,54.2485],[-6.829,54.2475],[-6.8285,54.2475],[-6.8275,54.247],[-6.8265,54.2465],[-6.8225,54.2405],[-6.82,54.2395],[-6.819,54.2385],[-6.8195,54.238],[-6.8195,54.2375],[-6.82,54.236],[-6.82,54.233],[-6.8195,54.2325],[-6.819,54.232],[-6.8185,54.232],[-6.8185,54.231],[-6.8185,54.2305],[-6.815,54.227],[-6.8005,54.221],[-6.7965,54.2115],[-6.7755,54.199],[-6.756,54.199],[-6.745,54.185],[-6.744,54.1835],[-6.7425,54.1825],[-6.7415,54.182],[-6.74,54.182],[-6.7385,54.1815],[-6.735,54.186],[-6.732,54.1855],[-6.7275,54.1825],[-6.7225,54.1815],[-6.722,54.1815],[-6.721,54.182],[-6.721,54.187],[-6.7185,54.189],[-6.713,54.1915],[-6.713,54.192],[-6.7135,54.192],[-6.7135,54.1925],[-6.7135,54.1935],[-6.7145,54.194],[-6.7135,54.1955],[-6.713,54.1955],[-6.712,54.196],[-6.712,54.1965],[-6.711,54.1965],[-6.711,54.197],[-6.7105,54.1975],[-6.7065,54.2],[-6.7055,54.2],[-6.7035,54.2],[-6.702,54.2005],[-6.701,54.2005],[-6.699,54.2],[-6.6955,54.199],[-6.695,54.1995],[-6.6945,54.2],[-6.692,54.2],[-6.691,54.1995],[-6.688,54.195],[-6.6795,54.195],[-6.663,54.1895],[-6.6585,54.185],[-6.6575,54.185],[-6.657,54.1845],[-6.656,54.184],[-6.654,54.1825],[-6.649,54.1795],[-6.6485,54.1795],[-6.648,54.1795],[-6.6465,54.1795],[-6.646,54.179],[-6.6455,54.1795],[-6.6445,54.18],[-6.644,54.1795],[-6.644,54.1785],[-6.6425,54.176],[-6.642,54.175],[-6.6405,54.174],[-6.6395,54.1725],[-6.6365,54.171],[-6.6295,54.154],[-6.63,54.153],[-6.631,54.1535],[-6.6315,54.1525],[-6.631,54.152],[-6.632,54.1505],[-6.6315,54.147],[-6.633,54.147],[-6.635,54.146],[-6.637,54.146],[-6.638,54.145],[-6.6405,54.1425],[-6.6405,54.142],[-6.641,54.141],[-6.641,54.14],[-6.64,54.14],[-6.6405,54.139],[-6.641,54.139],[-6.641,54.1385],[-6.6405,54.1385],[-6.64,54.138],[-6.64,54.1375],[-6.6395,54.137],[-6.639,54.137],[-6.639,54.1365],[-6.639,54.1355],[-6.6405,54.134],[-6.64,54.1335],[-6.6395,54.133],[-6.64,54.133],[-6.64,54.1325],[-6.6395,54.132],[-6.6405,54.1315],[-6.642,54.131],[-6.6425,54.13],[-6.643,54.1305],[-6.643,54.13],[-6.644,54.13],[-6.645,54.1305],[-6.6455,54.1305],[-6.646,54.1305],[-6.6465,54.13],[-6.648,54.13],[-6.649,54.13],[-6.65,54.1295],[-6.6495,54.129],[-6.649,54.1285],[-6.649,54.1275],[-6.6495,54.127],[-6.651,54.127],[-6.6505,54.126],[-6.65,54.1255],[-6.649,54.1245],[-6.6485,54.124],[-6.6485,54.1235],[-6.6485,54.123],[-6.6485,54.122],[-6.6485,54.1215],[-6.649,54.1215],[-6.6495,54.1215],[-6.65,54.1215],[-6.651,54.1215],[-6.6515,54.1215],[-6.654,54.1235],[-6.655,54.124],[-6.6565,54.124],[-6.658,54.124],[-6.659,54.124],[-6.66,54.1235],[-6.66,54.124],[-6.6605,54.1235],[-6.661,54.1225],[-6.661,54.1205],[-6.6605,54.12],[-6.661,54.1185],[-6.661,54.1175],[-6.655,54.1095],[-6.645,54.099],[-6.645,54.096],[-6.647,54.0955],[-6.6495,54.0945],[-6.65,54.0935],[-6.651,54.093],[-6.652,54.093],[-6.6535,54.0935],[-6.654,54.0935],[-6.6545,54.0935],[-6.6555,54.0935],[-6.6555,54.094],[-6.6565,54.0945],[-6.6575,54.0955],[-6.658,54.096],[-6.659,54.096],[-6.661,54.0935],[-6.662,54.0925],[-6.6615,54.092],[-6.6615,54.091],[-6.661,54.0905],[-6.661,54.09],[-6.6605,54.0895],[-6.6595,54.089],[-6.659,54.088],[-6.6585,54.0875],[-6.658,54.0875],[-6.657,54.088],[-6.6565,54.088],[-6.656,54.087],[-6.656,54.0865],[-6.6585,54.0845],[-6.6585,54.084],[-6.6585,54.0835],[-6.6575,54.0805],[-6.658,54.08],[-6.6585,54.0795],[-6.658,54.079],[-6.6585,54.0785],[-6.6585,54.078],[-6.659,54.0775],[-6.659,54.077],[-6.6585,54.077],[-6.658,54.076],[-6.6585,54.0755],[-6.66,54.0745],[-6.661,54.0745],[-6.661,54.074],[-6.661,54.0735],[-6.662,54.0735],[-6.6625,54.0735],[-6.664,54.074],[-6.6645,54.0745],[-6.668,54.074],[-6.669,54.0735],[-6.669,54.073],[-6.6685,54.072],[-6.6675,54.071],[-6.6645,54.0695],[-6.6645,54.0685],[-6.6645,54.068],[-6.6645,54.0675],[-6.665,54.067],[-6.665,54.066],[-6.661,54.063],[-6.658,54.0615],[-6.656,54.062],[-6.6555,54.062],[-6.652,54.0615],[-6.651,54.062],[-6.6505,54.0615],[-6.65,54.0615],[-6.65,54.061],[-6.649,54.0595],[-6.6485,54.059],[-6.647,54.059],[-6.6465,54.0585],[-6.6475,54.0575],[-6.648,54.057],[-6.647,54.056],[-6.6465,54.055],[-6.646,54.0545],[-6.645,54.053],[-6.6445,54.0525],[-6.643,54.0525],[-6.6425,54.052],[-6.641,54.051],[-6.6395,54.05],[-6.64,54.0495],[-6.6405,54.0495],[-6.641,54.0485],[-6.6395,54.047],[-6.639,54.0465],[-6.6385,54.046],[-6.6375,54.046],[-6.6365,54.046],[-6.6355,54.0455],[-6.6355,54.0445],[-6.636,54.044],[-6.6355,54.044],[-6.635,54.044],[-6.634,54.0435],[-6.6335,54.0435],[-6.6305,54.0435],[-6.63,54.043],[-6.629,54.042],[-6.6275,54.0395],[-6.625,54.0375],[-6.624,54.0365],[-6.6235,54.0365],[-6.6235,54.0375],[-6.6235,54.039],[-6.6195,54.0395],[-6.6185,54.0385],[-6.618,54.0385],[-6.6175,54.039],[-6.6175,54.0395],[-6.6165,54.041],[-6.6165,54.0415],[-6.6165,54.042],[-6.617,54.042],[-6.616,54.0425],[-6.614,54.0415],[-6.613,54.0415],[-6.611,54.0415],[-6.6045,54.045],[-6.602,54.045],[-6.601,54.0445],[-6.6,54.045],[-6.5985,54.046],[-6.595,54.0445],[-6.593,54.0465],[-6.594,54.0485],[-6.5935,54.05],[-6.5955,54.052],[-6.5945,54.053],[-6.5925,54.054],[-6.591,54.0555],[-6.591,54.056],[-6.5865,54.0575],[-6.585,54.057],[-6.582,54.055],[-6.5795,54.056],[-6.575,54.053],[-6.558,54.0495],[-6.556,54.05],[-6.555,54.05],[-6.552,54.052],[-6.551,54.0515],[-6.549,54.0505],[-6.547,54.052],[-6.5455,54.0515],[-6.543,54.0535],[-6.538,54.0555],[-6.536,54.057],[-6.5345,54.0585],[-6.532,54.0595],[-6.5285,54.059],[-6.527,54.0585],[-6.524,54.0565],[-6.5235,54.0565],[-6.522,54.056],[-6.5155,54.0525],[-6.5035,54.06],[-6.4965,54.059],[-6.493,54.061],[-6.492,54.0625],[-6.491,54.0625],[-6.489,54.0635],[-6.4865,54.0645],[-6.485,54.065],[-6.4845,54.0655],[-6.4845,54.0665],[-6.483,54.067],[-6.48,54.067],[-6.4795,54.067],[-6.477,54.0665],[-6.476,54.0665],[-6.473,54.0665],[-6.4715,54.066],[-6.4755,54.069],[-6.4805,54.071],[-6.4815,54.073],[-6.481,54.074],[-6.4815,54.0745],[-6.4805,54.0755],[-6.4805,54.0765],[-6.4795,54.077],[-6.479,54.0765],[-6.478,54.077],[-6.4765,54.0765],[-6.4755,54.0765],[-6.4745,54.0755],[-6.4695,54.0735],[-6.4685,54.074],[-6.4675,54.074],[-6.4665,54.074],[-6.465,54.073],[-6.4645,54.0725],[-6.4635,54.0715],[-6.463,54.071],[-6.462,54.0705],[-6.461,54.0705],[-6.4605,54.0705],[-6.459,54.071],[-6.459,54.072],[-6.4565,54.0725],[-6.4515,54.0685],[-6.4485,54.061],[-6.448,54.0605],[-6.446,54.0585],[-6.445,54.058],[-6.4435,54.058],[-6.443,54.0575],[-6.4435,54.057],[-6.4435,54.0565],[-6.441,54.0575],[-6.44,54.058],[-6.4395,54.058],[-6.4385,54.0575],[-6.438,54.0575],[-6.4375,54.0575],[-6.436,54.058],[-6.4275,54.061],[-6.418,54.0625],[-6.4175,54.0625],[-6.4155,54.062],[-6.415,54.062],[-6.4105,54.0625],[-6.41,54.0625],[-6.4055,54.0625],[-6.4045,54.062],[-6.4035,54.062],[-6.4025,54.062],[-6.4015,54.062],[-6.4015,54.0615],[-6.4005,54.0615],[-6.398,54.0615],[-6.3975,54.0615],[-6.396,54.0615],[-6.3955,54.0615],[-6.3945,54.0615],[-6.39,54.0605],[-6.3885,54.0615],[-6.3875,54.0615],[-6.387,54.0615],[-6.387,54.0625],[-6.3855,54.0645],[-6.384,54.067],[-6.384,54.068],[-6.382,54.0685],[-6.3815,54.069],[-6.3795,54.069],[-6.3775,54.0695],[-6.376,54.0695],[-6.376,54.069],[-6.3725,54.07],[-6.371,54.07],[-6.3695,54.07],[-6.3675,54.07],[-6.365,54.0715],[-6.3635,54.0725],[-6.3635,54.0735],[-6.363,54.0745],[-6.3625,54.0765],[-6.362,54.0785],[-6.3625,54.0795],[-6.363,54.082],[-6.363,54.0825],[-6.3635,54.0845],[-6.3635,54.087],[-6.3635,54.09],[-6.362,54.0975],[-6.3665,54.1045],[-6.368,54.1115],[-6.363,54.114],[-6.3575,54.112],[-6.355,54.1105],[-6.354,54.1105],[-6.3485,54.114],[-6.345,54.1115],[-6.3425,54.1115],[-6.3415,54.1115],[-6.341,54.1115],[-6.3405,54.1115],[-6.34,54.112],[-6.3385,54.1085],[-6.336,54.1085],[-6.3355,54.108],[-6.336,54.1075],[-6.3355,54.107],[-6.3355,54.1065],[-6.3345,54.105],[-6.335,54.1045],[-6.335,54.1035],[-6.336,54.1025],[-6.3365,54.0945],[-6.319,54.091],[-6.318,54.091],[-6.317,54.094],[-6.313,54.096],[-6.309,54.1065],[-6.291,54.113],[-6.3025,54.123],[-6.3215,54.148],[-6.3205,54.153],[-6.332,54.164],[-6.344,54.165],[-6.3505,54.1845],[-6.348,54.2015],[-6.3535,54.215],[-6.365,54.2265],[-6.3615,54.2305],[-6.374,54.2475],[-6.362,54.2555],[-6.3665,54.2695],[-6.3545,54.274],[-6.3575,54.281],[-6.371,54.291],[-6.3695,54.304],[-6.3605,54.3125],[-6.366,54.3295],[-6.3625,54.341],[-6.3755,54.351],[-6.3845,54.3715],[-6.399,54.3895],[-6.389,54.4],[-6.377,54.4045],[-6.3785,54.411],[-6.379,54.423],[-6.3715,54.428],[-6.3475,54.435],[-6.347,54.4395],[-6.3335,54.4465],[-6.3145,54.4415],[-6.3025,54.449],[-6.312,54.4555],[-6.306,54.464],[-6.2985,54.475],[-6.2885,54.4735],[-6.28,54.4795],[-6.2965,54.485],[-6.3,54.4895],[-6.3235,54.4965],[-6.3395,54.5065],[-6.354,54.5095],[-6.381,54.514],[-6.426,54.568],[-6.5415,54.542],[-6.5785,54.518],[-6.5795,54.5105],[-6.591,54.5035],[-6.6105,54.507],[-6.638,54.497],[-6.649,54.4875],[-6.6505,54.4695],[-6.668,54.463],[-6.6715,54.453],[-6.6975,54.4415],[-6.694,54.4295],[-6.7045,54.4215],[-6.7005,54.4165],[-6.7105,54.404],[-6.7305,54.403],[-6.735,54.409],[-6.749,54.411],[-6.7575,54.4065],[-6.7705,54.414],[-6.794,54.4145],[-6.808,54.397],[-6.8045,54.3795],[-6.813,54.3685],[-6.8325,54.351],[-6.835,54.339],[-6.841,54.3335],[-6.864,54.33]]]},"properties":{"COUNTY":"ARMAGH"}},
{"type":"Feature","geometry":{"type":"Polygon","coordinates":[[[-7.7035,54.6085],[-7.704,54.608],[-7.7085,54.6065],[-7.7105,54.6065],[-7.7115,54.6065],[-7.712,54.6065],[-7.7135,54.6065],[-7.7145,54.6065],[-7.7155,54.606],[-7.717,54.606],[-7.718,54.6065],[-7.718,54.6055],[-7.721,54.605],[-7.7215,54.605],[-7.7235,54.604],[-7.7255,54.604],[-7.7265,54.6035],[-7.7275,54.6035],[-7.7275,54.604],[-7.7285,54.604],[-7.7285,54.603],[-7.7295,54.6025],[-7.7315,54.602],[-7.734,54.6015],[-7.735,54.602],[-7.7365,54.6005],[-7.741,54.5995],[-7.7415,54.5995],[-7.742,54.5995],[-7.744,54.599],[-7.7445,54.599],[-7.745,54.6],[-7.7455,54.5995],[-7.7455,54.6],[-7.746,54.6],[-7.747,54.5995],[-7.7475,54.5995],[-7.749,54.5995],[-7.749,54.599],[-7.7495,54.5985],[-7.751,54.599],[-7.7525,54.5985],[-7.7525,54.598],[-7.753,54.5975],[-7.754,54.597],[-7.7545,54.5965],[-7.755,54.5965],[-7.755,54.596],[-7.7555,54.596],[-7.7565,54.596],[-7.757,54.5955],[-7.759,54.595],[-7.7595,54.5945],[-7.7605,54.594],[-7.7665,54.586],[-7.7735,54.584],[-7.7775,54.583],[-7.7785,54.5825],[-7.7795,54.5825],[-7.7805,54.582],[-7.7835,54.581],[-7.7865,54.5805],[-7.787,54.58],[-7.7895,54.5805],[-7.79,54.5805],[-7.7915,54.581],[-7.7915,54.5815],[-7.792,54.5815],[-7.793,54.582],[-7.7935,54.582],[-7.795,54.5785],[-7.797,54.5775],[-7.7975,54.577],[-7.798,54.577],[-7.798,54.5775],[-7.798,54.578],[-7.799,54.5775],[-7.7995,54.577],[-7.7995,54.576],[-7.809,54.5665],[-7.811,54.5655],[-7.811,54.564],[-7.8175,54.562],[-7.823,54.557],[-7.827,54.5555],[-7.829,54.5535],[-7.8305,54.554],[-7.832,54.553],[-7.8325,54.5525],[-7.8335,54.5525],[-7.833,54.5515],[-7.8325,54.55],[-7.831,54.5495],[-7.831,54.5485],[-7.8305,54.548],[-7.83,54.548],[-7.8295,54.5485],[-7.8285,54.548],[-7.828,54.548],[-7.826,54.5475],[-7.826,54.547],[-7.824,54.5465],[-7.8235,54.5445],[-7.8245,54.544],[-7.8255,54.5435],[-7.826,54.5435],[-7.828,54.543],[-7.8285,54.5425],[-7.8285,54.542],[-7.829,54.5415],[-7.83,54.541],[-7.8325,54.54],[-7.8365,54.5395],[-7.837,54.539],[-7.838,54.539],[-7.84,54.5385],[-7.8415,54.538],[-7.8425,54.5375],[-7.843,54.537],[-7.8435,54.5375],[-7.8445,54.5375],[-7.846,54.536],[-7.8465,54.5355],[-7.848,54.535],[-7.849,54.534],[-7.85,54.5335],[-7.8505,54.533],[-7.852,54.5335],[-7.8525,54.5345],[-7.8535,54.5345],[-7.8545,54.5355],[-7.8565,54.5365],[-7.857,54.536],[-7.8575,54.536],[-7.858,54.5365],[-7.859,54.5365],[-7.8595,54.5365],[-7.8645,54.5355],[-7.866,54.535],[-7.867,54.535],[-7.868,54.5345],[-7.869,54.5345],[-7.8695,54.5345],[-7.8805,54.535],[-7.882,54.536],[-7.884,54.5365],[-7.884,54.537],[-7.885,54.537],[-7.89,54.537],[-7.892,54.5365],[-7.8925,54.5365],[-7.893,54.535],[-7.8935,54.535],[-7.8945,54.535],[-7.895,54.535],[-7.8965,54.5355],[-7.8975,54.5355],[-7.899,54.536],[-7.9025,54.536],[-7.9055,54.537],[-7.9065,54.537],[-7.907,54.5375],[-7.908,54.5375],[-7.9195,54.537],[-7.9375,54.533],[-7.9405,54.5335],[-7.9415,54.5345],[-7.9415,54.535],[-7.943,54.5355],[-7.9435,54.536],[-7.9445,54.536],[-7.945,54.5355],[-7.9465,54.5355],[-7.9475,54.535],[-7.949,54.534],[-7.9495,54.5335],[-7.951,54.534],[-7.9535,54.5345],[-7.9565,54.537],[-7.957,54.538],[-7.9575,54.5385],[-7.9585,54.5385],[-7.9595,54.538],[-7.9585,54.5395],[-7.959,54.54],[-7.961,54.541],[-7.9635,54.5425],[-7.9645,54.543],[-7.966,54.543],[-7.967,54.5435],[-7.969,54.544],[-7.978,54.5455],[-7.9915,54.543],[-8.006,54.546],[-8.008,54.543],[-8.013,54.538],[-8.013,54.5365],[-8.0135,54.5365],[-8.014,54.536],[-8.014,54.535],[-8.013,54.535],[-8.013,54.5345],[-8.012,54.534],[-8.013,54.533],[-8.014,54.5325],[-8.0145,54.532],[-8.017,54.532],[-8.0175,54.5295],[-8.0225,54.5265],[-8.029,54.521],[-8.042,54.5065],[-8.0405,54.5045],[-8.0385,54.5035],[-8.041,54.4965],[-8.0415,54.494],[-8.042,54.4915],[-8.043,54.489],[-8.0425,54.489],[-8.0425,54.4875],[-8.0475,54.488],[-8.05,54.488],[-8.0505,54.488],[-8.0515,54.4875],[-8.0525,54.488],[-8.0535,54.488],[-8.0555,54.4875],[-8.056,54.487],[-8.057,54.4875],[-8.059,54.487],[-8.0605,54.487],[-8.0615,54.487],[-8.0625,54.487],[-8.063,54.4865],[-8.065,54.4865],[-8.073,54.487],[-8.077,54.487],[-8.077,54.488],[-8.0775,54.488],[-8.079,54.488],[-8.081,54.488],[-8.0805,54.487],[-8.083,54.4875],[-8.0855,54.4875],[-8.089,54.487],[-8.0895,54.4865],[-8.093,54.4855],[-8.0935,54.4855],[-8.0975,54.4845],[-8.0955,54.4825],[-8.0955,54.4815],[-8.096,54.481],[-8.097,54.4805],[-8.0975,54.4795],[-8.0965,54.4795],[-8.0955,54.4795],[-8.0945,54.4795],[-8.0935,54.4785],[-8.091,54.4765],[-8.094,54.4765],[-8.094,54.477],[-8.098,54.4775],[-8.1025,54.477],[-8.1035,54.477],[-8.1035,54.4765],[-8.104,54.476],[-8.107,54.476],[-8.1085,54.4765],[-8.1115,54.4765],[-8.113,54.4765],[-8.1135,54.476],[-8.1145,54.4755],[-8.1145,54.4745],[-8.114,54.474],[-8.1145,54.474],[-8.115,54.474],[-8.1155,54.4735],[-8.1155,54.473],[-8.115,54.469],[-8.147,54.47],[-8.1485,54.47],[-8.154,54.4695],[-8.164,54.469],[-8.174,54.4675],[-8.1675,54.4595],[-8.16,54.457],[-8.1535,54.455],[-8.152,54.455],[-8.1495,54.454],[-8.1485,54.4535],[-8.148,54.4535],[-8.1465,54.453],[-8.1445,54.452],[-8.143,54.451],[-8.143,54.4505],[-8.1435,54.45],[-8.1465,54.449],[-8.151,54.4445],[-8.1605,54.444],[-8.1585,54.439],[-8.1535,54.437],[-8.0975,54.4065],[-8.0835,54.3945],[-8.0825,54.394],[-8.0785,54.392],[-8.0745,54.3875],[-8.0735,54.3845],[-8.0715,54.384],[-8.068,54.3805],[-8.068,54.3795],[-8.0655,54.377],[-8.0645,54.375],[-8.0635,54.375],[-8.0645,54.3735],[-8.0475,54.363],[-8.0395,54.3625],[-8.0385,54.3615],[-8.038,54.3605],[-8.0375,54.3605],[-8.037,54.36],[-8.037,54.359],[-8.036,54.359],[-8.0355,54.358],[-8.0345,54.3575],[-8.0315,54.3565],[-8.0205,54.357],[-8.0135,54.358],[-8.0095,54.3605],[-8.0075,54.361],[-8.005,54.3605],[-8.0005,54.358],[-7.9995,54.3575],[-7.9975,54.3555],[-7.9985,54.3545],[-7.9995,54.353],[-8.001,54.351],[-8.0015,54.35],[-8.001,54.3495],[-8,54.348],[-7.9995,54.347],[-7.999,54.347],[-7.9985,54.347],[-7.998,54.3465],[-7.997,54.346],[-7.992,54.346],[-7.99,54.345],[-7.988,54.345],[-7.9875,54.345],[-7.9865,54.344],[-7.9865,54.3435],[-7.986,54.343],[-7.9855,54.342],[-7.984,54.3405],[-7.9835,54.3405],[-7.983,54.34],[-7.983,54.3395],[-7.983,54.338],[-7.9825,54.3375],[-7.9825,54.3365],[-7.972,54.331],[-7.9635,54.3205],[-7.9615,54.3125],[-7.9565,54.31],[-7.946,54.3045],[-7.9305,54.3035],[-7.926,54.3045],[-7.9185,54.303],[-7.915,54.297],[-7.911,54.296],[-7.906,54.2965],[-7.9015,54.3015],[-7.888,54.3005],[-7.8855,54.2975],[-7.885,54.2975],[-7.884,54.295],[-7.8825,54.294],[-7.8815,54.2925],[-7.8815,54.292],[-7.881,54.292],[-7.8805,54.292],[-7.88,54.292],[-7.8795,54.2925],[-7.8795,54.293],[-7.8775,54.293],[-7.876,54.2935],[-7.8755,54.294],[-7.8755,54.2945],[-7.8745,54.2945],[-7.873,54.294],[-7.8705,54.2935],[-7.862,54.2935],[-7.8635,54.2895],[-7.8645,54.289],[-7.8655,54.2885],[-7.8665,54.2885],[-7.8675,54.289],[-7.8705,54.288],[-7.8725,54.266],[-7.8665,54.2625],[-7.865,54.2605],[-7.8625,54.26],[-7.861,54.2605],[-7.8605,54.2605],[-7.8605,54.26],[-7.861,54.259],[-7.8615,54.2575],[-7.8615,54.257],[-7.8615,54.2565],[-7.8615,54.256],[-7.861,54.2545],[-7.862,54.2525],[-7.859,54.2435],[-7.86,54.2295],[-7.8555,54.222],[-7.8565,54.221],[-7.859,54.22],[-7.86,54.2195],[-7.8615,54.2185],[-7.86,54.2175],[-7.8575,54.2165],[-7.8535,54.2155],[-7.839,54.2095],[-7.8115,54.201],[-7.8035,54.207],[-7.8,54.207],[-7.7975,54.207],[-7.7925,54.2075],[-7.7905,54.2075],[-7.7895,54.2075],[-7.7825,54.2075],[-7.7755,54.2085],[-7.7745,54.2085],[-7.7735,54.2075],[-7.773,54.207],[-7.771,54.2075],[-7.769,54.209],[-7.7685,54.2095],[-7.768,54.2095],[-7.768,54.2085],[-7.7685,54.208],[-7.7685,54.2075],[-7.7655,54.2075],[-7.7625,54.2075],[-7.762,54.208],[-7.7615,54.2085],[-7.761,54.2085],[-7.76,54.2085],[-7.759,54.2085],[-7.7575,54.209],[-7.7565,54.2095],[-7.7555,54.2095],[-7.755,54.21],[-7.7535,54.21],[-7.753,54.2095],[-7.752,54.2095],[-7.751,54.2095],[-7.75,54.2095],[-7.7485,54.2095],[-7.7465,54.206],[-7.7455,54.2055],[-7.7445,54.204],[-7.742,54.204],[-7.739,54.2035],[-7.7315,54.205],[-7.7305,54.2045],[-7.73,54.2045],[-7.7295,54.2045],[-7.7285,54.2045],[-7.724,54.2035],[-7.7105,54.203],[-7.707,54.205],[-7.7045,54.2065],[-7.702,54.208],[-7.6885,54.2035],[-7.6865,54.198],[-7.6805,54.1935],[-7.6795,54.1925],[-7.6795,54.1915],[-7.679,54.191],[-7.6765,54.182],[-7.675,54.1815],[-7.6735,54.181],[-7.672,54.1815],[-7.671,54.182],[-7.67,54.183],[-7.667,54.1865],[-7.6665,54.187],[-7.6655,54.1875],[-7.6645,54.188],[-7.6605,54.187],[-7.6575,54.186],[-7.6565,54.186],[-7.656,54.1855],[-7.656,54.185],[-7.6555,54.1845],[-7.6555,54.184],[-7.655,54.184],[-7.6535,54.182],[-7.653,54.1815],[-7.652,54.1815],[-7.652,54.181],[-7.6515,54.181],[-7.6505,54.181],[-7.6505,54.1805],[-7.65,54.1805],[-7.6495,54.18],[-7.649,54.1795],[-7.6485,54.1795],[-7.6485,54.179],[-7.6475,54.178],[-7.6465,54.178],[-7.6455,54.177],[-7.646,54.176],[-7.6455,54.176],[-7.645,54.1755],[-7.642,54.1745],[-7.6405,54.174],[-7.6405,54.1735],[-7.6385,54.173],[-7.6365,54.172],[-7.6345,54.1715],[-7.632,54.171],[-7.6295,54.17],[-7.629,54.1695],[-7.628,54.169],[-7.628,54.1675],[-7.6265,54.167],[-7.626,54.166],[-7.6255,54.166],[-7.6255,54.1655],[-7.6255,54.1645],[-7.626,54.164],[-7.626,54.163],[-7.6265,54.161],[-7.6255,54.1535],[-7.6105,54.144],[-7.592,54.14],[-7.587,54.1415],[-7.586,54.1415],[-7.5845,54.1415],[-7.584,54.142],[-7.5835,54.1425],[-7.583,54.1425],[-7.5825,54.1415],[-7.5785,54.141],[-7.5765,54.1415],[-7.5745,54.1415],[-7.5735,54.141],[-7.574,54.14],[-7.5755,54.138],[-7.5755,54.1365],[-7.5755,54.1345],[-7.575,54.1335],[-7.5745,54.133],[-7.572,54.133],[-7.571,54.133],[-7.569,54.133],[-7.5655,54.1265],[-7.537,54.131],[-7.528,54.1355],[-7.5215,54.131],[-7.5215,54.1305],[-7.521,54.1305],[-7.5205,54.1305],[-7.52,54.13],[-7.519,54.1295],[-7.518,54.13],[-7.5175,54.1305],[-7.5165,54.1305],[-7.512,54.13],[-7.5095,54.13],[-7.5085,54.1295],[-7.507,54.129],[-7.506,54.128],[-7.503,54.1265],[-7.501,54.1265],[-7.499,54.126],[-7.4975,54.126],[-7.496,54.126],[-7.495,54.126],[-7.4945,54.1255],[-7.494,54.125],[-7.493,54.1245],[-7.4925,54.1235],[-7.492,54.123],[-7.4915,54.123],[-7.4805,54.122],[-7.479,54.1225],[-7.4785,54.1225],[-7.4765,54.124],[-7.476,54.1245],[-7.4755,54.125],[-7.473,54.126],[-7.4725,54.126],[-7.472,54.1265],[-7.472,54.127],[-7.472,54.128],[-7.4725,54.1295],[-7.4725,54.13],[-7.4725,54.131],[-7.4715,54.1325],[-7.4715,54.1335],[-7.4705,54.1335],[-7.47,54.1335],[-7.467,54.134],[-7.467,54.1355],[-7.4665,54.1365],[-7.4665,54.137],[-7.4665,54.1375],[-7.468,54.1385],[-7.4685,54.14],[-7.4685,54.1405],[-7.468,54.141],[-7.4675,54.141],[-7.466,54.142],[-7.4635,54.1415],[-7.4625,54.1415],[-7.461,54.1425],[-7.46,54.143],[-7.4585,54.143],[-7.4565,54.1435],[-7.4555,54.144],[-7.4535,54.1445],[-7.4425,54.154],[-7.409,54.156],[-7.409,54.153],[-7.4125,54.1485],[-7.414,54.147],[-7.415,54.1465],[-7.4225,54.143],[-7.425,54.1405],[-7.4245,54.14],[-7.4225,54.1385],[-7.4205,54.137],[-7.4195,54.1365],[-7.4175,54.137],[-7.413,54.139],[-7.41,54.1395],[-7.4035,54.141],[-7.401,54.141],[-7.4,54.141],[-7.3995,54.1405],[-7.397,54.139],[-7.3955,54.138],[-7.394,54.1375],[-7.393,54.137],[-7.392,54.137],[-7.3905,54.1365],[-7.389,54.137],[-7.3875,54.1375],[-7.3835,54.1415],[-7.3795,54.1415],[-7.3775,54.142],[-7.376,54.142],[-7.3755,54.142],[-7.3745,54.1415],[-7.374,54.141],[-7.3735,54.1405],[-7.373,54.1395],[-7.3725,54.139],[-7.3725,54.1385],[-7.3755,54.1365],[-7.382,54.1345],[-7.387,54.131],[-7.3885,54.13],[-7.3915,54.128],[-7.392,54.12],[-7.3695,54.131],[-7.363,54.1315],[-7.3615,54.131],[-7.36,54.13],[-7.358,54.1285],[-7.357,54.128],[-7.3515,54.124],[-7.3495,54.124],[-7.349,54.1235],[-7.348,54.123],[-7.347,54.1225],[-7.3465,54.1225],[-7.346,54.122],[-7.3465,54.121],[-7.347,54.12],[-7.3465,54.119],[-7.347,54.118],[-7.3465,54.1175],[-7.3475,54.1175],[-7.3475,54.117],[-7.346,54.1165],[-7.3445,54.116],[-7.3435,54.116],[-7.3425,54.116],[-7.3415,54.117],[-7.3405,54.118],[-7.335,54.117],[-7.334,54.1205],[-7.327,54.1245],[-7.323,54.122],[-7.3245,54.1205],[-7.3235,54.1175],[-7.322,54.1175],[-7.3215,54.1165],[-7.3215,54.1155],[-7.3215,54.115],[-7.32,54.1145],[-7.32,54.114],[-7.32,54.1135],[-7.319,54.1135],[-7.3185,54.1135],[-7.3175,54.114],[-7.3175,54.1145],[-7.316,54.115],[-7.315,54.115],[-7.314,54.115],[-7.3085,54.117],[-7.3075,54.1175],[-7.307,54.119],[-7.3065,54.119],[-7.306,54.1195],[-7.3055,54.122],[-7.3055,54.1235],[-7.3065,54.124],[-7.313,54.126],[-7.316,54.127],[-7.3135,54.13],[-7.312,54.1315],[-7.3185,54.1345],[-7.327,54.135],[-7.333,54.1435],[-7.3345,54.144],[-7.3365,54.144],[-7.3385,54.144],[-7.3395,54.1455],[-7.3395,54.147],[-7.3385,54.1475],[-7.337,54.1475],[-7.3335,54.148],[-7.333,54.1485],[-7.3305,54.1495],[-7.3265,54.1515],[-7.319,54.157],[-7.3185,54.1575],[-7.3185,54.158],[-7.32,54.1595],[-7.3115,54.1645],[-7.311,54.1655],[-7.3105,54.167],[-7.31,54.1675],[-7.307,54.1675],[-7.3045,54.167],[-7.3025,54.167],[-7.302,54.1665],[-7.302,54.166],[-7.3,54.166],[-7.2935,54.1695],[-7.292,54.1705],[-7.2915,54.172],[-7.289,54.171],[-7.2865,54.17],[-7.285,54.169],[-7.283,54.1685],[-7.2825,54.1685],[-7.28,54.1675],[-7.283,54.163],[-7.284,54.161],[-7.284,54.16],[-7.2845,54.159],[-7.2855,54.1585],[-7.286,54.158],[-7.2845,54.1545],[-7.284,54.154],[-7.2855,54.153],[-7.285,54.1525],[-7.29,54.149],[-7.297,54.149],[-7.299,54.1495],[-7.3,54.147],[-7.3015,54.1445],[-7.3015,54.144],[-7.2995,54.1435],[-7.2955,54.142],[-7.2905,54.141],[-7.2895,54.1405],[-7.287,54.14],[-7.284,54.14],[-7.2845,54.1395],[-7.2855,54.1365],[-7.286,54.136],[-7.287,54.1355],[-7.2885,54.1345],[-7.2905,54.1325],[-7.291,54.131],[-7.2925,54.1305],[-7.293,54.131],[-7.2935,54.131],[-7.2945,54.1315],[-7.296,54.131],[-7.2975,54.1335],[-7.2985,54.134],[-7.3,54.134],[-7.3005,54.1335],[-7.302,54.133],[-7.3045,54.133],[-7.3085,54.132],[-7.309,54.132],[-7.3035,54.123],[-7.3035,54.1225],[-7.3025,54.122],[-7.301,54.1215],[-7.298,54.1205],[-7.292,54.119],[-7.2775,54.1295],[-7.274,54.1325],[-7.269,54.1355],[-7.2655,54.1365],[-7.2635,54.137],[-7.263,54.1375],[-7.2625,54.138],[-7.263,54.14],[-7.262,54.141],[-7.262,54.142],[-7.264,54.145],[-7.2585,54.149],[-7.259,54.151],[-7.257,54.1545],[-7.2565,54.155],[-7.2555,54.1545],[-7.255,54.155],[-7.2535,54.155],[-7.2535,54.1555],[-7.253,54.1555],[-7.2525,54.1555],[-7.253,54.1585],[-7.2535,54.1585],[-7.2535,54.159],[-7.2545,54.1595],[-7.255,54.1595],[-7.256,54.1595],[-7.257,54.1595],[-7.2575,54.16],[-7.258,54.1605],[-7.2585,54.161],[-7.2585,54.1615],[-7.2585,54.162],[-7.2595,54.1625],[-7.2595,54.163],[-7.2585,54.163],[-7.258,54.1635],[-7.258,54.1645],[-7.2575,54.165],[-7.2565,54.1645],[-7.256,54.165],[-7.255,54.165],[-7.2535,54.166],[-7.2525,54.1665],[-7.252,54.167],[-7.251,54.167],[-7.2505,54.1675],[-7.249,54.1675],[-7.249,54.168],[-7.2485,54.168],[-7.2475,54.168],[-7.2465,54.168],[-7.246,54.1685],[-7.246,54.169],[-7.245,54.1695],[-7.244,54.1695],[-7.2435,54.1695],[-7.241,54.169],[-7.2405,54.17],[-7.2405,54.171],[-7.2415,54.1715],[-7.244,54.1725],[-7.2455,54.173],[-7.246,54.173],[-7.2465,54.1725],[-7.2475,54.173],[-7.2475,54.1725],[-7.2515,54.1725],[-7.2535,54.177],[-7.257,54.1765],[-7.2585,54.1785],[-7.258,54.1795],[-7.2565,54.1795],[-7.2565,54.181],[-7.2565,54.182],[-7.257,54.1825],[-7.258,54.1825],[-7.2585,54.183],[-7.2595,54.184],[-7.2575,54.1855],[-7.2565,54.188],[-7.2565,54.1885],[-7.257,54.189],[-7.257,54.1895],[-7.251,54.194],[-7.249,54.194],[-7.248,54.194],[-7.2455,54.194],[-7.2445,54.1925],[-7.243,54.193],[-7.2405,54.1935],[-7.236,54.1935],[-7.236,54.194],[-7.236,54.196],[-7.235,54.1965],[-7.233,54.198],[-7.2355,54.1985],[-7.2365,54.199],[-7.238,54.199],[-7.24,54.199],[-7.242,54.2],[-7.2425,54.2005],[-7.244,54.2005],[-7.2445,54.2],[-7.246,54.199],[-7.2475,54.198],[-7.249,54.198],[-7.2505,54.1995],[-7.2495,54.201],[-7.248,54.2025],[-7.249,54.2035],[-7.2485,54.2035],[-7.248,54.204],[-7.247,54.2045],[-7.2445,54.205],[-7.2425,54.2055],[-7.242,54.2065],[-7.239,54.207],[-7.2385,54.2065],[-7.2375,54.2065],[-7.2365,54.206],[-7.236,54.206],[-7.235,54.206],[-7.2345,54.2055],[-7.2335,54.206],[-7.231,54.206],[-7.2315,54.2065],[-7.2315,54.207],[-7.232,54.2075],[-7.2325,54.2075],[-7.233,54.208],[-7.2335,54.208],[-7.234,54.2085],[-7.233,54.209],[-7.232,54.209],[-7.2325,54.21],[-7.232,54.21],[-7.2315,54.211],[-7.2255,54.2145],[-7.223,54.2145],[-7.2225,54.215],[-7.222,54.215],[-7.2215,54.215],[-7.221,54.216],[-7.22,54.216],[-7.219,54.2155],[-7.2145,54.2135],[-7.2135,54.2135],[-7.212,54.2135],[-7.2115,54.2135],[-7.2095,54.213],[-7.2085,54.213],[-7.207,54.213],[-7.2065,54.2135],[-7.2055,54.214],[-7.2045,54.2145],[-7.2035,54.2145],[-7.2025,54.215],[-7.2,54.216],[-7.1985,54.2155],[-7.1955,54.217],[-7.195,54.2175],[-7.195,54.219],[-7.1955,54.2195],[-7.1905,54.224],[-7.188,54.225],[-7.185,54.2245],[-7.1845,54.2245],[-7.185,54.224],[-7.185,54.223],[-7.184,54.222],[-7.185,54.22],[-7.1795,54.2205],[-7.1765,54.218],[-7.174,54.2185],[-7.1735,54.2185],[-7.172,54.218],[-7.171,54.2175],[-7.169,54.218],[-7.1675,54.219],[-7.166,54.2195],[-7.1625,54.22],[-7.1605,54.22],[-7.16,54.22],[-7.159,54.2205],[-7.1585,54.2205],[-7.1555,54.221],[-7.147,54.225],[-7.1465,54.23],[-7.15,54.2315],[-7.15,54.233],[-7.15,54.2335],[-7.1495,54.234],[-7.1485,54.2345],[-7.1485,54.235],[-7.1475,54.2355],[-7.147,54.236],[-7.146,54.237],[-7.1465,54.2375],[-7.146,54.2395],[-7.146,54.24],[-7.151,54.2415],[-7.153,54.2425],[-7.1535,54.243],[-7.1575,54.246],[-7.1485,54.2505],[-7.144,54.251],[-7.1425,54.252],[-7.142,54.2525],[-7.1415,54.253],[-7.142,54.255],[-7.142,54.2555],[-7.1435,54.2565],[-7.1445,54.2565],[-7.1455,54.257],[-7.146,54.257],[-7.1465,54.257],[-7.148,54.2575],[-7.1505,54.2585],[-7.1505,54.259],[-7.15,54.2595],[-7.1505,54.2595],[-7.151,54.2595],[-7.1515,54.26],[-7.1515,54.2605],[-7.152,54.262],[-7.1535,54.263],[-7.1535,54.2635],[-7.1535,54.264],[-7.154,54.265],[-7.1535,54.266],[-7.154,54.2665],[-7.155,54.267],[-7.1555,54.268],[-7.1565,54.268],[-7.1575,54.268],[-7.1585,54.2685],[-7.1585,54.269],[-7.1575,54.2695],[-7.157,54.2705],[-7.1585,54.2715],[-7.1585,54.2725],[-7.1595,54.2725],[-7.16,54.273],[-7.1605,54.2735],[-7.1625,54.274],[-7.165,54.273],[-7.173,54.273],[-7.173,54.286],[-7.174,54.286],[-7.1745,54.286],[-7.18,54.2865],[-7.1815,54.288],[-7.1825,54.288],[-7.183,54.288],[-7.184,54.2875],[-7.1845,54.2875],[-7.185,54.288],[-7.1855,54.2875],[-7.186,54.288],[-7.1865,54.288],[-7.187,54.2885],[-7.1875,54.289],[-7.1875,54.2895],[-7.188,54.29],[-7.1885,54.2905],[-7.1895,54.2905],[-7.19,54.2905],[-7.191,54.291],[-7.1935,54.2915],[-7.194,54.2915],[-7.195,54.292],[-7.196,54.2925],[-7.198,54.293],[-7.199,54.2935],[-7.1995,54.294],[-7.2005,54.2935],[-7.2015,54.294],[-7.202,54.2945],[-7.203,54.2945],[-7.2045,54.2945],[-7.207,54.2945],[-7.208,54.2955],[-7.2095,54.2975],[-7.212,54.2995],[-7.209,54.302],[-7.2075,54.3025],[-7.2065,54.305],[-7.1985,54.3085],[-7.1985,54.3095],[-7.198,54.3105],[-7.198,54.311],[-7.192,54.312],[-7.1835,54.311],[-7.183,54.3105],[-7.1825,54.31],[-7.183,54.3095],[-7.1825,54.3095],[-7.181,54.309],[-7.1795,54.3095],[-7.179,54.3095],[-7.179,54.311],[-7.179,54.3115],[-7.1795,54.312],[-7.1795,54.3125],[-7.179,54.3125],[-7.179,54.3135],[-7.1795,54.314],[-7.1795,54.315],[-7.179,54.3155],[-7.1785,54.316],[-7.178,54.317],[-7.1785,54.3175],[-7.179,54.318],[-7.1785,54.318],[-7.1795,54.32],[-7.18,54.32],[-7.18,54.3205],[-7.1795,54.321],[-7.18,54.322],[-7.18,54.323],[-7.18,54.3235],[-7.18,54.324],[-7.18,54.3245],[-7.1805,54.325],[-7.181,54.3255],[-7.181,54.3265],[-7.1805,54.3265],[-7.1805,54.3275],[-7.181,54.3275],[-7.181,54.328],[-7.1815,54.3285],[-7.182,54.3295],[-7.1815,54.333],[-7.184,54.335],[-7.1855,54.335],[-7.187,54.336],[-7.1875,54.3365],[-7.1885,54.3375],[-7.189,54.3375],[-7.223,54.334],[-7.227,54.327],[-7.246,54.327],[-7.272,54.3445],[-7.271,54.361],[-7.2805,54.3715],[-7.303,54.3675],[-7.311,54.371],[-7.328,54.37],[-7.3315,54.3785],[-7.341,54.3845],[-7.329,54.398],[-7.3315,54.405],[-7.3445,54.4085],[-7.3575,54.422],[-7.367,54.4375],[-7.382,54.4395],[-7.4215,54.4395],[-7.4245,54.4335],[-7.4455,54.4255],[-7.473,54.421],[-7.4945,54.4135],[-7.509,54.4055],[-7.5275,54.4135],[-7.5275,54.4215],[-7.5405,54.4275],[-7.5525,54.4365],[-7.5845,54.4315],[-7.5955,54.437],[-7.6245,54.442],[-7.6305,54.453],[-7.6205,54.459],[-7.6185,54.4715],[-7.629,54.4745],[-7.6365,54.483],[-7.6145,54.49],[-7.5815,54.4975],[-7.575,54.506],[-7.573,54.5165],[-7.565,54.525],[-7.558,54.544],[-7.5485,54.543],[-7.528,54.556],[-7.546,54.57],[-7.5815,54.5645],[-7.5995,54.566],[-7.6045,54.574],[-7.615,54.5755],[-7.6245,54.5845],[-7.6675,54.584],[-7.6825,54.605],[-7.6915,54.6035],[-7.696,54.608],[-7.7,54.6075],[-7.701,54.609],[-7.7035,54.6085]]]},"properties":{"COUNTY":"FERMANAGH"}},
{"type":"Feature","geometry":{"type":"Polygon","coordinates":[[[-6.469,54.685],[-6.496,54.7135],[-6.486,54.7365],[-6.457,54.762],[-6.468,54.7645],[-6.48,54.7755],[-6.478,54.794],[-6.471,54.8125],[-6.459,54.817],[-6.4575,54.8245],[-6.4715,54.8415],[-6.4715,54.854],[-6.487,54.877],[-6.49,54.886],[-6.498,54.89],[-6.506,54.9105],[-6.499,54.918],[-6.5155,54.935],[-6.518,54.941],[-6.54,54.9535],[-6.551,54.9725],[-6.5465,54.98],[-6.57,54.9855],[-6.571,54.993],[-6.581,55.0055],[-6.573,55.0385],[-6.5825,55.051],[-6.584,55.063],[-6.598,55.068],[-6.607,55.077],[-6.6035,55.0835],[-6.585,55.0885],[-6.5695,55.113],[-6.569,55.1305],[-6.5735,55.142],[-6.5805,55.144],[-6.5895,55.1615],[-6.614,55.182],[-6.637,55.188],[-6.6465,55.195],[-6.6655,55.191],[-6.669,55.199],[-6.7205,55.1895],[-6.727,55.172],[-6.7685,55.1675],[-6.774,55.1695],[-6.831,55.1665],[-6.874,55.168],[-6.9045,55.1725],[-6.9295,55.18],[-6.952,55.1925],[-6.9665,55.194],[-6.9605,55.182],[-6.963,55.1655],[-6.969,55.148],[-6.9975,55.106],[-7.011,55.1065],[-7.02,55.1005],[-7.023,55.088],[-7.0145,55.076],[-7.0275,55.0665],[-7.045,55.058],[-7.0485,55.052],[-7.06,55.0475],[-7.11,55.0425],[-7.1315,55.042],[-7.1455,55.0455],[-7.148,55.056],[-7.157,55.059],[-7.1825,55.061],[-7.214,55.057],[-7.2275,55.06],[-7.2325,55.0485],[-7.252,55.044],[-7.2545,55.051],[-7.2455,55.0635],[-7.256,55.0625],[-7.2565,55.0665],[-7.265,55.0665],[-7.268,55.065],[-7.27,55.064],[-7.2705,55.064],[-7.271,55.064],[-7.273,55.0635],[-7.273,55.063],[-7.274,55.061],[-7.274,55.06],[-7.2755,55.0595],[-7.276,55.0585],[-7.2765,55.058],[-7.276,55.0575],[-7.277,55.056],[-7.277,55.055],[-7.2775,55.0545],[-7.2815,55.0515],[-7.284,55.0505],[-7.2845,55.0495],[-7.2865,55.0485],[-7.287,55.0485],[-7.288,55.048],[-7.289,55.0475],[-7.2995,55.056],[-7.3075,55.0525],[-7.3095,55.051],[-7.3145,55.0485],[-7.3185,55.045],[-7.319,55.0455],[-7.322,55.045],[-7.325,55.0465],[-7.3265,55.047],[-7.327,55.0475],[-7.3285,55.0485],[-7.3305,55.049],[-7.332,55.0495],[-7.3335,55.05],[-7.3345,55.0505],[-7.338,55.0505],[-7.34,55.051],[-7.3425,55.051],[-7.3455,55.051],[-7.346,55.0505],[-7.3445,55.049],[-7.3465,55.0485],[-7.348,55.048],[-7.3485,55.047],[-7.3505,55.0465],[-7.352,55.046],[-7.3545,55.046],[-7.356,55.0455],[-7.3575,55.045],[-7.3585,55.044],[-7.358,55.0435],[-7.3605,55.0415],[-7.361,55.0405],[-7.362,55.0405],[-7.3635,55.038],[-7.3665,55.0385],[-7.368,55.037],[-7.369,55.036],[-7.3705,55.035],[-7.3705,55.0345],[-7.3715,55.0335],[-7.372,55.0335],[-7.373,55.032],[-7.376,55.029],[-7.3765,55.0285],[-7.3775,55.0285],[-7.378,55.0285],[-7.3825,55.0255],[-7.386,55.0245],[-7.3875,55.024],[-7.39,55.023],[-7.3915,55.0225],[-7.3915,55.02],[-7.394,55.019],[-7.395,55.018],[-7.3965,55.0165],[-7.3985,55.009],[-7.4,55.008],[-7.401,55.008],[-7.402,55.0075],[-7.403,55.0075],[-7.4015,55.0065],[-7.403,55.0055],[-7.4055,55.0035],[-7.4045,55.0025],[-7.404,55.0015],[-7.403,55.0015],[-7.402,55.0005],[-7.3985,54.999],[-7.394,54.9995],[-7.3925,54.9985],[-7.3915,54.998],[-7.392,54.996],[-7.392,54.9945],[-7.3925,54.994],[-7.394,54.994],[-7.3965,54.993],[-7.397,54.9925],[-7.3985,54.991],[-7.399,54.991],[-7.4,54.9905],[-7.4,54.9895],[-7.4005,54.989],[-7.401,54.988],[-7.4015,54.9855],[-7.403,54.9855],[-7.404,54.985],[-7.404,54.9845],[-7.4045,54.984],[-7.4055,54.984],[-7.4065,54.9835],[-7.407,54.983],[-7.407,54.9825],[-7.406,54.978],[-7.4045,54.977],[-7.404,54.9765],[-7.404,54.9755],[-7.402,54.9745],[-7.402,54.9735],[-7.4025,54.973],[-7.4005,54.972],[-7.4015,54.9705],[-7.402,54.9675],[-7.4075,54.9635],[-7.407,54.963],[-7.403,54.961],[-7.402,54.9595],[-7.407,54.955],[-7.4025,54.952],[-7.4025,54.9495],[-7.397,54.946],[-7.392,54.9455],[-7.3835,54.944],[-7.371,54.928],[-7.3705,54.92],[-7.3575,54.915],[-7.323,54.9145],[-7.3015,54.925],[-7.2595,54.918],[-7.263,54.905],[-7.273,54.8935],[-7.2695,54.888],[-7.2475,54.886],[-7.23,54.8875],[-7.198,54.886],[-7.1975,54.878],[-7.2065,54.8675],[-7.1945,54.86],[-7.204,54.8535],[-7.191,54.846],[-7.178,54.8535],[-7.159,54.8515],[-7.136,54.8365],[-7.103,54.8215],[-7.076,54.8155],[-7.064,54.811],[-7.0395,54.8195],[-7.004,54.821],[-6.9875,54.833],[-6.972,54.828],[-6.9475,54.8335],[-6.912,54.8205],[-6.912,54.8135],[-6.9215,54.8045],[-6.906,54.791],[-6.903,54.784],[-6.922,54.773],[-6.94,54.7735],[-6.936,54.766],[-6.941,54.752],[-6.9735,54.741],[-6.957,54.731],[-6.9355,54.7345],[-6.918,54.7345],[-6.8865,54.728],[-6.8645,54.7365],[-6.839,54.739],[-6.8265,54.7365],[-6.828,54.726],[-6.8085,54.7165],[-6.8055,54.709],[-6.787,54.703],[-6.776,54.6925],[-6.7775,54.687],[-6.764,54.683],[-6.7405,54.669],[-6.74,54.66],[-6.711,54.6475],[-6.719,54.6365],[-6.7135,54.628],[-6.7015,54.632],[-6.6785,54.6345],[-6.669,54.6425],[-6.654,54.634],[-6.6395,54.63],[-6.633,54.638],[-6.623,54.639],[-6.623,54.6475],[-6.603,54.6565],[-6.587,54.6555],[-6.5715,54.6645],[-6.566,54.6585],[-6.5445,54.657],[-6.5365,54.6635],[-6.469,54.685]]]},"properties":{"COUNTY":"LONDONDERRY"}},
{"type":"Feature","geometry":{"type":"Polygon","coordinates":[[[-5.875,54.6385],[-5.92,54.6025],[-5.913,54.5945],[-5.92,54.5835],[-5.931,54.576],[-5.927,54.564],[-5.9425,54.5555],[-5.965,54.547],[-5.9695,54.5325],[-5.978,54.532],[-5.998,54.5425],[-6.0275,54.525],[-6.021,54.5195],[-6.0275,54.505],[-6.042,54.5045],[-6.057,54.4975],[-6.0675,54.5045],[-6.082,54.505],[-6.113,54.4945],[-6.1295,54.497],[-6.15,54.483],[-6.181,54.4775],[-6.2005,54.4835],[-6.2085,54.49],[-6.23,54.4955],[-6.258,54.4915],[-6.266,54.499],[-6.277,54.501],[-6.291,54.497],[-6.316,54.505],[-6.326,54.512],[-6.354,54.5095],[-6.3395,54.5065],[-6.3235,54.4965],[-6.3,54.4895],[-6.2965,54.485],[-6.28,54.4795],[-6.2885,54.4735],[-6.2985,54.475],[-6.306,54.464],[-6.312,54.4555],[-6.3025,54.449],[-6.3145,54.4415],[-6.3335,54.4465],[-6.347,54.4395],[-6.3475,54.435],[-6.3715,54.428],[-6.379,54.423],[-6.3785,54.411],[-6.377,54.4045],[-6.389,54.4],[-6.399,54.3895],[-6.3845,54.3715],[-6.3755,54.351],[-6.3625,54.341],[-6.366,54.3295],[-6.3605,54.3125],[-6.3695,54.304],[-6.371,54.291],[-6.3575,54.281],[-6.3545,54.274],[-6.3665,54.2695],[-6.362,54.2555],[-6.374,54.2475],[-6.3615,54.2305],[-6.365,54.2265],[-6.3535,54.215],[-6.348,54.2015],[-6.3505,54.1845],[-6.344,54.165],[-6.332,54.164],[-6.3205,54.153],[-6.3215,54.148],[-6.3025,54.123],[-6.291,54.113],[-6.2815,54.1115],[-6.2685,54.102],[-6.251,54.0975],[-6.2345,54.1015],[-6.202,54.0985],[-6.1905,54.094],[-6.1895,54.0845],[-6.1805,54.0745],[-6.1565,54.065],[-6.138,54.062],[-6.122,54.0655],[-6.1115,54.062],[-6.0965,54.063],[-6.078,54.051],[-6.0975,54.0485],[-6.107,54.0405],[-6.0905,54.037],[-6.0815,54.0295],[-6.0655,54.028],[-6.0635,54.023],[-6.0135,54.042],[-6.007,54.0505],[-5.991,54.059],[-5.963,54.063],[-5.958,54.073],[-5.919,54.0935],[-5.904,54.099],[-5.886,54.1215],[-5.889,54.1345],[-5.876,54.1535],[-5.8725,54.1765],[-5.8775,54.19],[-5.8915,54.202],[-5.892,54.207],[-5.877,54.219],[-5.8315,54.2405],[-5.8285,54.2475],[-5.841,54.257],[-5.8375,54.265],[-5.8205,54.2725],[-5.818,54.257],[-5.833,54.255],[-5.8235,54.2445],[-5.8145,54.2425],[-5.7585,54.2475],[-5.744,54.252],[-5.724,54.2505],[-5.6955,54.2515],[-5.679,54.248],[-5.6665,54.235],[-5.6615,54.2255],[-5.648,54.2315],[-5.636,54.2445],[-5.6405,54.254],[-5.619,54.254],[-5.609,54.2485],[-5.602,54.2565],[-5.576,54.273],[-5.5605,54.2865],[-5.552,54.305],[-5.5395,54.3125],[-5.5425,54.32],[-5.541,54.3375],[-5.552,54.3605],[-5.5495,54.365],[-5.557,54.3765],[-5.588,54.3845],[-5.604,54.377],[-5.6145,54.3795],[-5.65,54.364],[-5.6725,54.367],[-5.685,54.3725],[-5.6655,54.382],[-5.6545,54.3815],[-5.648,54.3955],[-5.6415,54.4005],[-5.646,54.4195],[-5.6435,54.4305],[-5.6345,54.4495],[-5.645,54.453],[-5.642,54.466],[-5.651,54.4685],[-5.647,54.489],[-5.6575,54.4975],[-5.671,54.4935],[-5.6785,54.4995],[-5.6735,54.51],[-5.655,54.5155],[-5.6805,54.523],[-5.689,54.532],[-5.708,54.5375],[-5.6975,54.5555],[-5.697,54.5715],[-5.6895,54.5775],[-5.6725,54.579],[-5.6565,54.569],[-5.6275,54.5595],[-5.614,54.5585],[-5.5945,54.5475],[-5.5955,54.541],[-5.58,54.531],[-5.562,54.534],[-5.5505,54.518],[-5.5515,54.507],[-5.5375,54.4745],[-5.5405,54.4665],[-5.533,54.4525],[-5.5375,54.4425],[-5.5345,54.4335],[-5.55,54.4345],[-5.564,54.43],[-5.5785,54.41],[-5.5795,54.4005],[-5.5695,54.391],[-5.5605,54.39],[-5.548,54.38],[-5.5285,54.3595],[-5.53,54.3495],[-5.5215,54.341],[-5.5025,54.3315],[-5.49,54.358],[-5.493,54.3655],[-5.4835,54.383],[-5.4625,54.3835],[-5.4585,54.393],[-5.4645,54.398],[-5.4665,54.417],[-5.48,54.4265],[-5.4745,54.4345],[-5.4555,54.4395],[-5.45,54.4515],[-5.441,54.4545],[-5.4355,54.4705],[-5.442,54.4735],[-5.433,54.4875],[-5.4625,54.497],[-5.471,54.516],[-5.4705,54.5265],[-5.4815,54.534],[-5.4845,54.5505],[-5.477,54.564],[-5.489,54.576],[-5.503,54.581],[-5.5045,54.589],[-5.519,54.595],[-5.534,54.6225],[-5.5295,54.642],[-5.5375,54.6435],[-5.543,54.654],[-5.553,54.6555],[-5.569,54.664],[-5.5765,54.675],[-5.5975,54.678],[-5.614,54.675],[-5.628,54.68],[-5.6345,54.6705],[-5.6485,54.6655],[-5.711,54.6685],[-5.7205,54.667],[-5.741,54.6775],[-5.774,54.666],[-5.798,54.6615],[-5.8225,54.6515],[-5.83,54.645],[-5.8455,54.641],[-5.855,54.6335],[-5.875,54.6385]]]},"properties":{"COUNTY":"DOWN"}}
]}