{"type":"FeatureCollection", "features": [
{"type":"Feature","geometry":{"type":"MultiPolygon","coordinates":[[[[97.482,1.465],[97.079,1.425],[97.684,0.596],[97.932,0.974],[97.482,1.465]]],[[[99.164,-1.778],[98.869,-0.916],[98.602,-1.198],[99.164,-1.778]]],[[[116.641,-8.614],[116.402,-8.204],[116.061,-8.437],[116.377,-8.929],[116.641,-8.614]]],[[[115.448,-8.155],[114.475,-8.119],[115.236,-8.798],[115.704,-8.407],[115.448,-8.155]]],[[[106.046,-1.669],[105.585,-1.527],[105.133,-2.043],[105.786,-2.181],[105.999,-2.825],[106.667,-3.072],[106.818,-2.573],[106.366,-2.465],[106.046,-1.669]]],[[[123.18,-4.551],[122.947,-4.443],[122.585,-5.545],[122.812,-5.671],[123.18,-4.551]]],[[[122.645,-5.269],[122.702,-4.619],[122.369,-4.767],[122.283,-5.32],[122.645,-5.269]]],[[[108.207,-2.998],[108.074,-2.597],[107.666,-2.566],[107.614,-3.209],[108.207,-2.998]]],[[[135.383,-0.651],[135.839,-1.119],[136.375,-1.094],[135.383,-0.651]]],[[[135.474,-1.592],[136.228,-1.894],[136.893,-1.8],[135.474,-1.592]]],[[[130.813,-0.004],[130.237,-0.21],[131.005,-0.361],[130.813,-0.004]]],[[[128.454,2.052],[128.602,2.598],[128.218,2.297],[128.454,2.052]]],[[[128.153,-1.661],[127.647,-1.332],[127.392,-1.645],[128.153,-1.661]]],[[[124.97,-1.705],[124.381,-1.687],[124.418,-2.005],[125.32,-1.81],[124.97,-1.705]]],[[[131.326,-8],[131.643,-7.113],[131.087,-7.865],[131.326,-8]]],[[[126.801,-7.668],[125.975,-7.663],[125.798,-7.985],[126.472,-7.95],[126.801,-7.668]]],[[[124.576,-8.141],[124.444,-8.445],[125.097,-8.353],[124.576,-8.141]]],[[[96.493,5.229],[95.396,5.629],[95.207,5.284],[95.495,4.761],[96.445,3.816],[96.969,3.575],[97.591,2.847],[97.701,2.359],[98.564,1.902],[99.159,0.352],[99.598,0.102],[100.308,-0.827],[100.848,-2.144],[101.579,-3.167],[102.538,-4.152],[103.831,-5.08],[104.602,-5.905],[104.64,-5.52],[105.081,-5.746],[105.816,-5.677],[105.831,-4.163],[106.044,-3.106],[105.582,-2.492],[105.026,-2.358],[104.569,-1.922],[104.361,-1.038],[103.721,-0.887],[103.429,-0.192],[103.787,0.047],[103.479,0.48],[102.469,0.779],[101.785,1.621],[101.046,2.257],[100.888,1.948],[100.457,2.257],[99.732,3.183],[98.307,4.093],[98.248,4.415],[97.547,5.206],[96.493,5.229]]],[[[122.783,-8.612],[122.978,-8.152],[122.263,-8.625],[121.445,-8.578],[120.61,-8.24],[119.918,-8.445],[119.909,-8.858],[121.651,-8.899],[122.783,-8.612]]],[[[120.012,-9.375],[119.186,-9.384],[119.085,-9.707],[119.601,-9.774],[120.439,-10.294],[120.833,-10.038],[120.012,-9.375]]],[[[118.242,-8.318],[117.806,-8.711],[117.567,-8.426],[116.835,-8.532],[117.061,-9.099],[119.13,-8.668],[118.988,-8.338],[118.242,-8.318]]],[[[124.889,0.995],[125.234,1.502],[124.989,1.701],[123.847,0.838],[122.892,0.85],[120.912,1.289],[120.517,0.818],[120.056,0.693],[119.722,-0.088],[119.711,-0.681],[119.309,-1.408],[119.322,-1.93],[118.784,-2.765],[118.995,-3.538],[119.42,-3.475],[119.624,-4.034],[119.376,-5.425],[119.717,-5.693],[120.43,-5.591],[120.279,-5.146],[120.437,-3.707],[120.254,-3.053],[120.99,-2.67],[120.914,-3.556],[121.618,-4.093],[121.589,-4.76],[122.897,-4.349],[122.253,-3.62],[122.399,-3.201],[121.848,-2.332],[121.349,-1.946],[122.507,-1.348],[122.807,-0.966],[123.378,-1.004],[123.38,-0.649],[121.519,-0.856],[121.034,-1.407],[120.667,-1.37],[120.097,-0.65],[120.013,-0.196],[120.349,0.449],[123.083,0.486],[123.754,0.306],[124.428,0.471],[124.889,0.995]]],[[[107.374,-6.008],[106.825,-6.098],[106.075,-5.914],[105.484,-6.782],[106.52,-7.054],[106.455,-7.369],[108.452,-7.797],[108.741,-7.667],[110.039,-7.891],[110.607,-8.149],[112.679,-8.409],[113.253,-8.287],[114.584,-8.77],[114.387,-8.405],[114.444,-7.896],[114.071,-7.633],[113.248,-7.718],[112.795,-7.552],[112.539,-6.926],[110.737,-6.472],[110.426,-6.947],[108.678,-6.791],[108.295,-6.265],[107.374,-6.008]]],[[[109.629,2.028],[109.076,1.496],[108.945,0.356],[109.258,0.031],[109.271,-0.732],[110.019,-1.399],[110.303,-2.985],[111.823,-3.057],[111.822,-3.533],[112.6,-3.4],[113.034,-2.933],[113.796,-3.456],[114.526,-3.377],[114.694,-4.17],[115.956,-3.595],[116.529,-2.511],[116.275,-1.785],[117.563,-0.771],[117.522,0.236],[117.912,1.099],[118.535,0.814],[118.985,0.982],[117.789,2.027],[118.067,2.318],[117.172,3.639],[117.777,3.689],[117.574,4.171],[117.101,4.337],[115.896,4.349],[115.568,3.939],[115.454,3.034],[114.786,2.25],[114.546,1.467],[113.622,1.236],[112.476,1.559],[111.77,0.999],[110.506,0.862],[109.654,1.615],[109.629,2.028]]],[[[127.733,0.848],[128.012,1.332],[127.632,1.844],[127.42,1.252],[127.608,0.848],[127.692,-0.242],[127.978,-0.248],[127.983,0.472],[128.9,0.216],[128.261,0.734],[128.703,1.106],[128.688,1.573],[127.733,0.848]]],[[[129.755,-2.866],[128.199,-2.866],[128.419,-3.416],[129.844,-3.327],[130.805,-3.858],[130.86,-3.57],[130.379,-2.989],[129.755,-2.866]]],[[[126.861,-3.088],[126.026,-3.171],[126.215,-3.605],[126.686,-3.824],[127.23,-3.633],[126.861,-3.088]]],[[[124.922,-8.942],[124.444,-9.19],[124.036,-9.342],[123.709,-9.615],[123.644,-10.311],[124.428,-10.149],[125.068,-9.512],[124.922,-8.942]]],[[[134.747,-5.707],[134.617,-5.439],[134.153,-6.02],[134.756,-6.171],[134.747,-5.707]]],[[[134.537,-6.442],[134.168,-6.176],[134.059,-6.769],[134.537,-6.442]]],[[[138.535,-8.274],[138.989,-7.696],[138.77,-7.39],[138.008,-7.642],[137.688,-8.412],[138.535,-8.274]]],[[[140.973,-2.61],[139.79,-2.348],[137.806,-1.483],[137.171,-2.025],[136.39,-2.273],[135.487,-3.345],[135.037,-3.333],[134.627,-2.537],[134.46,-2.832],[134.156,-2.195],[134.26,-1.363],[133.975,-0.744],[133.473,-0.726],[132.625,-0.359],[131.257,-0.855],[130.996,-1.425],[131.93,-1.56],[132.308,-2.242],[133.922,-2.102],[133.609,-2.547],[133.191,-2.438],[132.725,-2.789],[131.971,-2.789],[132.751,-3.295],[132.969,-4.095],[133.249,-4.062],[133.653,-3.364],[133.974,-3.818],[134.707,-3.955],[135.196,-4.451],[135.98,-4.531],[137.089,-4.924],[138.061,-5.465],[138.439,-6.343],[139.049,-7.201],[138.748,-7.251],[139.088,-7.587],[138.856,-8.145],[139.935,-8.101],[140.976,-9.119],[140.975,-6.905],[140.974,-4.226],[140.973,-2.61]]],[[[113.845,-7.105],[113.975,-6.873],[112.868,-6.9],[113.04,-7.212],[113.845,-7.105]]],[[[127.567,-0.319],[127.463,-0.806],[127.88,-0.809],[127.567,-0.319]]],[[[130.353,-1.691],[129.738,-1.867],[130.248,-2.048],[130.353,-1.691]]],[[[96.464,2.36],[95.806,2.916],[95.809,2.656],[96.464,2.36]]],[[[116.303,-3.868],[116.27,-3.251],[116.018,-3.7],[116.303,-3.868]]]]},"properties":{"id":"IDN","name":"Indonesia"}},
{"type":"Feature","geometry":{"type":"MultiPolygon","coordinates":[[[[100.119,6.442],[100.615,4.652],[100.715,3.966],[101.3,3.253],[101.296,2.885],[102.727,1.856],[104.176,1.365],[104.219,1.723],[103.812,2.58],[103.439,2.933],[103.416,4.85],[102.982,5.525],[102.101,6.242],[101.874,5.825],[101.114,5.637],[101.054,6.243],[100.177,6.672],[100.119,6.442]]],[[[117.574,4.171],[118.498,4.362],[118.261,4.989],[119.132,5.1],[119.223,5.413],[118.595,5.592],[118.004,6.053],[117.617,5.941],[117.646,6.474],[117.129,6.969],[116.75,6.977],[115.582,5.194],[115.14,4.9],[115.027,4.9],[114.608,4.024],[114.064,4.593],[113.924,4.243],[113.045,3.205],[111.728,2.854],[111.242,2.436],[111.098,1.401],[109.629,2.028],[109.654,1.615],[110.506,0.862],[111.77,0.999],[112.476,1.559],[113.622,1.236],[114.546,1.467],[114.786,2.25],[115.454,3.034],[115.568,3.939],[115.896,4.349],[117.101,4.337],[117.574,4.171]]]]},"properties":{"id":"MYS","name":"Malaysia"}},
{"type":"Feature","geometry":{"type":"MultiPolygon","coordinates":[[[[-70.418,-18.346],[-70.148,-19.805],[-70.088,-21.493],[-70.332,-22.849],[-70.563,-23.057],[-70.574,-24.644],[-70.445,-25.173],[-70.714,-25.784],[-70.647,-26.329],[-71.186,-28.378],[-71.519,-28.926],[-71.316,-29.65],[-71.669,-30.33],[-71.662,-31.17],[-71.421,-32.387],[-71.743,-33.095],[-71.664,-33.653],[-72.003,-34.165],[-72.224,-35.096],[-72.624,-35.586],[-73.216,-37.167],[-73.662,-37.699],[-73.226,-39.224],[-73.669,-40.082],[-73.966,-41.118],[-73.735,-41.742],[-72.67,-41.659],[-72.43,-42.434],[-72.785,-42.301],[-72.997,-43.632],[-73.265,-44.169],[-72.664,-44.436],[-73.362,-44.978],[-73.202,-45.354],[-74.082,-46.132],[-74.158,-45.767],[-75.067,-45.875],[-75.146,-46.6],[-74.158,-47.183],[-74.655,-47.702],[-73.61,-47.994],[-74.585,-47.999],[-74.334,-49.975],[-75.095,-50.681],[-74.815,-51.063],[-73.896,-51.331],[-74.197,-51.681],[-73.137,-52.13],[-74.296,-52.118],[-74.014,-52.639],[-72.458,-53.254],[-71.388,-52.764],[-72.174,-53.632],[-70.996,-53.779],[-70.795,-52.769],[-69.241,-52.205],[-68.443,-52.357],[-69.96,-52.008],[-71.919,-51.99],[-72.408,-51.541],[-72.34,-50.682],[-73.153,-50.738],[-73.501,-50.125],[-73.462,-49.314],[-73.135,-49.301],[-72.355,-48.366],[-72.518,-47.876],[-71.695,-46.578],[-71.746,-45.579],[-71.354,-45.23],[-71.957,-44.792],[-71.261,-44.763],[-71.82,-44.383],[-71.781,-43.167],[-72.146,-42.99],[-72.125,-42.298],[-71.761,-42.101],[-71.932,-40.692],[-71.426,-38.986],[-70.952,-38.738],[-71.168,-37.762],[-71.056,-36.524],[-70.405,-36.062],[-70.47,-35.326],[-69.852,-34.224],[-69.82,-33.284],[-70.585,-31.569],[-70.161,-30.44],[-69.956,-30.358],[-70.027,-29.324],[-69.657,-28.414],[-69.174,-27.925],[-68.846,-27.154],[-68.346,-27.028],[-68.562,-24.838],[-68.25,-24.392],[-67.356,-24.034],[-67.009,-23.001],[-67.195,-22.822],[-67.879,-22.823],[-68.197,-21.3],[-68.745,-20.459],[-68.463,-19.433],[-68.968,-18.968],[-69.094,-18.05],[-69.511,-17.506],[-69.926,-18.206],[-70.418,-18.346]]],[[[-68.63,-52.653],[-69.498,-52.491],[-70.46,-53.206],[-69.352,-53.48],[-70.149,-53.761],[-69.988,-54.109],[-69.044,-54.407],[-70.699,-54.349],[-71.907,-54.495],[-70.497,-54.81],[-68.653,-54.854],[-68.63,-52.653]]],[[[-73.773,-43.346],[-73.436,-42.937],[-73.528,-41.896],[-74.037,-41.796],[-74.387,-43.232],[-73.773,-43.346]]],[[[-74.476,-49.148],[-74.793,-48.705],[-75.55,-49.791],[-74.96,-49.533],[-74.595,-50.007],[-74.476,-49.148]]],[[[-75.51,-48.763],[-75.158,-48.623],[-75.391,-48.02],[-75.51,-48.763]]],[[[-74.567,-48.592],[-74.827,-47.85],[-75.198,-47.975],[-74.923,-48.626],[-74.567,-48.592]]],[[[-72.923,-53.482],[-73.845,-53.546],[-73.305,-53.944],[-72.205,-53.807],[-72.923,-53.482]]],[[[-69.703,-54.919],[-68.048,-55.643],[-68.283,-55.255],[-69.703,-54.919]]],[[[-73.735,-44.395],[-73.9,-44.135],[-74.618,-44.648],[-74.099,-45.325],[-73.727,-45.119],[-73.735,-44.395]]]]},"properties":{"id":"CHL","name":"Chile"}},
{"type":"Feature","geometry":{"type":"Polygon","coordinates":[[[-69.511,-17.506],[-69.094,-18.05],[-68.968,-18.968],[-68.463,-19.433],[-68.745,-20.459],[-68.197,-21.3],[-67.879,-22.823],[-67.195,-22.822],[-66.22,-21.803],[-65.771,-22.1],[-64.606,-22.229],[-64.325,-22.828],[-63.976,-22.073],[-62.843,-21.997],[-62.651,-22.234],[-62.277,-21.066],[-62.276,-20.562],[-61.757,-19.645],[-60.007,-19.298],[-59.091,-19.286],[-58.18,-19.818],[-58.16,-20.165],[-58.131,-19.745],[-57.574,-18.279],[-57.832,-17.512],[-58.396,-17.234],[-58.538,-16.328],[-60.176,-16.269],[-60.507,-13.79],[-61.077,-13.49],[-61.79,-13.526],[-62.176,-13.134],[-63.067,-12.669],[-64.421,-12.44],[-65.322,-11.439],[-65.396,-9.712],[-66.73,-9.975],[-68.072,-10.703],[-68.398,-11.019],[-69.579,-10.952],[-68.685,-12.502],[-68.979,-12.88],[-69.074,-13.683],[-68.88,-14.199],[-69.375,-14.963],[-69.419,-15.603],[-69.021,-16.642],[-69.625,-17.2],[-69.511,-17.506]]]},"properties":{"id":"BOL","name":"Bolivia"}},
{"type":"Feature","geometry":{"type":"Polygon","coordinates":[[[-69.966,-4.236],[-70.735,-3.782],[-70.074,-2.75],[-70.915,-2.219],[-71.753,-2.153],[-72.396,-2.429],[-73.154,-2.278],[-73.197,-1.83],[-73.664,-1.249],[-74.246,-0.971],[-74.802,-0.2],[-75.284,-0.107],[-75.571,-1.531],[-76.679,-2.563],[-77.861,-2.982],[-78.345,-3.397],[-78.686,-4.562],[-79.076,-4.991],[-79.639,-4.455],[-80.51,-4.07],[-80.179,-3.878],[-80.325,-3.388],[-81.283,-4.322],[-81.337,-4.67],[-80.883,-5.759],[-81.142,-6.057],[-80.11,-6.65],[-78.762,-8.617],[-77.633,-11.288],[-77.22,-11.663],[-76.184,-13.515],[-76.376,-13.863],[-75.934,-14.634],[-75.104,-15.412],[-73.825,-16.153],[-72.468,-16.708],[-71.532,-17.294],[-71.337,-17.683],[-70.418,-18.346],[-69.926,-18.206],[-69.511,-17.506],[-69.625,-17.2],[-69.021,-16.642],[-69.419,-15.603],[-69.375,-14.963],[-68.88,-14.199],[-69.074,-13.683],[-68.979,-12.88],[-68.685,-12.502],[-69.579,-10.952],[-70.642,-11.01],[-70.637,-9.478],[-71.238,-9.966],[-72.182,-10.004],[-72.379,-9.51],[-73.209,-9.411],[-72.974,-8.993],[-74.002,-7.556],[-73.758,-6.906],[-73.24,-6.564],[-72.887,-5.123],[-71.845,-4.504],[-70.8,-4.173],[-69.966,-4.236]]]},"properties":{"id":"PER","name":"Peru"}},
{"type":"Feature","geometry":{"type":"MultiPolygon","coordinates":[[[[-57.609,-30.188],[-55.725,-28.204],[-54.829,-27.551],[-53.838,-27.121],[-53.671,-26.225],[-53.891,-25.669],[-54.616,-25.576],[-54.825,-26.652],[-55.715,-27.415],[-56.437,-27.554],[-58.642,-27.196],[-57.587,-25.405],[-57.822,-25.136],[-59.373,-24.454],[-59.892,-24.094],[-60.84,-23.858],[-61.928,-23.059],[-62.651,-22.234],[-62.843,-21.997],[-63.976,-22.073],[-64.325,-22.828],[-64.606,-22.229],[-65.771,-22.1],[-66.22,-21.803],[-67.195,-22.822],[-67.009,-23.001],[-67.356,-24.034],[-68.25,-24.392],[-68.562,-24.838],[-68.346,-27.028],[-68.846,-27.154],[-69.174,-27.925],[-69.657,-28.414],[-70.027,-29.324],[-69.956,-30.358],[-70.161,-30.44],[-70.585,-31.569],[-69.82,-33.284],[-69.852,-34.224],[-70.47,-35.326],[-70.405,-36.062],[-71.056,-36.524],[-71.168,-37.762],[-70.952,-38.738],[-71.426,-38.986],[-71.932,-40.692],[-71.761,-42.101],[-72.125,-42.298],[-72.146,-42.99],[-71.781,-43.167],[-71.82,-44.383],[-71.261,-44.763],[-71.957,-44.792],[-71.354,-45.23],[-71.746,-45.579],[-71.695,-46.578],[-72.518,-47.876],[-72.355,-48.366],[-73.135,-49.301],[-73.462,-49.314],[-73.501,-50.125],[-73.153,-50.738],[-72.34,-50.682],[-72.408,-51.541],[-71.919,-51.99],[-69.96,-52.008],[-68.443,-52.357],[-69.201,-50.994],[-68.939,-50.382],[-67.783,-49.859],[-67.685,-49.247],[-67.033,-48.628],[-65.81,-47.941],[-65.999,-47.094],[-66.777,-47.006],[-67.563,-46.345],[-66.941,-45.257],[-65.639,-45.008],[-65.284,-43.63],[-64.319,-42.969],[-65.027,-42.759],[-64.65,-42.531],[-63.692,-42.805],[-63.796,-42.114],[-64.101,-42.395],[-65.059,-41.97],[-65.133,-40.881],[-63.773,-41.15],[-62.395,-40.891],[-62.427,-40.356],[-62.054,-39.374],[-62.374,-38.853],[-61.603,-38.999],[-59.828,-38.838],[-58.179,-38.436],[-57.547,-38.086],[-56.672,-36.851],[-56.698,-36.426],[-57.265,-36.144],[-57.304,-35.188],[-58.283,-34.683],[-58.547,-33.663],[-58.424,-33.112],[-58.171,-32.959],[-58.201,-32.472],[-58.189,-31.924],[-57.609,-30.188]]],[[[-68.653,-54.854],[-66.511,-55.032],[-65.179,-54.678],[-66.236,-54.533],[-68.489,-53.261],[-68.63,-52.653],[-68.653,-54.854]]]]},"properties":{"id":"ARG","name":"Argentina"}},
{"type":"Feature","geometry":{"type":"MultiPolygon","coordinates":[[[[-2.668,51.623],[-3.136,51.205],[-4.188,51.189],[-5.342,50.246],[-5.225,50.021],[-3.405,50.632],[-2.036,50.603],[-1.416,50.897],[0.205,50.763],[0.96,50.926],[1.415,51.363],[0.687,51.387],[1.747,52.469],[0.356,53.16],[-0.084,54.118],[-1.292,54.774],[-2.017,55.808],[-3.081,54.962],[-3.569,54.468],[-2.868,54.177],[-3.098,53.26],[-3.204,52.422],[-2.668,51.623]]],[[[-2.017,55.808],[-3.362,56.028],[-2.653,56.318],[-1.778,57.494],[-2.074,57.702],[-4.135,57.578],[-3.053,58.635],[-5.067,58.52],[-5.608,57.881],[-5.562,57.233],[-6.133,56.718],[-5.188,56.758],[-5.768,55.363],[-4.844,56.051],[-4.677,55.501],[-5.135,54.858],[-3.958,54.781],[-3.081,54.962],[-2.017,55.808]]],[[[-6.199,58.363],[-7.012,58.229],[-6.957,57.75],[-6.199,58.363]]],[[[-3.098,53.26],[-4.111,53.219],[-3.98,52.542],[-5.262,51.88],[-3.293,51.39],[-2.668,51.623],[-3.204,52.422],[-3.098,53.26]]],[[[-6.218,54.089],[-5.607,54.273],[-6.129,55.217],[-7.219,55.092],[-8.118,54.414],[-7.355,54.121],[-7.05,54.408],[-6.218,54.089]]]]},"properties":{"id":"GBR","name":"United Kingdom"}},
{"type":"Feature","geometry":{"type":"Polygon","coordinates":[[[32.713,35.171],[32.317,34.953],[32.942,34.576],[33.866,35.094],[32.713,35.171]]]},"properties":{"id":"CYP","name":"Cyprus"}},
{"type":"Feature","geometry":{"type":"MultiPolygon","coordinates":[[[[68.165,23.857],[68.641,23.19],[69.665,22.759],[70.44,22.97],[70.177,22.573],[69.009,22.197],[70.127,21.095],[71.025,20.739],[72.015,21.156],[72.306,22.189],[72.881,20.563],[72.668,19.831],[72.871,18.683],[73.476,16.054],[74.382,14.495],[74.771,13.077],[75.197,12.058],[75.724,11.362],[76.346,9.922],[76.325,9.452],[76.967,8.407],[77.518,8.078],[78.06,8.385],[78.192,8.891],[78.98,9.269],[79.391,10.306],[79.838,10.323],[79.858,11.989],[80.229,12.69],[80.342,13.361],[80.053,15.074],[80.293,15.711],[80.979,15.758],[81.286,16.337],[82.259,16.56],[82.282,16.936],[84.104,18.293],[84.771,19.125],[85.442,19.627],[86.279,19.919],[86.975,20.7],[86.86,21.237],[87.678,21.654],[89.052,21.654],[89.051,22.093],[88.741,23.437],[88.734,24.231],[88.023,24.628],[88.769,25.49],[88.085,25.888],[88.518,26.518],[89.289,26.038],[89.823,25.941],[89.814,25.305],[90.439,25.158],[92.05,25.169],[92.251,24.895],[91.877,24.195],[91.367,24.094],[91.16,23.661],[91.62,22.98],[92.246,23.684],[92.575,21.978],[92.965,22.004],[93.366,23.133],[93.307,24.022],[94.128,23.876],[94.708,25.049],[94.554,25.243],[95.132,26.041],[95.129,26.597],[96.061,27.217],[96.666,27.339],[97.322,28.218],[96.603,28.46],[96.035,29.447],[95.42,29.054],[94.623,29.312],[93.902,28.803],[93.207,28.591],[92.664,27.949],[91.632,27.76],[92.073,26.915],[89.764,26.702],[88.858,26.961],[88.891,27.316],[88.621,28.092],[88.11,27.871],[88.055,26.43],[87.287,26.36],[85.293,26.741],[84.091,27.491],[83.29,27.371],[81.853,27.867],[80.071,28.83],[80.549,29.9],[81.01,30.165],[79.565,30.949],[79.107,31.403],[78.792,31.294],[78.735,31.958],[78.39,32.52],[79.219,32.501],[79.113,33.226],[78.802,33.5],[78.971,34.228],[78.282,34.654],[77.799,35.496],[77.049,35.11],[76.594,34.736],[75.709,34.503],[74.3,34.765],[73.81,34.325],[74.15,33.507],[73.994,33.242],[74.658,32.519],[75.333,32.279],[74.51,31.713],[74.633,31.035],[73.382,29.934],[72.903,29.029],[72.342,28.752],[71.87,27.963],[70.737,27.729],[70.404,28.025],[69.568,27.175],[69.47,26.804],[70.157,26.471],[70.1,25.91],[70.648,25.667],[71.044,24.4],[69.716,24.173],[68.728,24.266],[68.165,23.857]]],[[[92.723,11.536],[92.99,12.539],[92.857,13.358],[92.723,11.536]]]]},"properties":{"id":"IND","name":"India"}},
{"type":"Feature","geometry":{"type":"MultiPolygon","coordinates":[[[[107.973,21.508],[108.526,21.671],[109.082,21.44],[109.931,21.481],[109.681,21.132],[110.123,20.264],[110.512,20.518],[110.18,20.859],[110.411,21.338],[112.305,21.742],[113.549,22.225],[113.331,22.912],[113.931,22.531],[114.554,22.529],[116.471,22.946],[116.629,23.354],[118.056,24.246],[118.087,24.627],[118.56,24.58],[119.146,25.414],[119.593,25.368],[119.619,26.004],[121.098,28.291],[121.918,29.135],[122.083,29.87],[121.159,30.302],[120.633,30.133],[121.528,30.841],[121.661,31.32],[120.716,31.984],[121.866,31.704],[121.401,32.372],[120.853,32.661],[120.871,33.017],[120.201,34.326],[119.201,34.748],[119.43,35.301],[120.681,36.168],[120.99,36.598],[121.933,36.959],[122.341,36.832],[122.667,37.403],[121.64,37.46],[120.75,37.834],[119.45,37.125],[118.953,37.331],[118.94,38.043],[118.015,38.183],[117.558,38.625],[117.785,39.134],[118.912,39.166],[119.591,39.903],[120.479,40.231],[121.175,40.901],[122.275,40.542],[121.275,39.385],[121.818,39.387],[121.107,38.921],[121.65,38.865],[123.032,39.674],[124.362,40.004],[124.889,40.46],[125.989,40.905],[126.904,41.781],[128.111,41.389],[128.045,41.988],[128.923,42.038],[129.72,42.475],[129.898,42.998],[130.527,42.535],[131.069,42.902],[131.262,43.433],[131.082,44.91],[131.852,45.327],[132.936,45.03],[133.861,46.248],[134.168,47.302],[134.752,47.715],[134.293,48.373],[132.562,47.769],[131.003,47.691],[130.553,48.861],[129.498,49.389],[128,49.569],[126.925,51.1],[126.313,52.4],[125.649,53.042],[123.608,53.547],[122.338,53.485],[120.704,53.172],[120.068,52.633],[120.75,52.097],[120.067,51.601],[119.164,50.406],[119.26,50.066],[117.873,49.513],[116.683,49.824],[115.558,47.945],[115.898,47.687],[116.761,47.87],[117.351,47.652],[117.768,47.988],[118.498,47.984],[119.711,47.15],[119.707,46.606],[118.309,46.717],[116.563,46.29],[115.681,45.458],[114.517,45.365],[113.587,44.746],[111.898,45.064],[111.402,44.367],[111.933,43.711],[111.007,43.341],[110.4,42.774],[109.443,42.456],[106.77,42.289],[105.197,41.738],[103.711,41.751],[101.973,42.216],[101.714,42.466],[99.984,42.677],[99.468,42.568],[97.206,42.79],[96.385,42.72],[95.913,43.206],[95.35,44.278],[94.712,44.351],[93.656,44.901],[90.877,45.196],[90.87,46.954],[90.313,47.676],[89.048,48.003],[87.98,48.555],[87.814,49.162],[87.323,49.086],[86.753,49.009],[86.549,48.529],[85.749,48.385],[85.657,47.255],[84.786,46.831],[83.193,47.187],[82.327,45.52],[82.479,45.124],[81.692,45.349],[80.059,45.006],[80.455,44.746],[80.355,44.097],[80.786,43.162],[80.165,42.666],[80.209,42.19],[80.216,42.032],[78.362,41.372],[78.123,41.076],[76.824,40.982],[76.48,40.45],[75.677,40.306],[75.583,40.605],[73.992,40.043],[73.632,39.449],[73.802,38.607],[74.745,38.51],[74.891,37.232],[74.541,37.022],[75.84,36.65],[76.148,35.829],[76.767,35.662],[77.799,35.496],[78.282,34.654],[78.971,34.228],[78.802,33.5],[79.113,33.226],[79.219,32.501],[78.39,32.52],[78.735,31.958],[78.792,31.294],[79.107,31.403],[79.565,30.949],[81.01,30.165],[82.043,30.327],[83.583,29.184],[84.101,29.22],[85.122,28.316],[85.678,28.277],[85.954,27.928],[86.554,28.085],[87.141,27.838],[88.11,27.871],[88.621,28.092],[88.891,27.316],[89.537,28.107],[91.606,27.952],[91.632,27.76],[92.664,27.949],[93.207,28.591],[93.902,28.803],[94.623,29.312],[95.42,29.054],[96.035,29.447],[96.603,28.46],[97.322,28.218],[97.538,28.51],[98.099,28.142],[98.241,27.663],[98.651,27.572],[98.625,25.827],[97.82,25.252],[97.531,24.492],[97.691,24.131],[98.834,24.091],[98.864,23.191],[99.341,23.096],[99.193,22.126],[99.918,22.028],[100.215,21.463],[101.08,21.756],[101.139,21.567],[101.705,21.15],[101.671,22.462],[102.127,22.379],[102.517,22.741],[103.005,22.453],[103.301,22.764],[103.915,22.538],[104.796,22.911],[105.275,23.345],[105.843,22.923],[106.78,22.779],[106.664,21.979],[107.973,21.508]]],[[[110.889,19.992],[110.679,20.137],[109.315,19.904],[108.694,19.338],[108.702,18.535],[109.519,18.218],[110.451,18.748],[111.014,19.655],[110.889,19.992]]]]},"properties":{"id":"CHN","name":"China"}},
{"type":"Feature","geometry":{"type":"Polygon","coordinates":[[[35.841,33.416],[35.109,33.084],[34.477,31.585],[34.245,31.208],[34.904,29.477],[34.973,29.555],[35.451,31.479],[34.956,32.161],[35.551,32.396],[35.787,32.735],[35.816,33.362],[35.841,33.416]]]},"properties":{"id":"ISR","name":"Israel"}},
{"type":"Feature","geometry":{"type":"Polygon","coordinates":[[[35.976,34.629],[35.109,33.084],[35.841,33.416],[35.869,33.432],[36.585,34.221],[35.976,34.629]]]},"properties":{"id":"LBN","name":"Lebanon"}},
{"type":"Feature","geometry":{"type":"Polygon","coordinates":[[[35.268,5.492],[35.745,5.344],[35.763,4.808],[36.082,4.45],[36.906,4.411],[38.086,3.649],[39.494,3.456],[39.842,3.851],[40.765,4.273],[41.221,3.944],[41.884,3.978],[42.792,4.292],[43.126,4.644],[43.989,4.951],[44.941,4.912],[45.935,5.997],[47.978,7.997],[46.978,7.997],[44.023,8.986],[43.483,9.379],[42.66,10.621],[42.923,10.999],[41.798,10.98],[41.767,11.589],[42.379,12.466],[40.77,14.144],[40.221,14.431],[39.074,14.628],[38.504,14.424],[37.884,14.852],[37.571,14.149],[37.257,14.454],[36.524,14.257],[36.108,12.726],[35.596,12.537],[35.112,11.817],[34.931,10.865],[34.276,10.528],[34.078,9.462],[34.095,8.582],[33.234,8.396],[33.013,7.952],[33.666,7.671],[34.711,6.66],[35.268,5.492]]]},"properties":{"id":"ETH","name":"Ethiopia"}},
{"type":"Feature","geometry":{"type":"Polygon","coordinates":[[[33.976,4.22],[35.268,5.492],[34.711,6.66],[33.666,7.671],[33.013,7.952],[33.234,8.396],[34.095,8.582],[34.078,9.462],[33.892,10.199],[33.172,10.85],[33.199,12.217],[32.072,12.007],[32.404,11.058],[31.225,9.799],[30.739,9.743],[30.003,10.277],[28.845,9.326],[28.049,9.329],[27.886,9.6],[26.551,9.526],[25.798,10.421],[25.067,10.294],[24.532,8.887],[24.147,8.666],[24.291,8.291],[24.853,8.138],[25.19,7.519],[26.362,6.635],[26.514,6.069],[27.083,5.777],[27.403,5.109],[28.192,4.35],[29.151,4.388],[29.677,4.587],[30.839,3.491],[31.152,3.786],[31.798,3.803],[32.156,3.528],[32.997,3.88],[33.489,3.755],[33.976,4.22]]]},"properties":{"id":"SDS","name":"South Sudan"}},
{"type":"Feature","geometry":{"type":"Polygon","coordinates":[[[41.533,-1.695],[41.98,-0.973],[43.468,0.622],[44.333,1.391],[46.051,2.475],[47.975,4.497],[49.049,6.174],[49.349,6.991],[50.825,9.428],[51.141,10.657],[51.255,11.831],[50.792,11.984],[50.11,11.529],[48.939,11.258],[48.938,9.452],[47.978,7.997],[45.935,5.997],[44.941,4.912],[43.989,4.951],[43.126,4.644],[42.792,4.292],[41.884,3.978],[40.964,2.815],[40.979,-0.87],[41.533,-1.695]]]},"properties":{"id":"SOM","name":"Somalia"}},
{"type":"Feature","geometry":{"type":"Polygon","coordinates":[[[33.903,-1.002],[35.837,-2.037],[37.644,-3.045],[37.797,-3.674],[39.222,-4.692],[39.491,-4.478],[40.115,-3.251],[40.222,-2.688],[40.644,-2.539],[40.89,-2.024],[41.533,-1.695],[40.979,-0.87],[40.964,2.815],[41.884,3.978],[41.221,3.944],[40.765,4.273],[39.842,3.851],[39.494,3.456],[38.086,3.649],[36.906,4.411],[36.082,4.45],[35.763,4.808],[35.745,5.344],[35.268,5.492],[33.976,4.22],[34.393,3.692],[34.448,3.163],[34.906,2.48],[34.965,1.643],[33.943,0.174],[33.903,-1.002]]]},"properties":{"id":"KEN","name":"Kenya"}},
{"type":"Feature","geometry":{"type":"Polygon","coordinates":[[[33.202,-14.013],[33.636,-14.568],[34.333,-14.409],[34.541,-15.297],[34.248,-15.888],[35.29,-17.097],[35.167,-16.56],[35.755,-16.058],[35.847,-14.671],[35.247,-13.897],[34.564,-13.36],[34.361,-12.211],[34.66,-11.589],[34.959,-11.578],[34.598,-11.038],[34.524,-10.03],[33.944,-9.672],[32.92,-9.407],[33.196,-9.626],[33.659,-10.591],[33.261,-10.893],[33.398,-12.49],[33.022,-12.63],[32.672,-13.61],[33.202,-14.013]]]},"properties":{"id":"MWI","name":"Malawi"}},
{"type":"Feature","geometry":{"type":"Polygon","coordinates":[[[32.92,-9.407],[33.944,-9.672],[34.524,-10.03],[34.598,-11.038],[34.959,-11.578],[35.785,-11.453],[36.519,-11.716],[37.373,-11.71],[37.92,-11.295],[38.492,-11.413],[39.989,-10.821],[40.464,-10.464],[39.784,-9.915],[39.304,-8.444],[39.288,-7.518],[39.546,-7.024],[38.874,-6.331],[38.819,-5.878],[39.222,-4.692],[37.797,-3.674],[37.644,-3.045],[35.837,-2.037],[33.903,-1.002],[30.742,-1.008],[30.51,-1.067],[30.813,-1.563],[30.829,-2.338],[30.554,-2.4],[30.79,-3.275],[29.718,-4.456],[29.403,-4.449],[29.343,-4.983],[29.594,-5.651],[29.71,-6.617],[30.313,-7.204],[30.751,-8.194],[31.943,-9.054],[32.92,-9.407]]]},"properties":{"id":"TZA","name":"Tanzania"}},
{"type":"Feature","geometry":{"type":"Polygon","coordinates":[[[35.893,35.917],[35.976,34.629],[36.585,34.221],[35.869,33.432],[35.816,33.362],[35.787,32.735],[36.818,32.317],[38.774,33.372],[40.689,34.332],[41.195,34.769],[41.417,36.515],[42.359,37.109],[40.706,37.098],[39.357,36.682],[38.192,36.902],[37.436,36.643],[36.659,36.803],[36.637,36.234],[35.893,35.917]]]},"properties":{"id":"SYR","name":"Syria"}},
{"type":"Feature","geometry":{"type":"MultiPolygon","coordinates":[[[[9.48,42.805],[8.566,42.358],[8.808,41.588],[9.186,41.385],[9.551,42.13],[9.48,42.805]]],[[[7.616,47.593],[7.584,48.064],[8.135,48.974],[6.735,49.161],[6.344,49.453],[5.79,49.538],[4.176,49.96],[2.525,51.097],[1.579,50.739],[1.593,50.252],[0.187,49.703],[-0.163,49.297],[-1.856,49.684],[-1.376,48.653],[-2.692,48.537],[-3.231,48.841],[-4.721,48.54],[-4.679,48.04],[-2.428,47.471],[-1.787,46.515],[-1.146,46.311],[-1.032,45.741],[-1.485,43.564],[-1.794,43.407],[-1.48,43.071],[1.428,42.596],[1.706,42.503],[3.211,42.431],[3.052,42.915],[4.053,43.593],[6.116,43.072],[7.378,43.732],[7.414,43.771],[7.439,43.75],[7.493,43.767],[7.637,44.165],[6.967,44.28],[6.628,45.118],[7.153,45.401],[7.021,45.926],[6.758,46.416],[6.06,46.428],[7.001,47.323],[7.616,47.593]]]]},"properties":{"id":"FRA","name":"France"}},
{"type":"Feature","geometry":{"type":"Polygon","coordinates":[[[-54.616,2.327],[-54.196,2.818],[-53.99,3.59],[-54.351,4.054],[-54.452,5.013],[-54.054,5.808],[-54.834,5.988],[-55.828,5.962],[-55.94,5.795],[-56.97,5.993],[-57.195,5.548],[-57.331,5.02],[-57.711,4.991],[-58.054,4.172],[-56.704,2.036],[-56.483,1.942],[-56.02,1.842],[-56.129,2.3],[-54.979,2.598],[-54.616,2.327]]]},"properties":{"id":"SUR","name":"Suriname"}},
{"type":"Feature","geometry":{"type":"Polygon","coordinates":[[[-60.742,5.202],[-59.991,5.083],[-60.149,4.533],[-59.703,4.381],[-59.551,3.934],[-59.854,3.587],[-59.994,2.69],[-59.756,1.901],[-59.231,1.376],[-58.512,1.285],[-58.341,1.588],[-57.594,1.704],[-57.119,2.014],[-56.483,1.942],[-56.704,2.036],[-58.054,4.172],[-57.711,4.991],[-57.331,5.02],[-57.195,5.548],[-57.19,6.097],[-57.983,6.786],[-58.415,6.851],[-58.477,7.326],[-59.2,8.075],[-60.018,8.549],[-59.832,8.306],[-60.719,7.499],[-60.325,7.134],[-61.146,6.695],[-61.377,5.907],[-60.742,5.202]]]},"properties":{"id":"GUY","name":"Guyana"}},
{"type":"Feature","geometry":{"type":"Polygon","coordinates":[[[126.634,37.782],[126.746,37.194],[126.488,36.694],[126.717,35.769],[126.291,35.154],[126.531,34.314],[127.715,34.955],[128.444,34.87],[129.214,35.182],[129.573,36.051],[129.335,37.275],[128.375,38.623],[128.039,38.309],[127.17,38.305],[126.634,37.782]]]},"properties":{"id":"KOR","name":"South Korea"}},
{"type":"Feature","geometry":{"type":"Polygon","coordinates":[[[128.375,38.623],[127.395,39.208],[127.568,39.782],[128.304,40.036],[129.709,40.857],[129.756,41.712],[130.687,42.303],[130.527,42.535],[129.898,42.998],[129.72,42.475],[128.923,42.038],[128.045,41.988],[128.111,41.389],[126.904,41.781],[125.989,40.905],[124.889,40.46],[124.362,40.004],[125.361,39.527],[125.31,38.665],[124.691,38.129],[125.358,37.725],[125.769,37.985],[126.634,37.782],[127.17,38.305],[128.039,38.309],[128.375,38.623]]]},"properties":{"id":"PRK","name":"North Korea"}},
{"type":"Feature","geometry":{"type":"Polygon","coordinates":[[[-2.22,35.104],[-3.206,35.239],[-4.33,35.161],[-5.338,35.745],[-5.925,35.786],[-6.353,34.776],[-6.901,33.969],[-8.301,33.374],[-9.246,32.572],[-9.809,31.425],[-9.875,30.718],[-9.667,30.109],[-10.486,29.065],[-11.43,28.382],[-12.949,27.914],[-13.576,26.735],[-14.414,26.254],[-15.039,24.549],[-15.899,23.844],[-16.359,22.595],[-16.931,21.9],[-17.003,21.421],[-14.841,21.451],[-14.221,22.31],[-14.021,23.411],[-12.431,24.831],[-12.031,26.031],[-11.718,26.104],[-10.923,27.01],[-9.735,26.861],[-8.795,27.121],[-8.683,27.656],[-8.66,28.719],[-7.095,29.625],[-5.449,29.957],[-4.968,30.465],[-3.625,31.066],[-3.827,31.662],[-2.448,32.13],[-1.275,32.089],[-1.066,32.468],[-1.679,33.319],[-1.796,34.752],[-2.22,35.104]]]},"properties":{"id":"MAR","name":"Morocco"}},
{"type":"Feature","geometry":{"type":"Polygon","coordinates":[[[-82.564,9.577],[-83.448,10.466],[-83.642,10.917],[-85.744,11.062],[-85.831,10.398],[-85.625,9.902],[-85.115,9.582],[-84.659,9.647],[-83.637,9.035],[-83.734,8.614],[-83.162,8.588],[-82.879,8.071],[-82.741,8.952],[-82.94,9.449],[-82.564,9.577]]]},"properties":{"id":"CRI","name":"Costa Rica"}},
{"type":"Feature","geometry":{"type":"Polygon","coordinates":[[[-83.158,14.993],[-84.538,14.633],[-84.86,14.81],[-85.787,13.844],[-86.04,14.05],[-86.734,13.763],[-86.711,13.313],[-87.337,12.979],[-87.668,12.904],[-86.756,12.157],[-85.744,11.062],[-83.642,10.917],[-83.754,12.502],[-83.578,12.667],[-83.412,13.996],[-83.158,14.993]]]},"properties":{"id":"NIC","name":"Nicaragua"}},
{"type":"Feature","geometry":{"type":"Polygon","coordinates":[[[11.13,-3.916],[12.018,-5.004],[12.385,-4.619],[13.073,-4.635],[13.415,-4.837],[14.358,-4.299],[14.708,-4.882],[16.147,-3.464],[16.215,-2.178],[16.88,-1.226],[17.753,-0.549],[18.072,2.013],[18.61,3.478],[17.438,3.685],[16.673,3.535],[16.183,2.27],[16.059,1.676],[15.742,1.915],[14.484,2.155],[13.294,2.162],[13.274,1.241],[14.181,1.37],[14.434,0.811],[13.885,0.191],[13.86,-0.203],[14.481,-0.618],[14.384,-1.89],[14.087,-2.467],[13.734,-2.138],[13.465,-2.395],[12.432,-1.929],[12.446,-2.33],[11.605,-2.343],[11.538,-2.837],[11.934,-3.319],[11.13,-3.916]]]},"properties":{"id":"COG","name":"Congo"}},
{"type":"Feature","geometry":{"type":"Polygon","coordinates":[[[30.751,-8.194],[30.313,-7.204],[29.71,-6.617],[29.594,-5.651],[29.343,-4.983],[29.403,-4.449],[29.224,-3.054],[29.014,-2.72],[28.876,-2.4],[29.577,-1.388],[29.718,0.098],[29.943,0.819],[31.253,2.045],[30.729,2.455],[30.839,3.491],[29.677,4.587],[29.151,4.388],[28.192,4.35],[27.403,5.109],[26.822,5.062],[25.525,5.312],[25.249,5.025],[24.32,4.994],[23.417,4.663],[22.756,4.647],[22.422,4.135],[20.558,4.463],[20.226,4.83],[19.501,5.127],[18.567,4.258],[18.61,3.478],[18.072,2.013],[17.753,-0.549],[16.88,-1.226],[16.215,-2.178],[16.147,-3.464],[14.708,-4.882],[14.358,-4.299],[13.415,-4.837],[13.073,-4.635],[12.451,-5.071],[12.504,-5.696],[12.214,-5.759],[12.412,-5.986],[13.068,-5.865],[16.315,-5.866],[16.718,-6.241],[16.985,-7.257],[17.536,-8.076],[19.341,-7.967],[19.528,-7.144],[20.599,-6.935],[20.608,-7.278],[21.751,-7.305],[21.896,-8.341],[21.857,-9.594],[22.275,-10.259],[22.279,-11.194],[22.561,-11.056],[23.834,-11.014],[23.967,-10.872],[24.335,-11.371],[25.319,-11.237],[25.349,-11.623],[26.026,-11.89],[26.95,-11.899],[27.196,-11.605],[27.533,-12.195],[28.358,-12.482],[29.014,-13.369],[29.795,-13.393],[29.795,-12.155],[29.064,-12.349],[28.357,-11.483],[28.639,-10.669],[28.63,-9.831],[28.401,-9.225],[28.898,-8.485],[30.751,-8.194]]]},"properties":{"id":"COD","name":"DR Congo"}},
{"type":"Feature","geometry":{"type":"Polygon","coordinates":[[[91.632,27.76],[91.606,27.952],[89.537,28.107],[88.891,27.316],[88.858,26.961],[89.764,26.702],[92.073,26.915],[91.632,27.76]]]},"properties":{"id":"BTN","name":"Bhutan"}},
{"type":"Feature","geometry":{"type":"Polygon","coordinates":[[[38.214,47.091],[38.287,47.559],[38.9,47.855],[39.736,47.845],[39.958,48.269],[40.031,49.597],[38.259,50.052],[37.423,50.411],[36.619,50.209],[35.412,50.54],[35.064,51.203],[34.234,51.244],[34.398,51.78],[33.735,52.345],[31.763,52.101],[30.981,52.046],[30.533,51.596],[29.346,51.383],[27.27,51.614],[25.925,51.914],[24.362,51.868],[23.605,51.518],[24.106,50.845],[22.649,49.539],[22.539,49.073],[22.132,48.405],[22.877,47.947],[23.203,48.085],[24.893,47.718],[26.619,48.26],[27.549,48.478],[29.093,47.975],[29.16,47.456],[29.878,46.829],[29.838,46.351],[29.146,46.527],[28.948,46.05],[28.213,45.45],[29.706,45.26],[29.602,45.683],[30.219,45.867],[30.796,46.552],[32.578,46.616],[31.78,46.325],[32.477,46.084],[33.594,46.096],[35.002,45.733],[34.85,46.19],[35.827,46.624],[38.214,47.091]]]},"properties":{"id":"UKR","name":"Ukraine"}},
{"type":"Feature","geometry":{"type":"MultiPolygon","coordinates":[[[[34.477,31.585],[34.198,31.323],[34.245,31.208],[34.477,31.585]]],[[[35.551,32.396],[34.956,32.161],[35.451,31.479],[35.551,32.396]]]]},"properties":{"id":"PSX","name":"Palestine"}},
{"type":"Feature","geometry":{"type":"Polygon","coordinates":[[[31.763,52.101],[31.418,53.196],[32.704,53.336],[31.754,53.81],[31.121,54.648],[30.907,55.57],[30.234,55.845],[28.148,56.143],[26.594,55.668],[26.776,55.273],[25.859,54.919],[25.558,54.311],[24.768,53.975],[23.485,53.94],[23.845,52.664],[23.197,52.257],[23.605,51.518],[24.362,51.868],[25.925,51.914],[27.27,51.614],[29.346,51.383],[30.533,51.596],[30.981,52.046],[31.763,52.101]]]},"properties":{"id":"BLR","name":"Belarus"}},
{"type":"Feature","geometry":{"type":"Polygon","coordinates":[[[23.381,-17.641],[21.417,-18.001],[19.076,-17.818],[18.396,-17.399],[16.531,-17.391],[13.938,-17.389],[13.101,-16.968],[12.548,-17.213],[11.743,-17.249],[11.776,-18.002],[12.458,-18.927],[13.168,-20.185],[13.451,-20.917],[14.322,-22.19],[14.502,-24.202],[14.837,-25.033],[14.968,-26.318],[15.342,-27.387],[16.448,-28.618],[17.056,-28.031],[17.448,-28.698],[19.162,-28.939],[19.98,-28.451],[19.98,-24.777],[19.977,-22],[20.971,-22],[20.974,-18.319],[23.299,-18.027],[23.581,-18.453],[24.359,-17.978],[25.259,-17.794],[24.275,-17.481],[23.381,-17.641]]]},"properties":{"id":"NAM","name":"Namibia"}},
{"type":"Feature","geometry":{"type":"Polygon","coordinates":[[[29.365,-22.194],[28.21,-22.694],[26.987,-23.705],[26.835,-24.241],[25.912,-24.747],[25.584,-25.606],[24.748,-25.817],[23.266,-25.267],[22.879,-25.458],[22.64,-26.071],[21.646,-26.854],[20.74,-26.849],[20.793,-25.916],[20.345,-25.03],[19.98,-24.777],[19.98,-28.451],[19.162,-28.939],[17.448,-28.698],[17.056,-28.031],[16.448,-28.618],[16.95,-29.403],[17.677,-31.019],[18.211,-31.742],[18.251,-32.652],[17.851,-32.827],[18.465,-33.888],[19.635,-34.753],[20.53,-34.463],[21.789,-34.373],[22.246,-34.069],[23.586,-33.985],[24.827,-34.169],[26.429,-33.76],[27.861,-33.054],[28.856,-32.294],[30.289,-30.97],[31.335,-29.378],[32.286,-28.621],[32.535,-28.2],[32.886,-26.849],[32.113,-26.839],[31.958,-27.306],[31.063,-27.112],[30.803,-26.413],[31.415,-25.747],[31.948,-25.958],[31.986,-24.461],[31.546,-23.482],[31.288,-22.402],[29.365,-22.194]],[[28.737,-30.102],[28.018,-30.642],[27.388,-30.316],[27.052,-29.664],[27.736,-28.94],[28.626,-28.582],[29.391,-29.27],[28.737,-30.102]]]},"properties":{"id":"ZAF","name":"South Africa"}},
{"type":"Feature","geometry":{"type":"Polygon","coordinates":[[[5.994,50.75],[5.949,51.762],[6.742,51.911],[7.197,53.282],[6.062,53.407],[4.678,52.81],[4.483,52.309],[3.449,51.541],[4.226,51.386],[5.827,51.126],[5.994,50.75]]]},"properties":{"id":"NLD","name":"Netherlands"}},
{"type":"Feature","geometry":{"type":"MultiPolygon","coordinates":[[[[53.086,16.648],[54.068,17.006],[55.064,17.039],[55.479,17.843],[56.27,17.951],[56.655,18.587],[57.812,19.017],[57.715,19.607],[58.103,20.57],[58.474,20.407],[58.896,21.113],[59.371,21.499],[59.8,22.22],[58.578,23.643],[57.22,23.923],[56.388,24.979],[55.796,24.868],[55.186,22.704],[55.641,22.002],[54.977,19.996],[51.978,18.996],[53.086,16.648]]],[[[56.298,25.651],[56.43,26.327],[56.08,26.063],[56.298,25.651]]]]},"properties":{"id":"OMN","name":"Oman"}},
{"type":"Feature","geometry":{"type":"Polygon","coordinates":[[[70.947,42.249],[69.065,41.367],[68.601,40.66],[67.936,41.197],[66.71,41.179],[66.499,41.995],[66.01,42.005],[66.1,42.991],[65.803,42.877],[64.905,43.715],[64.443,43.551],[63.207,43.628],[61.99,43.492],[61.008,44.394],[58.555,45.555],[55.976,44.995],[55.977,41.322],[57.018,41.263],[56.964,41.857],[57.814,42.19],[58.589,42.778],[59.858,42.295],[60.455,41.222],[61.903,41.094],[62.651,39.858],[64.163,38.954],[65.613,38.239],[66.629,37.932],[66.522,37.348],[67.759,37.172],[68.294,38.033],[68.104,38.962],[67.35,39.242],[67.719,39.621],[68.463,39.537],[69.713,40.657],[70.442,41.023],[70.383,40.454],[70.958,40.239],[71.692,40.152],[73.113,40.786],[71.879,41.195],[71.408,41.136],[70.181,41.571],[70.947,42.249]]]},"properties":{"id":"UZB","name":"Uzbekistan"}},
{"type":"Feature","geometry":{"type":"Polygon","coordinates":[[[70.947,42.249],[71.257,42.734],[71.817,42.822],[73.493,42.409],[73.556,43.003],[74.209,43.24],[75.048,42.904],[78.524,42.865],[79.127,42.776],[80.209,42.19],[80.165,42.666],[80.786,43.162],[80.355,44.097],[80.455,44.746],[80.059,45.006],[81.692,45.349],[82.479,45.124],[82.327,45.52],[83.193,47.187],[84.786,46.831],[85.657,47.255],[85.749,48.385],[86.549,48.529],[86.753,49.009],[87.323,49.086],[86.614,49.61],[85.292,49.599],[84.989,50.061],[84.323,50.239],[83.357,50.995],[82.494,50.728],[81.466,50.74],[80.877,51.281],[79.986,50.775],[77.704,53.379],[76.576,53.943],[76.837,54.442],[74.452,53.647],[73.372,53.454],[73.679,53.929],[72.269,54.272],[71.093,54.212],[70.738,55.305],[70.182,55.162],[68.977,55.39],[67.693,54.872],[65.477,54.623],[61.929,53.946],[61.334,54.049],[60.979,53.622],[61.974,52.944],[61.047,52.972],[60.979,52.395],[60.066,51.976],[61.363,51.442],[61.389,50.861],[58.884,50.694],[58.359,51.064],[57.442,50.889],[56.491,51.02],[55.798,50.602],[54.727,50.998],[54.65,50.66],[53.338,51.482],[52.331,51.681],[51.345,51.475],[50.794,51.729],[50.247,51.29],[48.625,50.613],[48.843,50.013],[48.434,49.829],[47.706,50.378],[47.326,50.274],[46.802,49.367],[46.661,48.412],[47.292,47.741],[48.11,47.745],[49.232,46.337],[51.178,47.11],[52.086,46.84],[52.916,46.954],[53.135,46.192],[52.774,45.573],[53.2,45.332],[51.416,45.358],[51.058,44.812],[51.544,44.531],[50.297,44.582],[50.831,44.193],[51.295,43.174],[52.597,42.76],[52.494,41.78],[53.25,42.206],[54.121,42.335],[54.904,41.919],[55.545,41.263],[55.977,41.322],[55.976,44.995],[58.555,45.555],[61.008,44.394],[61.99,43.492],[63.207,43.628],[64.443,43.551],[64.905,43.715],[65.803,42.877],[66.1,42.991],[66.01,42.005],[66.499,41.995],[66.71,41.179],[67.936,41.197],[68.601,40.66],[69.065,41.367],[70.947,42.249]]]},"properties":{"id":"KAZ","name":"Kazakhstan"}},
{"type":"Feature","geometry":{"type":"Polygon","coordinates":[[[67.759,37.172],[68.068,36.95],[69.492,37.553],[70.251,37.664],[70.879,38.456],[71.552,37.933],[71.433,37.128],[71.734,36.684],[73.211,37.408],[74.891,37.232],[74.745,38.51],[73.802,38.607],[73.632,39.449],[71.806,39.276],[71.47,39.604],[69.298,39.525],[69.307,39.969],[70.958,40.239],[70.383,40.454],[70.442,41.023],[69.713,40.657],[68.463,39.537],[67.719,39.621],[67.35,39.242],[68.104,38.962],[68.294,38.033],[67.759,37.172]]]},"properties":{"id":"TJK","name":"Tajikistan"}},
{"type":"Feature","geometry":{"type":"Polygon","coordinates":[[[22.766,54.357],[23.485,53.94],[24.768,53.975],[25.558,54.311],[25.859,54.919],[26.776,55.273],[26.594,55.668],[24.903,56.398],[24.121,56.264],[22.085,56.407],[21.046,56.07],[21.236,55.264],[22.567,55.059],[22.766,54.357]]]},"properties":{"id":"LTU","name":"Lithuania"}},
{"type":"Feature","geometry":{"type":"MultiPolygon","coordinates":[[[[-66.876,1.223],[-67.5,2.108],[-68.177,1.72],[-69.849,1.709],[-69.852,1.06],[-69.361,1.064],[-69.174,0.635],[-70.054,0.579],[-70.071,-0.139],[-69.667,-0.482],[-69.4,-1.195],[-69.966,-4.236],[-70.8,-4.173],[-71.845,-4.504],[-72.887,-5.123],[-73.24,-6.564],[-73.758,-6.906],[-74.002,-7.556],[-72.974,-8.993],[-73.209,-9.411],[-72.379,-9.51],[-72.182,-10.004],[-71.238,-9.966],[-70.637,-9.478],[-70.642,-11.01],[-69.579,-10.952],[-68.398,-11.019],[-68.072,-10.703],[-66.73,-9.975],[-65.396,-9.712],[-65.322,-11.439],[-64.421,-12.44],[-63.067,-12.669],[-62.176,-13.134],[-61.79,-13.526],[-61.077,-13.49],[-60.507,-13.79],[-60.176,-16.269],[-58.538,-16.328],[-58.396,-17.234],[-57.832,-17.512],[-57.574,-18.279],[-58.131,-19.745],[-58.16,-20.165],[-57.83,-20.998],[-57.956,-22.109],[-56.937,-22.271],[-56.395,-22.093],[-55.618,-22.671],[-55.366,-23.991],[-54.625,-23.812],[-54.242,-24.047],[-54.616,-25.576],[-53.891,-25.669],[-53.671,-26.225],[-53.838,-27.121],[-54.829,-27.551],[-55.725,-28.204],[-57.609,-30.188],[-56.833,-30.107],[-56.176,-30.628],[-56.005,-31.079],[-55.557,-30.876],[-53.762,-32.057],[-53.126,-32.737],[-53.531,-33.171],[-53.371,-33.742],[-52.652,-33.138],[-52.127,-32.168],[-51.972,-31.384],[-51.464,-31.053],[-51.157,-30.364],[-50.646,-30.237],[-50.689,-30.704],[-52.039,-32.115],[-51.152,-31.48],[-50.3,-30.426],[-49.746,-29.363],[-48.8,-28.575],[-48.554,-27.196],[-48.545,-25.816],[-47.877,-24.997],[-46.867,-24.236],[-45.972,-23.796],[-45.464,-23.803],[-44.637,-23.055],[-43.866,-22.911],[-42.042,-22.947],[-41.706,-22.31],[-40.988,-21.92],[-40.789,-20.906],[-40.396,-20.569],[-39.7,-19.278],[-39.74,-18.64],[-39.154,-17.704],[-39.215,-17.316],[-38.881,-15.864],[-39.089,-13.588],[-38.691,-12.624],[-38.24,-12.844],[-36.938,-10.82],[-36.398,-10.484],[-35.158,-8.931],[-34.835,-7.971],[-34.805,-7.288],[-35.235,-5.567],[-35.549,-5.129],[-36.591,-5.098],[-37.175,-4.912],[-38.476,-3.717],[-39.965,-2.862],[-41.318,-2.936],[-42.25,-2.792],[-43.38,-2.376],[-44.721,-3.142],[-44.435,-2.168],[-45.076,-1.466],[-47.398,-0.627],[-48.115,-0.738],[-49.211,-1.917],[-49.314,-1.732],[-50.403,-2.016],[-50.69,-1.762],[-50.895,-0.938],[-51.948,-1.587],[-52.02,-1.399],[-51.283,-0.085],[-50.816,0.173],[-49.899,1.163],[-49.957,1.66],[-50.459,1.83],[-51.052,3.282],[-51.22,4.094],[-51.547,4.311],[-51.991,3.702],[-52.701,2.364],[-52.965,2.184],[-53.768,2.355],[-54.13,2.121],[-54.616,2.327],[-54.979,2.598],[-56.129,2.3],[-56.02,1.842],[-56.483,1.942],[-57.119,2.014],[-57.594,1.704],[-58.341,1.588],[-58.512,1.285],[-59.231,1.376],[-59.756,1.901],[-59.994,2.69],[-59.854,3.587],[-59.551,3.934],[-59.703,4.381],[-60.149,4.533],[-59.991,5.083],[-60.742,5.202],[-61.003,4.535],[-62.712,4.018],[-62.969,3.594],[-63.295,3.922],[-64.021,3.929],[-64.818,4.232],[-64.221,3.587],[-64.049,2.525],[-63.389,2.412],[-64.115,1.619],[-65.104,1.108],[-65.473,0.691],[-65.681,0.983],[-66.302,0.752],[-66.876,1.223]]],[[[-49.629,-0.229],[-50.646,-0.273],[-50.783,-1.01],[-50.508,-1.788],[-49.805,-1.79],[-48.929,-1.482],[-48.38,-0.353],[-49.629,-0.229]]],[[[-51.833,-1.434],[-51.276,-1.022],[-51.546,-0.65],[-51.833,-1.434]]]]},"properties":{"id":"BRA","name":"Brazil"}},
{"type":"Feature","geometry":{"type":"Polygon","coordinates":[[[-53.371,-33.742],[-53.531,-33.171],[-53.126,-32.737],[-53.762,-32.057],[-55.557,-30.876],[-56.005,-31.079],[-56.176,-30.628],[-56.833,-30.107],[-57.609,-30.188],[-58.189,-31.924],[-58.201,-32.472],[-58.082,-32.894],[-58.364,-33.182],[-58.4,-33.912],[-57.829,-34.477],[-57.171,-34.452],[-56.118,-34.908],[-54.902,-34.933],[-53.785,-34.38],[-53.371,-33.742]]]},"properties":{"id":"URY","name":"Uruguay"}},
{"type":"Feature","geometry":{"type":"Polygon","coordinates":[[[87.814,49.162],[87.98,48.555],[89.048,48.003],[90.313,47.676],[90.87,46.954],[90.877,45.196],[93.656,44.901],[94.712,44.351],[95.35,44.278],[95.913,43.206],[96.385,42.72],[97.206,42.79],[99.468,42.568],[99.984,42.677],[101.714,42.466],[101.973,42.216],[103.711,41.751],[105.197,41.738],[106.77,42.289],[109.443,42.456],[110.4,42.774],[111.007,43.341],[111.933,43.711],[111.402,44.367],[111.898,45.064],[113.587,44.746],[114.517,45.365],[115.681,45.458],[116.563,46.29],[118.309,46.717],[119.707,46.606],[119.711,47.15],[118.498,47.984],[117.768,47.988],[117.351,47.652],[116.761,47.87],[115.898,47.687],[115.558,47.945],[116.683,49.824],[115.275,49.949],[114.297,50.274],[113.056,49.616],[110.828,49.166],[108.614,49.323],[107.948,49.925],[106.711,50.313],[105.384,50.474],[103.633,50.139],[102.288,50.585],[102.112,51.353],[99.922,51.756],[98.893,52.117],[97.947,51.348],[98.279,50.533],[98.103,50.078],[96.986,49.883],[94.615,50.024],[94.251,50.556],[93.103,50.604],[92.355,50.864],[89.644,49.903],[89.008,49.473],[87.814,49.162]]]},"properties":{"id":"MNG","name":"Mongolia"}},
{"type":"Feature","geometry":{"type":"MultiPolygon","coordinates":[[[[-179.799,68.94],[-180,68.983],[-180,68.739],[-180,68.494],[-180,68.249],[-180,68.004],[-180,67.76],[-180,67.515],[-180,67.27],[-180,67.025],[-180,66.781],[-180,66.536],[-180,66.291],[-180,66.046],[-180,65.802],[-180,65.557],[-180,65.312],[-180,65.067],[-179.352,65.517],[-179.784,66.018],[-179.107,66.346],[-178.31,65.485],[-176.093,65.471],[-175.395,64.802],[-173.009,64.297],[-172.999,64.877],[-172.212,65.425],[-170.666,65.622],[-170.244,66.169],[-171.796,66.932],[-174.448,67.103],[-174.925,66.623],[-175.345,67.678],[-178.693,68.546],[-179.799,68.94]]],[[[130.687,42.303],[131.795,43.255],[132.31,43.314],[132.304,42.883],[133.16,42.697],[135.131,43.526],[135.875,44.374],[137.685,45.818],[138.587,47.057],[140.171,48.524],[140.517,49.596],[140.688,51.232],[141.485,52.179],[141.17,52.368],[141.402,53.184],[139.707,54.277],[138.696,54.32],[138.569,53.819],[137.221,53.579],[137.835,53.947],[137.096,54.129],[136.719,53.804],[136.797,54.621],[135.852,54.584],[135.263,54.943],[137.692,56.139],[138.662,56.966],[140.447,57.814],[140.685,58.212],[142.025,59],[143.192,59.37],[146.537,59.457],[147.514,59.269],[149.643,59.77],[151.486,59.524],[152.261,59.224],[151.327,58.875],[152.882,58.939],[153.361,59.215],[155.16,59.19],[154.15,59.529],[154.971,60.377],[157.469,61.799],[159.077,61.922],[160.317,61.793],[159.79,60.957],[160.767,60.753],[163.009,61.792],[163.332,62.551],[164.256,62.697],[165.397,62.494],[164.207,62.292],[163.71,60.917],[162.004,60.42],[158.21,58.025],[156.792,57.748],[156.977,57.466],[155.983,56.695],[155.555,55.348],[156.099,53.006],[156.748,50.969],[158.104,51.81],[158.609,52.874],[160.025,53.13],[159.844,53.784],[160.773,54.541],[162.106,54.752],[161.729,55.358],[162.489,56.399],[163.047,56.045],[163.257,56.688],[162.803,56.811],[163.214,57.687],[161.96,58.077],[163.273,59.303],[163.41,59.835],[165.085,60.099],[166.352,60.485],[166.332,59.872],[166.964,60.307],[169.227,60.596],[170.351,59.966],[170.608,60.435],[172.393,61.062],[172.857,61.469],[177.293,62.599],[179.121,62.32],[179.571,62.688],[178.229,64.364],[176.061,64.961],[178.52,64.603],[180,65.067],[180,68.983],[178.848,69.387],[176.108,69.86],[173.277,69.824],[170.487,70.108],[170.161,69.627],[170.995,69.045],[169.61,68.786],[167.628,69.74],[166.884,69.5],[162.376,69.649],[161.036,69.098],[160.911,69.606],[159.833,69.785],[159.728,70.65],[158.037,71.039],[155.895,71.096],[152.509,70.834],[151.582,71.287],[149.049,71.796],[149.502,72.164],[147.262,72.328],[145.805,71.746],[146.253,72.442],[140.708,72.89],[141.079,72.587],[139.176,72.163],[139.984,71.492],[138.118,71.566],[137.844,71.227],[135.885,71.631],[133.426,71.491],[132.654,71.926],[131.157,70.742],[129.762,71.12],[127.803,72.434],[129.25,72.705],[128.889,73.19],[127.031,73.547],[126.553,73.335],[124.388,73.755],[123.305,73.533],[123.16,72.955],[119.75,72.979],[118.45,73.59],[115.338,73.703],[113.157,73.46],[110.868,73.731],[107.75,73.173],[106.189,73.308],[108.2,73.694],[109.84,74.322],[112.925,75.015],[113.726,75.451],[113.273,76.252],[111.115,76.723],[108.028,76.718],[104.202,77.102],[105.895,77.489],[104.015,77.73],[100.99,76.99],[100.844,76.525],[96.497,75.891],[92.972,76.075],[93.55,75.854],[90.185,75.591],[85.791,74.645],[87.21,73.879],[80.583,73.568],[80.827,72.488],[83.571,71.594],[83.151,71.104],[83.736,70.546],[82.682,70.218],[82.323,71.26],[82.986,71.749],[81.511,71.746],[79.422,72.381],[77.472,72.192],[78.232,71.952],[76.032,71.91],[76.312,71.595],[78.588,70.994],[75.332,71.342],[75.741,72.296],[74.787,72.812],[74.992,72.145],[73.086,71.445],[74.343,70.579],[73.56,69.707],[73.977,69.115],[76.001,69.235],[77.651,68.903],[77.995,68.259],[77.174,67.779],[77.238,68.47],[76.459,68.978],[74.58,68.751],[74.77,67.766],[73.792,66.995],[71.917,66.247],[69.194,66.579],[69.877,66.845],[70.939,66.548],[73.152,67.865],[73.548,68.575],[72.527,69.081],[72.581,71.151],[71.912,71.548],[72.812,72.691],[71.5,72.914],[69.039,72.67],[68.269,71.683],[66.918,71.282],[67.285,70.739],[66.804,69.659],[69.141,68.951],[68.371,68.314],[63.361,69.675],[61.016,69.851],[60.171,69.591],[60.934,68.987],[59.099,68.444],[59.057,69.006],[57.127,68.554],[55.418,68.568],[54.861,68.202],[53.931,68.436],[53.802,68.996],[47.875,67.584],[47.656,66.976],[45.986,66.853],[44.939,67.351],[46.69,67.849],[45.892,68.48],[43.404,68.609],[44.169,68.327],[43.782,67.254],[44.489,66.672],[44.104,66.009],[42.211,66.52],[39.817,65.598],[40.445,64.779],[39.758,64.577],[36.883,65.172],[36.528,64.847],[37.954,64.32],[37.442,63.813],[34.87,64.56],[34.406,65.396],[34.786,65.865],[31.895,67.161],[35.513,66.396],[38.398,66.064],[40.522,66.447],[41.359,67.21],[40.966,67.713],[38.43,68.356],[35.858,69.192],[32.378,69.479],[31.985,69.954],[30.87,69.783],[28.966,69.022],[28.685,68.19],[29.979,67.689],[29.087,66.971],[29.903,66.091],[29.604,64.968],[30.504,64.021],[30.004,63.747],[31.534,62.885],[29.69,61.546],[27.798,60.536],[28.513,60.677],[29.147,60],[28.013,59.484],[27.464,58.841],[27.753,57.841],[27.352,57.528],[28.148,56.143],[30.234,55.845],[30.907,55.57],[31.121,54.648],[31.754,53.81],[32.704,53.336],[31.418,53.196],[31.763,52.101],[33.735,52.345],[34.398,51.78],[34.234,51.244],[35.064,51.203],[35.412,50.54],[36.619,50.209],[37.423,50.411],[38.259,50.052],[40.031,49.597],[39.958,48.269],[39.736,47.845],[38.9,47.855],[38.287,47.559],[38.214,47.091],[39.293,47.106],[37.767,46.636],[38.492,46.091],[38.014,46.048],[37.647,45.377],[36.651,45.126],[38.717,44.288],[39.978,43.42],[40.648,43.534],[41.581,43.219],[42.419,43.224],[43.957,42.567],[44.871,42.756],[45.728,42.475],[45.639,42.205],[46.43,41.891],[47.261,41.315],[47.861,41.213],[48.573,41.844],[47.463,43.035],[47.362,43.993],[46.755,44.657],[47.529,45.53],[49.232,46.337],[48.11,47.745],[47.292,47.741],[46.661,48.412],[46.802,49.367],[47.326,50.274],[47.706,50.378],[48.434,49.829],[48.843,50.013],[48.625,50.613],[50.247,51.29],[50.794,51.729],[51.345,51.475],[52.331,51.681],[53.338,51.482],[54.65,50.66],[54.727,50.998],[55.798,50.602],[56.491,51.02],[57.442,50.889],[58.359,51.064],[58.884,50.694],[61.389,50.861],[61.363,51.442],[60.066,51.976],[60.979,52.395],[61.047,52.972],[61.974,52.944],[60.979,53.622],[61.334,54.049],[61.929,53.946],[65.477,54.623],[67.693,54.872],[68.977,55.39],[70.182,55.162],[70.738,55.305],[71.093,54.212],[72.269,54.272],[73.679,53.929],[73.372,53.454],[74.452,53.647],[76.837,54.442],[76.576,53.943],[77.704,53.379],[79.986,50.775],[80.877,51.281],[81.466,50.74],[82.494,50.728],[83.357,50.995],[84.323,50.239],[84.989,50.061],[85.292,49.599],[86.614,49.61],[87.323,49.086],[87.814,49.162],[89.008,49.473],[89.644,49.903],[92.355,50.864],[93.103,50.604],[94.251,50.556],[94.615,50.024],[96.986,49.883],[98.103,50.078],[98.279,50.533],[97.947,51.348],[98.893,52.117],[99.922,51.756],[102.112,51.353],[102.288,50.585],[103.633,50.139],[105.384,50.474],[106.711,50.313],[107.948,49.925],[108.614,49.323],[110.828,49.166],[113.056,49.616],[114.297,50.274],[115.275,49.949],[116.683,49.824],[117.873,49.513],[119.26,50.066],[119.164,50.406],[120.067,51.601],[120.75,52.097],[120.068,52.633],[120.704,53.172],[122.338,53.485],[123.608,53.547],[125.649,53.042],[126.313,52.4],[126.925,51.1],[128,49.569],[129.498,49.389],[130.553,48.861],[131.003,47.691],[132.562,47.769],[134.293,48.373],[134.752,47.715],[134.168,47.302],[133.861,46.248],[132.936,45.03],[131.852,45.327],[131.082,44.91],[131.262,43.433],[131.069,42.902],[130.527,42.535],[130.687,42.303]]],[[[50.278,80.927],[46.644,80.3],[47.632,80.112],[51.704,80.688],[50.278,80.927]]],[[[67.765,76.238],[68.9,76.573],[67.535,77.008],[62.971,76.237],[58.881,75.855],[57.088,75.384],[54.643,73.96],[54.3,73.351],[56.964,73.367],[61.356,75.315],[67.765,76.238]]],[[[55.32,73.308],[53.198,73.148],[51.813,71.491],[53.364,71.542],[54.601,70.68],[57.625,70.729],[56.043,71.346],[55.356,72.465],[56.43,73.201],[55.32,73.308]]],[[[96.527,81.076],[93.065,80.988],[91.524,80.359],[93.872,80.01],[94.565,80.126],[97.175,80.241],[96.527,81.076]]],[[[97.675,80.158],[94.987,80.097],[93.071,79.495],[94.791,79.087],[99.44,78.834],[100.061,79.777],[97.675,80.158]]],[[[102.885,79.254],[101.196,79.204],[99.287,78.038],[103.719,78.258],[105.146,78.819],[102.885,79.254]]],[[[140.049,75.829],[138.92,76.197],[137.269,75.749],[137.218,75.124],[139.099,74.657],[142.617,75.133],[144.02,75.045],[145.255,75.586],[141.485,76.137],[140.049,75.829]]],[[[146.795,75.371],[148.092,74.826],[150.646,74.945],[148.432,75.414],[146.795,75.371]]],[[[178.862,70.826],[180,70.993],[180,71.538],[178.862,70.826]]],[[[142.761,54.394],[142.526,53.447],[141.824,53.34],[141.722,51.736],[142.207,51.223],[142.142,49.569],[141.866,48.75],[142.182,48.013],[141.83,46.451],[142.077,45.917],[142.578,46.701],[143.282,46.559],[142.557,47.738],[143.105,49.199],[143.732,49.312],[144.621,48.815],[143.816,50.283],[143.156,52.084],[143.224,53.296],[142.761,54.394]]],[[[-178.876,71.577],[-180,71.538],[-180,70.993],[-177.822,71.068],[-178.876,71.577]]],[[[50.265,69.186],[49.225,69.511],[48.279,69.04],[48.667,68.733],[50.265,69.186]]],[[[62.168,80.835],[59.592,80.817],[61.051,80.419],[62.168,80.835]]],[[[54.719,81.116],[55.713,80.637],[57.694,80.792],[54.719,81.116]]],[[[142.185,73.896],[140.381,73.483],[143.491,73.246],[142.185,73.896]]],[[[169.201,69.58],[169.375,69.883],[167.789,69.837],[169.201,69.58]]],[[[163.635,58.603],[164.616,58.886],[163.761,59.015],[163.635,58.603]]],[[[155.921,50.302],[156.097,50.772],[155.243,50.095],[155.921,50.302]]],[[[146.208,44.498],[145.587,43.845],[146.568,44.44],[146.208,44.498]]],[[[60.45,69.935],[59.005,70.465],[58.953,69.893],[60.45,69.935]]],[[[20.958,55.279],[20.9,55.287],[19.975,54.921],[19.604,54.459],[22.766,54.357],[22.567,55.059],[21.236,55.264],[20.958,55.279]]],[[[33.594,46.096],[32.508,45.404],[33.555,45.098],[33.451,44.554],[33.91,44.388],[35.473,45.098],[36.393,45.065],[36.575,45.394],[35.374,45.354],[35.002,45.733],[33.594,46.096]]]]},"properties":{"id":"RUS","name":"Russia"}},
{"type":"Feature","geometry":{"type":"Polygon","coordinates":[[[18.832,49.511],[16.42,50.574],[14.809,50.859],[14.369,50.899],[12.453,50.35],[12.632,49.461],[13.815,48.767],[14.691,48.599],[14.972,48.984],[16.953,48.599],[18.832,49.511]]]},"properties":{"id":"CZE","name":"Czechia"}},
{"type":"Feature","geometry":{"type":"Polygon","coordinates":[[[9.524,47.524],[10.313,47.313],[12.209,47.718],[13.014,47.478],[12.814,48.161],[13.815,48.767],[12.632,49.461],[12.453,50.35],[14.369,50.899],[14.809,50.859],[15.017,51.253],[14.602,51.832],[14.619,52.529],[14.139,52.933],[14.259,53.73],[13.724,54.153],[12.575,54.467],[11.4,53.945],[11.013,54.379],[9.74,54.826],[8.67,54.903],[8.978,53.926],[8.493,53.514],[7.285,53.681],[7.197,53.282],[6.742,51.911],[5.949,51.762],[5.994,50.75],[6.117,50.121],[6.344,49.453],[6.735,49.161],[8.135,48.974],[7.584,48.064],[7.616,47.593],[8.618,47.766],[9.524,47.524]]]},"properties":{"id":"DEU","name":"Germany"}},
{"type":"Feature","geometry":{"type":"MultiPolygon","coordinates":[[[[27.352,57.528],[27.753,57.841],[27.464,58.841],[28.013,59.484],[25.509,59.639],[23.494,59.196],[23.768,58.361],[24.529,58.354],[24.323,57.871],[25.111,58.063],[26.533,57.531],[27.352,57.528]]],[[[22.617,58.621],[22.188,58.154],[23.293,58.483],[22.617,58.621]]]]},"properties":{"id":"EST","name":"Estonia"}},
{"type":"Feature","geometry":{"type":"Polygon","coordinates":[[[26.594,55.668],[28.148,56.143],[27.352,57.528],[26.533,57.531],[25.111,58.063],[24.323,57.871],[24.403,57.325],[23.648,56.971],[22.555,57.724],[21.729,57.571],[21.071,56.824],[21.046,56.07],[22.085,56.407],[24.121,56.264],[24.903,56.398],[26.594,55.668]]]},"properties":{"id":"LVA","name":"Latvia"}},
{"type":"Feature","geometry":{"type":"MultiPolygon","coordinates":[[[[20.622,69.037],[21.622,69.271],[22.411,68.72],[24.941,68.593],[25.748,68.99],[26.525,69.915],[27.89,70.062],[29.142,69.671],[28.966,69.022],[30.87,69.783],[29.601,69.977],[30.944,70.274],[29.102,70.861],[28.166,70.288],[28.392,70.975],[26.585,70.41],[26.507,70.913],[25.044,70.109],[25.768,70.853],[24.765,71.008],[23.379,70.247],[19.197,69.748],[17.391,68.799],[15.048,67.956],[14.962,67.574],[13.211,66.641],[13.119,66.231],[11.524,64.744],[9.615,63.795],[8.398,63.535],[8.101,63.091],[5.143,62.16],[5.325,61.108],[5.132,59.226],[5.952,59.299],[5.707,58.524],[6.555,58.123],[8.166,58.145],[10.57,59.587],[11.388,59.037],[12.486,60.107],[12.294,61.003],[12.881,61.352],[12.155,61.721],[12,63.292],[12.663,63.94],[13.961,64.014],[13.65,64.582],[14.48,65.301],[14.543,66.129],[16.404,67.055],[16.127,67.426],[18.379,68.562],[19.97,68.356],[20.622,69.037]]],[[[21.608,78.596],[20.363,78.515],[21.653,77.924],[21.05,77.441],[22.802,77.276],[24.902,77.757],[23.117,77.992],[21.608,78.596]]],[[[20.898,80.25],[19.614,80.463],[18.725,79.761],[23.948,79.194],[27.199,79.907],[24.298,80.36],[20.898,80.25]]],[[[16.787,79.907],[16.295,78.981],[14.594,79.799],[13.957,79.34],[10.866,79.797],[11.774,78.716],[13.15,78.238],[16.783,78.664],[16.777,78.35],[13.681,78.028],[14.487,77.199],[16.7,76.579],[19.769,78.623],[21.389,78.74],[19.089,79.157],[16.787,79.907]]]]},"properties":{"id":"NOR","name":"Norway"}},
{"type":"Feature","geometry":{"type":"MultiPolygon","coordinates":[[[[19.076,57.836],[18.137,57.557],[18.146,56.921],[19.076,57.836]]],[[[11.388,59.037],[11.272,58.476],[12.421,56.906],[12.886,55.411],[14.174,55.397],[14.714,56.134],[15.997,56.223],[16.528,57.068],[16.788,58.585],[18.285,59.109],[18.971,59.757],[17.956,60.59],[17.251,60.701],[17.131,61.576],[17.896,62.831],[20.763,63.868],[21.52,64.463],[21.138,64.809],[22.366,65.843],[24.155,65.805],[23.639,67.954],[20.622,69.037],[19.97,68.356],[18.379,68.562],[16.127,67.426],[16.404,67.055],[14.543,66.129],[14.48,65.301],[13.65,64.582],[13.961,64.014],[12.663,63.94],[12,63.292],[12.155,61.721],[12.881,61.352],[12.294,61.003],[12.486,60.107],[11.388,59.037]]]]},"properties":{"id":"SWE","name":"Sweden"}},
{"type":"Feature","geometry":{"type":"Polygon","coordinates":[[[24.155,65.805],[25.348,65.479],[25.288,64.86],[24.558,64.801],[22.32,63.31],[21.545,63.204],[21.104,62.623],[21.606,61.592],[21.436,60.596],[23.464,59.986],[27.798,60.536],[29.69,61.546],[31.534,62.885],[30.004,63.747],[30.504,64.021],[29.604,64.968],[29.903,66.091],[29.087,66.971],[29.979,67.689],[28.685,68.19],[28.966,69.022],[29.142,69.671],[27.89,70.062],[26.525,69.915],[25.748,68.99],[24.941,68.593],[22.411,68.72],[21.622,69.271],[20.622,69.037],[23.639,67.954],[24.155,65.805]]]},"properties":{"id":"FIN","name":"Finland"}},
{"type":"Feature","geometry":{"type":"Polygon","coordinates":[[[107.973,21.508],[106.664,21.979],[106.78,22.779],[105.843,22.923],[105.275,23.345],[104.796,22.911],[103.915,22.538],[103.301,22.764],[103.005,22.453],[102.517,22.741],[102.127,22.379],[103.104,20.892],[103.635,20.697],[104.052,20.941],[104.583,20.647],[104.928,20.018],[104.546,19.611],[104.032,19.675],[103.896,19.34],[104.717,18.803],[106.502,16.954],[106.696,16.459],[107.396,16.043],[107.166,15.802],[107.653,15.255],[107.519,14.705],[107.331,14.127],[107.605,13.438],[107.393,12.26],[106.006,11.758],[105.755,10.99],[105.022,10.887],[104.426,10.411],[105.093,9.901],[104.845,9.606],[104.77,8.598],[106.378,9.556],[106.785,10.116],[106.464,10.298],[107.262,10.398],[108.987,11.336],[109.199,11.725],[109.219,12.646],[109.445,12.6],[109.303,13.856],[108.821,15.378],[108.029,16.331],[107.18,16.898],[106.479,17.72],[106.499,17.946],[105.622,18.966],[105.984,19.939],[106.518,20.289],[106.683,21],[107.165,20.949],[107.973,21.508]]]},"properties":{"id":"VNM","name":"Vietnam"}},
{"type":"Feature","geometry":{"type":"Polygon","coordinates":[[[107.519,14.705],[106.82,14.315],[106.501,14.578],[105.979,14.343],[105.904,13.925],[105.183,14.346],[104.779,14.428],[103.199,14.333],[102.32,13.54],[102.5,12.67],[102.934,11.707],[103.153,10.914],[103.532,11.147],[103.532,10.605],[104.426,10.411],[105.022,10.887],[105.755,10.99],[106.006,11.758],[107.393,12.26],[107.605,13.438],[107.331,14.127],[107.519,14.705]]]},"properties":{"id":"KHM","name":"Cambodia"}},
{"type":"Feature","geometry":{"type":"Polygon","coordinates":[[[6.117,50.121],[5.79,49.538],[6.344,49.453],[6.117,50.121]]]},"properties":{"id":"LUX","name":"Luxembourg"}},
{"type":"Feature","geometry":{"type":"Polygon","coordinates":[[[56.298,25.651],[56.08,26.063],[55.941,25.794],[54.747,24.81],[54.397,24.278],[53.893,24.077],[52.648,24.155],[51.906,23.985],[51.568,24.286],[52.555,22.933],[55.104,22.621],[55.186,22.704],[55.796,24.868],[56.388,24.979],[56.298,25.651]]]},"properties":{"id":"ARE","name":"United Arab Emirates"}},
{"type":"Feature","geometry":{"type":"Polygon","coordinates":[[[4.226,51.386],[3.35,51.378],[2.525,51.097],[4.176,49.96],[5.79,49.538],[6.117,50.121],[5.994,50.75],[5.827,51.126],[4.226,51.386]]]},"properties":{"id":"BEL","name":"Belgium"}},
{"type":"Feature","geometry":{"type":"Polygon","coordinates":[[[43.439,41.107],[45.001,41.291],[45.281,41.45],[46.458,41.07],[46.43,41.891],[45.639,42.205],[45.728,42.475],[44.871,42.756],[43.957,42.567],[42.419,43.224],[41.581,43.219],[40.648,43.534],[39.978,43.42],[41.489,42.659],[41.763,41.97],[41.51,41.517],[42.788,41.564],[43.439,41.107]]]},"properties":{"id":"GEO","name":"Georgia"}},
{"type":"Feature","geometry":{"type":"Polygon","coordinates":[[[21.563,42.248],[20.566,41.874],[20.489,41.273],[20.964,40.85],[22.916,41.336],[23.006,41.717],[22.344,42.314],[21.563,42.248]]]},"properties":{"id":"MKD","name":"North Macedonia"}},
{"type":"Feature","geometry":{"type":"Polygon","coordinates":[[[19.342,41.869],[19.578,41.787],[19.345,40.622],[20.001,39.709],[20.382,39.803],[20.964,40.85],[20.489,41.273],[20.566,41.874],[20.064,42.547],[19.654,42.629],[19.342,41.869]]]},"properties":{"id":"ALB","name":"Albania"}},
{"type":"Feature","geometry":{"type":"MultiPolygon","coordinates":[[[[44.817,39.65],[45.48,39.006],[46.114,38.878],[45.75,39.563],[44.768,39.704],[44.817,39.65]]],[[[48.869,38.435],[49.551,40.194],[50.366,40.279],[49.226,41.026],[48.573,41.844],[47.861,41.213],[47.261,41.315],[46.43,41.891],[46.458,41.07],[45.281,41.45],[45.001,41.291],[45.965,40.234],[45.58,39.978],[46.202,39.594],[46.491,38.907],[47.773,39.649],[48.322,39.399],[48.023,38.819],[48.869,38.435]]]]},"properties":{"id":"AZE","name":"Azerbaijan"}},
{"type":"Feature","geometry":{"type":"Polygon","coordinates":[[[20.344,42.828],[20.064,42.547],[20.566,41.874],[21.563,42.248],[21.753,42.67],[20.763,43.259],[20.344,42.828]]]},"properties":{"id":"KOS","name":"Kosovo"}},
{"type":"Feature","geometry":{"type":"MultiPolygon","coordinates":[[[[41.51,41.517],[40.265,40.961],[39.426,41.106],[38.381,40.925],[36.51,41.262],[36.052,41.683],[34.75,41.957],[33.381,42.018],[32.306,41.73],[31.255,41.108],[29.148,41.221],[29.845,40.738],[29.055,40.424],[27.476,40.32],[26.738,40.4],[26.181,39.99],[26.113,39.467],[26.682,39.292],[27.099,38.416],[26.291,38.277],[27.232,37.979],[27.078,37.688],[27.535,37.164],[29.038,36.693],[29.689,36.157],[30.484,36.31],[30.644,36.866],[31.353,36.801],[32.795,36.036],[33.695,36.182],[34.601,36.784],[35.537,36.597],[36.049,36.911],[35.893,35.917],[36.637,36.234],[36.659,36.803],[37.436,36.643],[38.192,36.902],[39.357,36.682],[40.706,37.098],[42.359,37.109],[42.775,37.372],[44.282,36.978],[44.765,37.142],[44.211,37.908],[44.431,38.357],[44.023,39.377],[44.817,39.65],[44.768,39.704],[43.71,40.167],[43.439,41.107],[42.788,41.564],[41.51,41.517]]],[[[28.014,41.969],[27.295,42.08],[26.321,41.717],[26.625,41.402],[26.039,40.727],[26.792,40.627],[27.499,40.973],[28.78,40.974],[29.057,41.23],[28.346,41.466],[28.014,41.969]]]]},"properties":{"id":"TUR","name":"Turkey"}},
{"type":"Feature","geometry":{"type":"MultiPolygon","coordinates":[[[[3.145,39.79],[2.371,39.613],[3.073,39.301],[3.145,39.79]]],[[[-1.794,43.407],[-4.523,43.416],[-5.666,43.582],[-7.262,43.595],[-7.698,43.765],[-8.874,43.334],[-9.235,42.977],[-8.691,42.274],[-8.777,41.941],[-7.404,41.834],[-6.618,41.942],[-6.212,41.532],[-6.928,41.009],[-6.81,40.343],[-7.037,39.714],[-7.536,39.662],[-6.998,39.056],[-7.343,38.457],[-7.106,38.181],[-7.504,37.585],[-7.406,37.179],[-6.492,36.955],[-6.041,36.188],[-5.625,36.026],[-4.367,36.718],[-2.188,36.745],[-1.328,37.561],[-0.822,37.581],[-0.647,38.152],[0.202,38.759],[-0.327,39.52],[1.033,41.062],[2.083,41.287],[3.248,41.944],[3.211,42.431],[1.706,42.503],[1.486,42.434],[1.428,42.596],[-1.48,43.071],[-1.794,43.407]]],[[[-16.334,28.38],[-16.905,28.34],[-16.658,28.007],[-16.334,28.38]]]]},"properties":{"id":"ESP","name":"Spain"}},
{"type":"Feature","geometry":{"type":"Polygon","coordinates":[[[102.127,22.379],[101.671,22.462],[101.705,21.15],[101.139,21.567],[100.757,21.313],[100.122,20.317],[100.543,20.089],[100.625,19.5],[101.212,19.548],[101.286,18.977],[100.908,17.584],[101.105,17.48],[102.101,18.211],[102.718,17.892],[103.252,18.373],[103.95,18.319],[104.816,17.3],[104.751,16.648],[105.622,15.7],[105.476,14.53],[105.183,14.346],[105.904,13.925],[105.979,14.343],[106.501,14.578],[106.82,14.315],[107.519,14.705],[107.653,15.255],[107.166,15.802],[107.396,16.043],[106.696,16.459],[106.502,16.954],[104.717,18.803],[103.896,19.34],[104.032,19.675],[104.546,19.611],[104.928,20.018],[104.583,20.647],[104.052,20.941],[103.635,20.697],[103.104,20.892],[102.127,22.379]]]},"properties":{"id":"LAO","name":"Laos"}},
{"type":"Feature","geometry":{"type":"Polygon","coordinates":[[[70.958,40.239],[69.307,39.969],[69.298,39.525],[71.47,39.604],[71.806,39.276],[73.632,39.449],[73.992,40.043],[75.583,40.605],[75.677,40.306],[76.48,40.45],[76.824,40.982],[78.123,41.076],[78.362,41.372],[80.216,42.032],[80.209,42.19],[79.127,42.776],[78.524,42.865],[75.048,42.904],[74.209,43.24],[73.556,43.003],[73.493,42.409],[71.817,42.822],[71.257,42.734],[70.947,42.249],[70.181,41.571],[71.408,41.136],[71.879,41.195],[73.113,40.786],[71.692,40.152],[70.958,40.239]]]},"properties":{"id":"KGZ","name":"Kyrgyzstan"}},
{"type":"Feature","geometry":{"type":"Polygon","coordinates":[[[44.768,39.704],[45.75,39.563],[46.114,38.878],[46.491,38.907],[46.202,39.594],[45.58,39.978],[45.965,40.234],[45.001,41.291],[43.439,41.107],[43.71,40.167],[44.768,39.704]]]},"properties":{"id":"ARM","name":"Armenia"}},
{"type":"Feature","geometry":{"type":"MultiPolygon","coordinates":[[[[12.569,55.785],[12.579,56.064],[10.979,55.722],[11.862,54.773],[12.569,55.785]]],[[[9.74,54.826],[9.591,55.493],[10.846,56.522],[10.283,56.621],[10.533,57.735],[9.554,57.232],[8.619,57.111],[8.164,56.607],[8.132,55.6],[8.67,54.903],[9.74,54.826]]],[[[10.645,55.61],[9.861,55.515],[10.785,55.133],[10.645,55.61]]]]},"properties":{"id":"DNK","name":"Denmark"}},
{"type":"Feature","geometry":{"type":"Polygon","coordinates":[[[9.519,30.229],[9.31,30.115],[9.843,28.967],[9.916,27.786],[9.748,27.331],[9.859,26.552],[9.448,26.067],[10.001,25.332],[10.256,24.591],[11.537,24.291],[11.968,23.518],[13.481,23.18],[14.231,22.618],[14.979,22.996],[15.984,23.445],[18.231,22.336],[21.585,20.679],[23.98,19.497],[23.98,19.996],[24.979,20.003],[24.98,21.996],[24.98,24.017],[24.98,26.487],[24.98,29.182],[24.726,30.251],[24.974,30.777],[24.853,31.335],[25.15,31.655],[24.684,32.016],[23.286,32.214],[23.091,32.619],[21.636,32.937],[20.621,32.58],[19.926,31.818],[20.151,31.079],[19.713,30.488],[18.936,30.29],[18.19,30.777],[16.782,31.215],[16.123,31.264],[15.496,31.657],[15.177,32.391],[13.283,32.915],[12.28,32.859],[11.505,33.182],[11.505,32.414],[10.115,31.464],[10.216,30.783],[9.519,30.229]]]},"properties":{"id":"LBY","name":"Libya"}},
{"type":"Feature","geometry":{"type":"Polygon","coordinates":[[[11.505,33.182],[11.085,33.563],[10.159,33.85],[10.065,34.212],[11.12,35.24],[10.526,36.323],[11.127,36.874],[10.412,36.732],[10.196,37.206],[9.688,37.34],[8.577,36.937],[8.209,36.495],[8.394,35.204],[8.246,34.734],[7.514,34.081],[7.731,33.269],[8.333,32.544],[9.044,32.072],[9.519,30.229],[10.216,30.783],[10.115,31.464],[11.505,32.414],[11.505,33.182]]]},"properties":{"id":"TUN","name":"Tunisia"}},
{"type":"Feature","geometry":{"type":"Polygon","coordinates":[[[28.213,45.45],[28.072,46.978],[26.619,48.26],[24.893,47.718],[23.203,48.085],[22.877,47.947],[22.291,47.728],[21.04,46.242],[20.242,46.109],[20.774,45.484],[21.492,45.122],[21.358,44.862],[22.093,44.542],[22.498,44.706],[22.705,44.238],[23.225,43.874],[25.497,43.671],[27.087,44.167],[28.585,43.742],[29.048,44.758],[29.706,45.26],[28.213,45.45]]]},"properties":{"id":"ROU","name":"Romania"}},
{"type":"Feature","geometry":{"type":"Polygon","coordinates":[[[22.132,48.405],[20.49,48.527],[19.899,48.131],[18.914,48.051],[18.724,47.787],[17.762,47.77],[17.147,48.006],[16.551,47.747],[16.453,47.007],[16.093,46.863],[16.516,46.5],[17.807,45.79],[18.905,45.932],[20.242,46.109],[21.04,46.242],[22.291,47.728],[22.877,47.947],[22.132,48.405]]]},"properties":{"id":"HUN","name":"Hungary"}},
{"type":"Feature","geometry":{"type":"Polygon","coordinates":[[[22.539,49.073],[21.64,49.412],[19.757,49.204],[19.442,49.598],[18.832,49.511],[16.953,48.599],[17.147,48.006],[17.762,47.77],[18.724,47.787],[18.914,48.051],[19.899,48.131],[20.49,48.527],[22.132,48.405],[22.539,49.073]]]},"properties":{"id":"SVK","name":"Slovakia"}},
{"type":"Feature","geometry":{"type":"Polygon","coordinates":[[[23.605,51.518],[23.197,52.257],[23.845,52.664],[23.485,53.94],[22.766,54.357],[19.604,54.459],[18.67,54.431],[18.323,54.838],[16.56,54.554],[16.186,54.29],[14.211,53.95],[14.214,53.871],[14.259,53.73],[14.139,52.933],[14.619,52.529],[14.602,51.832],[15.017,51.253],[14.809,50.859],[16.42,50.574],[18.832,49.511],[19.442,49.598],[19.757,49.204],[21.64,49.412],[22.539,49.073],[22.649,49.539],[24.106,50.845],[23.605,51.518]]]},"properties":{"id":"POL","name":"Poland"}},
{"type":"Feature","geometry":{"type":"Polygon","coordinates":[[[-7.219,55.092],[-8.275,55.146],[-8.764,54.681],[-8.546,54.241],[-10.056,54.258],[-10.117,53.549],[-9.299,53.098],[-10.379,51.869],[-9.599,51.874],[-9.835,51.483],[-8.813,51.585],[-7.527,52.099],[-6.325,52.247],[-6.027,52.927],[-6.218,54.089],[-7.05,54.408],[-7.355,54.121],[-8.118,54.414],[-7.219,55.092]]]},"properties":{"id":"IRL","name":"Ireland"}},
{"type":"Feature","geometry":{"type":"MultiPolygon","coordinates":[[[[23.415,38.959],[23.252,38.801],[24.276,38.22],[24.099,38.671],[23.415,38.959]]],[[[23.852,35.535],[23.548,35.416],[24.8,34.934],[26.244,35.045],[25.476,35.306],[23.852,35.535]]],[[[26.321,41.717],[26.155,41.435],[25.251,41.244],[24.518,41.553],[22.916,41.336],[20.964,40.85],[20.382,39.803],[20.001,39.709],[20.78,39.009],[21.113,38.385],[22.422,38.439],[23.149,38.176],[22.92,37.958],[21.825,38.328],[21.138,37.854],[21.571,37.541],[21.892,36.737],[22.995,37.016],[22.725,37.542],[23.489,37.44],[23.036,37.878],[23.58,38.011],[24.055,37.71],[23.967,38.275],[22.597,38.891],[23.288,39.289],[22.592,40.037],[22.629,40.496],[23.312,40.216],[23.763,40.748],[25.104,40.995],[26.039,40.727],[26.625,41.402],[26.321,41.717]]]]},"properties":{"id":"GRC","name":"Greece"}},
{"type":"Feature","geometry":{"type":"Polygon","coordinates":[[[30.396,-15.643],[30.232,-14.99],[33.202,-14.013],[32.672,-13.61],[33.022,-12.63],[33.398,-12.49],[33.261,-10.893],[33.659,-10.591],[33.196,-9.626],[32.92,-9.407],[31.943,-9.054],[30.751,-8.194],[28.898,-8.485],[28.401,-9.225],[28.63,-9.831],[28.639,-10.669],[28.357,-11.483],[29.064,-12.349],[29.795,-12.155],[29.795,-13.393],[29.014,-13.369],[28.358,-12.482],[27.533,-12.195],[27.196,-11.605],[26.95,-11.899],[26.026,-11.89],[25.349,-11.623],[25.319,-11.237],[24.335,-11.371],[23.967,-10.872],[23.963,-12.988],[21.979,-13.001],[21.98,-15.956],[22.151,-16.597],[23.381,-17.641],[24.275,-17.481],[25.259,-17.794],[26.78,-18.042],[27.021,-17.958],[27.932,-16.896],[28.761,-16.532],[28.913,-15.988],[29.73,-15.645],[30.396,-15.643]]]},"properties":{"id":"ZMB","name":"Zambia"}},
{"type":"Feature","geometry":{"type":"Polygon","coordinates":[[[-10.283,8.485],[-11.206,9.978],[-12.501,9.862],[-12.756,9.374],[-13.293,9.049],[-13.149,8.215],[-12.51,7.666],[-12.486,7.386],[-11.508,6.907],[-10.647,7.759],[-10.283,8.485]]]},"properties":{"id":"SLE","name":"Sierra Leone"}},
{"type":"Feature","geometry":{"type":"Polygon","coordinates":[[[-10.283,8.485],[-9.518,8.346],[-9.464,7.416],[-8.89,7.263],[-8.486,7.558],[-8.017,8.145],[-8.237,8.456],[-7.681,8.41],[-7.778,9.081],[-8.137,9.496],[-7.991,10.162],[-8.407,11.386],[-8.822,11.673],[-9.043,12.402],[-9.821,12.042],[-10.275,12.213],[-10.677,11.899],[-11.389,12.404],[-12.291,12.328],[-13.729,12.674],[-13.949,12.178],[-13.733,11.736],[-14.683,11.508],[-15.043,10.94],[-14.776,10.932],[-14.427,10.248],[-13.69,9.928],[-13.293,9.049],[-12.756,9.374],[-12.501,9.862],[-11.206,9.978],[-10.283,8.485]]]},"properties":{"id":"GIN","name":"Guinea"}},
{"type":"Feature","geometry":{"type":"Polygon","coordinates":[[[-11.508,6.907],[-10.276,6.078],[-9.132,5.055],[-7.545,4.351],[-7.454,5.841],[-7.889,6.235],[-8.604,6.508],[-8.297,7.074],[-8.486,7.558],[-8.89,7.263],[-9.464,7.416],[-9.518,8.346],[-10.283,8.485],[-10.647,7.759],[-11.508,6.907]]]},"properties":{"id":"LBR","name":"Liberia"}},
{"type":"Feature","geometry":{"type":"Polygon","coordinates":[[[24.147,8.666],[23.537,8.816],[23.646,9.823],[22.86,10.92],[22.494,10.996],[21.707,10.575],[21.726,10.367],[20.342,9.127],[19.146,9.016],[19.109,8.656],[18.592,8.061],[17.649,7.984],[16.785,7.551],[16.545,7.865],[15.845,7.475],[15.48,7.524],[14.739,6.28],[14.563,5.28],[15.129,3.827],[16.063,2.909],[16.183,2.27],[16.673,3.535],[17.438,3.685],[18.61,3.478],[18.567,4.258],[19.501,5.127],[20.226,4.83],[20.558,4.463],[22.422,4.135],[22.756,4.647],[23.417,4.663],[24.32,4.994],[25.249,5.025],[25.525,5.312],[26.822,5.062],[27.403,5.109],[27.083,5.777],[26.514,6.069],[26.362,6.635],[25.19,7.519],[24.853,8.138],[24.291,8.291],[24.147,8.666]]]},"properties":{"id":"CAF","name":"Central African Republic"}},
{"type":"Feature","geometry":{"type":"Polygon","coordinates":[[[34.078,9.462],[34.276,10.528],[34.931,10.865],[35.112,11.817],[35.596,12.537],[36.108,12.726],[36.524,14.257],[36.427,15.132],[36.914,16.296],[37.009,17.059],[37.411,17.062],[38.254,17.585],[38.609,18.005],[37.471,18.82],[37.248,19.582],[37.212,21.186],[36.871,21.997],[33.918,21.996],[31.434,21.996],[28.036,21.995],[24.98,21.996],[24.979,20.003],[23.98,19.996],[23.98,19.497],[23.983,15.78],[23.105,15.703],[22.51,14.127],[22.108,13.73],[22.228,13.33],[21.825,12.791],[22.352,12.66],[22.556,11.67],[22.923,11.345],[22.86,10.92],[23.646,9.823],[23.537,8.816],[24.147,8.666],[24.532,8.887],[25.067,10.294],[25.798,10.421],[26.551,9.526],[27.886,9.6],[28.049,9.329],[28.845,9.326],[30.003,10.277],[30.739,9.743],[31.225,9.799],[32.404,11.058],[32.072,12.007],[33.199,12.217],[33.172,10.85],[33.892,10.199],[34.078,9.462]]]},"properties":{"id":"SDN","name":"Sudan"}},
{"type":"Feature","geometry":{"type":"Polygon","coordinates":[[[42.923,10.999],[43.246,11.5],[42.54,11.504],[43.41,12.19],[43.117,12.709],[42.379,12.466],[41.767,11.589],[41.798,10.98],[42.923,10.999]]]},"properties":{"id":"DJI","name":"Djibouti"}},
{"type":"Feature","geometry":{"type":"Polygon","coordinates":[[[36.524,14.257],[37.257,14.454],[37.571,14.149],[37.884,14.852],[38.504,14.424],[39.074,14.628],[40.221,14.431],[40.77,14.144],[42.379,12.466],[43.117,12.709],[42.399,13.213],[41.176,14.62],[39.786,15.125],[39.299,15.921],[39.143,16.729],[38.609,18.005],[38.254,17.585],[37.411,17.062],[37.009,17.059],[36.914,16.296],[36.427,15.132],[36.524,14.257]]]},"properties":{"id":"ERI","name":"Eritrea"}},
{"type":"Feature","geometry":{"type":"Polygon","coordinates":[[[9.528,47.271],[9.58,47.057],[10.453,46.865],[12.169,47.082],[12.388,46.703],[13.7,46.52],[14.504,46.417],[15.958,46.678],[16.093,46.863],[16.453,47.007],[16.551,47.747],[17.147,48.006],[16.953,48.599],[14.972,48.984],[14.691,48.599],[13.815,48.767],[12.814,48.161],[13.014,47.478],[12.209,47.718],[10.313,47.313],[9.524,47.524],[9.528,47.271]]]},"properties":{"id":"AUT","name":"Austria"}},
{"type":"Feature","geometry":{"type":"Polygon","coordinates":[[[42.359,37.109],[41.417,36.515],[41.195,34.769],[40.689,34.332],[38.774,33.372],[39.145,32.125],[40.369,31.939],[42.074,31.08],[44.691,29.202],[46.531,29.096],[47.114,29.961],[47.979,29.983],[48.546,29.962],[47.679,31.002],[47.83,31.794],[47.371,32.424],[46.377,32.929],[45.397,33.971],[45.678,34.798],[46.134,35.128],[46.167,35.821],[45.362,36.015],[44.765,37.142],[44.282,36.978],[42.775,37.372],[42.359,37.109]]]},"properties":{"id":"IRQ","name":"Iraq"}},
{"type":"Feature","geometry":{"type":"MultiPolygon","coordinates":[[[[7.021,45.926],[7.153,45.401],[6.628,45.118],[6.967,44.28],[7.637,44.165],[7.493,43.767],[8.766,44.422],[10.048,44.02],[10.708,42.936],[12.631,41.47],[13.733,41.236],[14.102,40.827],[14.766,40.668],[14.951,40.239],[15.693,39.99],[16.197,38.759],[15.725,37.939],[16.057,37.942],[16.559,38.715],[17.175,38.998],[16.53,39.86],[16.928,40.458],[18.486,40.105],[17.955,40.655],[16.013,41.435],[15.964,41.939],[15.169,41.934],[14.01,42.69],[13.564,43.571],[12.396,44.224],[12.523,44.968],[12.274,45.446],[13.628,45.771],[13.72,45.588],[13.7,46.52],[12.388,46.703],[12.169,47.082],[10.453,46.865],[10.431,46.55],[9.251,46.287],[8.954,45.83],[8.371,46.445],[7.788,45.922],[7.021,45.926]],[[12.439,41.898],[12.431,41.898],[12.431,41.905],[12.439,41.898]],[[12.485,43.901],[12.397,43.935],[12.504,43.99],[12.485,43.901]]],[[[15.577,38.22],[13.682,38.001],[12.734,38.183],[12.436,37.82],[14.502,36.799],[15.113,36.688],[15.1,37.459],[15.577,38.22]]],[[[9.632,40.882],[9.228,41.257],[8.224,40.913],[8.548,39.839],[8.418,39.206],[8.881,38.913],[9.617,39.354],[9.805,40.5],[9.632,40.882]]]]},"properties":{"id":"ITA","name":"Italy"}},
{"type":"Feature","geometry":{"type":"Polygon","coordinates":[[[9.524,47.524],[8.618,47.766],[7.616,47.593],[7.001,47.323],[6.06,46.428],[6.758,46.416],[7.021,45.926],[7.788,45.922],[8.371,46.445],[8.954,45.83],[9.251,46.287],[10.431,46.55],[10.453,46.865],[9.58,47.057],[9.488,47.062],[9.528,47.271],[9.524,47.524]]]},"properties":{"id":"CHE","name":"Switzerland"}},
{"type":"Feature","geometry":{"type":"Polygon","coordinates":[[[53.914,37.344],[53.97,36.818],[53.374,36.869],[52.19,36.622],[51.119,36.743],[50.13,37.407],[49.081,37.668],[48.869,38.435],[48.023,38.819],[48.322,39.399],[47.773,39.649],[46.491,38.907],[46.114,38.878],[45.48,39.006],[44.817,39.65],[44.023,39.377],[44.431,38.357],[44.211,37.908],[44.765,37.142],[45.362,36.015],[46.167,35.821],[46.134,35.128],[45.678,34.798],[45.397,33.971],[46.377,32.929],[47.371,32.424],[47.83,31.794],[47.679,31.002],[48.546,29.962],[49.054,30.307],[49.555,30.029],[50.072,30.199],[50.876,29.063],[51.279,28.131],[52.476,27.617],[53.706,26.726],[54.896,26.557],[56.356,27.2],[56.982,26.905],[57.335,25.792],[59.046,25.417],[61.588,25.202],[61.87,26.242],[63.168,26.666],[63.305,27.125],[62.753,27.266],[62.763,28.202],[61.89,28.547],[60.843,29.859],[61.784,30.832],[61.66,31.382],[60.821,31.495],[60.829,32.249],[60.561,33.138],[60.917,33.505],[60.486,34.095],[60.889,34.319],[61.262,35.62],[61.12,36.643],[60.341,36.638],[59.302,37.511],[58.436,37.639],[56.441,38.249],[55.076,37.902],[54.745,37.502],[53.914,37.344]]]},"properties":{"id":"IRN","name":"Iran"}},
{"type":"Feature","geometry":{"type":"Polygon","coordinates":[[[9.58,47.057],[9.528,47.271],[9.488,47.062],[9.58,47.057]]]},"properties":{"id":"LIE","name":"Liechtenstein"}},
{"type":"Feature","geometry":{"type":"Polygon","coordinates":[[[-7.991,10.162],[-8.137,9.496],[-7.778,9.081],[-7.681,8.41],[-8.237,8.456],[-8.017,8.145],[-8.486,7.558],[-8.297,7.074],[-8.604,6.508],[-7.889,6.235],[-7.454,5.841],[-7.545,4.351],[-5.914,5.011],[-5.024,5.204],[-3.019,5.131],[-2.816,5.153],[-3.236,6.807],[-2.79,7.932],[-2.506,8.209],[-2.696,9.481],[-3.224,9.895],[-3.878,9.895],[-4.332,9.646],[-5.524,10.426],[-6.035,10.195],[-6.261,10.724],[-6.654,10.656],[-6.968,10.176],[-7.661,10.427],[-7.991,10.162]]]},"properties":{"id":"CIV","name":"Ivory Coast"}},
{"type":"Feature","geometry":{"type":"Polygon","coordinates":[[[22.705,44.238],[22.498,44.706],[22.093,44.542],[21.358,44.862],[21.492,45.122],[20.774,45.484],[20.242,46.109],[18.905,45.932],[19.007,44.869],[19.584,44.043],[19.194,43.533],[20.344,42.828],[20.763,43.259],[21.753,42.67],[21.563,42.248],[22.344,42.314],[22.467,42.842],[22.977,43.188],[22.555,43.454],[22.705,44.238]]]},"properties":{"id":"SRB","name":"Serbia"}},
{"type":"Feature","geometry":{"type":"Polygon","coordinates":[[[-11.389,12.404],[-10.677,11.899],[-10.275,12.213],[-9.821,12.042],[-9.043,12.402],[-8.822,11.673],[-8.407,11.386],[-7.991,10.162],[-7.661,10.427],[-6.968,10.176],[-6.654,10.656],[-6.261,10.724],[-6.035,10.195],[-5.524,10.426],[-5.288,11.828],[-4.429,12.338],[-4.329,13.119],[-4.051,13.382],[-3.302,13.281],[-3.198,13.673],[-2.457,14.274],[-0.76,15.048],[0.217,14.911],[0.96,14.987],[1.3,15.272],[3.504,15.356],[3.877,15.755],[4.235,16.996],[4.228,19.143],[3.401,18.988],[3.106,19.15],[3.204,19.79],[1.685,20.378],[1.146,21.102],[-1.293,22.697],[-4.823,24.996],[-6.594,24.995],[-6.368,23.026],[-6.083,20.54],[-5.629,16.569],[-5.36,16.283],[-5.512,15.496],[-9.177,15.496],[-10.697,15.423],[-10.948,15.151],[-11.455,15.625],[-11.873,14.995],[-12.281,14.809],[-12.019,14.206],[-12.054,13.633],[-11.39,12.942],[-11.389,12.404]]]},"properties":{"id":"MLI","name":"Mali"}},
{"type":"Feature","geometry":{"type":"Polygon","coordinates":[[[-12.281,14.809],[-12.858,15.243],[-13.556,16.144],[-14.3,16.58],[-14.991,16.677],[-16.239,16.531],[-16.535,15.838],[-17.168,14.641],[-16.562,13.587],[-15.51,13.586],[-15.108,13.812],[-13.848,13.335],[-14.247,13.236],[-15.151,13.556],[-15.834,13.156],[-16.763,13.064],[-16.712,12.355],[-15.575,12.49],[-15.196,12.68],[-13.729,12.674],[-12.291,12.328],[-11.389,12.404],[-11.39,12.942],[-12.054,13.633],[-12.019,14.206],[-12.281,14.809]]]},"properties":{"id":"SEN","name":"Senegal"}},
{"type":"Feature","geometry":{"type":"Polygon","coordinates":[[[13.606,13.705],[12.463,13.094],[11.412,13.354],[10.185,13.27],[9.616,12.811],[8.751,12.908],[7.789,13.338],[7.057,13],[6.386,13.604],[5.492,13.873],[4.148,13.458],[3.647,12.53],[3.595,11.696],[3.488,11.395],[3.834,10.607],[3.045,9.084],[2.775,9.049],[2.686,7.874],[2.706,6.369],[4.126,6.411],[4.861,6.026],[5.386,5.402],[5.588,4.647],[6.077,4.291],[7.284,4.548],[8.293,4.558],[8.556,4.755],[9.06,6.009],[10.144,6.996],[10.606,7.063],[11.153,6.438],[11.861,7.116],[12.404,8.596],[12.807,8.887],[12.929,9.426],[13.892,11.14],[14.56,11.492],[14.627,12.109],[14.197,12.384],[14.064,13.079],[13.606,13.705]]]},"properties":{"id":"NGA","name":"Nigeria"}},
{"type":"Feature","geometry":{"type":"Polygon","coordinates":[[[1.623,6.217],[2.706,6.369],[2.686,7.874],[2.775,9.049],[3.045,9.084],[3.834,10.607],[3.488,11.395],[3.595,11.696],[2.878,12.368],[2.366,12.222],[2.389,11.897],[1.98,11.418],[1.427,11.447],[0.9,10.993],[0.78,10.36],[1.33,9.997],[1.6,9.05],[1.623,6.217]]]},"properties":{"id":"BEN","name":"Benin"}},
{"type":"Feature","geometry":{"type":"MultiPolygon","coordinates":[[[[13.073,-4.635],[12.385,-4.619],[12.018,-5.004],[12.214,-5.759],[12.504,-5.696],[12.451,-5.071],[13.073,-4.635]]],[[[23.967,-10.872],[23.834,-11.014],[22.561,-11.056],[22.279,-11.194],[22.275,-10.259],[21.857,-9.594],[21.896,-8.341],[21.751,-7.305],[20.608,-7.278],[20.599,-6.935],[19.528,-7.144],[19.341,-7.967],[17.536,-8.076],[16.985,-7.257],[16.718,-6.241],[16.315,-5.866],[13.068,-5.865],[12.303,-6.093],[13.379,-8.37],[12.999,-9.048],[13.847,-11.054],[13.785,-11.813],[13.417,-12.52],[12.983,-12.776],[12.55,-13.438],[11.968,-15.634],[11.751,-15.832],[11.743,-17.249],[12.548,-17.213],[13.101,-16.968],[13.938,-17.389],[16.531,-17.391],[18.396,-17.399],[19.076,-17.818],[21.417,-18.001],[23.381,-17.641],[22.151,-16.597],[21.98,-15.956],[21.979,-13.001],[23.963,-12.988],[23.967,-10.872]]]]},"properties":{"id":"AGO","name":"Angola"}},
{"type":"Feature","geometry":{"type":"MultiPolygon","coordinates":[[[[13.578,45.517],[13.966,44.836],[14.313,45.338],[14.855,45.081],[15.123,44.257],[15.986,43.52],[16.903,43.392],[17.585,42.938],[15.737,44.766],[15.788,45.179],[18.663,45.077],[19.007,44.869],[18.905,45.932],[17.807,45.79],[16.516,46.5],[15.636,46.201],[15.339,45.467],[13.578,45.517]]],[[[18.436,42.56],[17.668,42.897],[18.517,42.433],[18.436,42.56]]]]},"properties":{"id":"HRV","name":"Croatia"}},
{"type":"Feature","geometry":{"type":"Polygon","coordinates":[[[16.516,46.5],[16.093,46.863],[15.958,46.678],[14.504,46.417],[13.7,46.52],[13.72,45.588],[13.578,45.517],[15.339,45.467],[15.636,46.201],[16.516,46.5]]]},"properties":{"id":"SVN","name":"Slovenia"}},
{"type":"Feature","geometry":{"type":"Polygon","coordinates":[[[51.268,24.607],[51.602,25.148],[51.543,25.902],[51.262,26.153],[50.763,25.445],[50.804,24.789],[51.268,24.607]]]},"properties":{"id":"QAT","name":"Qatar"}},
{"type":"Feature","geometry":{"type":"Polygon","coordinates":[[[51.978,18.996],[54.977,19.996],[55.641,22.002],[55.186,22.704],[55.104,22.621],[52.555,22.933],[51.568,24.286],[51.268,24.607],[50.804,24.789],[50.032,26.111],[49.986,26.829],[48.797,27.724],[48.442,28.543],[47.671,28.533],[47.433,28.99],[46.531,29.096],[44.691,29.202],[42.074,31.08],[40.369,31.939],[39.145,32.125],[36.959,31.492],[37.98,30.5],[37.469,29.995],[36.755,29.866],[36.015,29.19],[34.951,29.354],[34.616,28.148],[35.18,28.035],[37.149,25.291],[37.543,24.292],[38.289,23.911],[39.007,22.77],[39.094,21.31],[39.614,20.518],[40.759,19.755],[41.229,18.678],[41.75,17.886],[42.294,17.435],[42.799,16.372],[43.165,16.689],[43.191,17.359],[45.148,17.427],[46.682,17.269],[46.976,16.953],[47.442,17.112],[48.172,18.157],[49.042,18.582],[51.978,18.996]]]},"properties":{"id":"SAU","name":"Saudi Arabia"}},
{"type":"Feature","geometry":{"type":"Polygon","coordinates":[[[25.259,-17.794],[24.359,-17.978],[23.581,-18.453],[23.299,-18.027],[20.974,-18.319],[20.971,-22],[19.977,-22],[19.98,-24.777],[20.345,-25.03],[20.793,-25.916],[20.74,-26.849],[21.646,-26.854],[22.64,-26.071],[22.879,-25.458],[23.266,-25.267],[24.748,-25.817],[25.584,-25.606],[25.912,-24.747],[26.835,-24.241],[26.987,-23.705],[28.21,-22.694],[29.365,-22.194],[29.037,-21.811],[28.046,-21.573],[27.669,-21.064],[27.7,-20.531],[26.168,-19.538],[25.259,-17.794]]]},"properties":{"id":"BWA","name":"Botswana"}},
{"type":"Feature","geometry":{"type":"Polygon","coordinates":[[[31.288,-22.402],[32.371,-21.335],[32.478,-20.713],[33.007,-19.874],[32.717,-19.002],[32.993,-18.36],[32.948,-16.712],[31.94,-16.429],[31.236,-16.024],[30.438,-15.995],[30.396,-15.643],[29.73,-15.645],[28.913,-15.988],[28.761,-16.532],[27.932,-16.896],[27.021,-17.958],[26.78,-18.042],[25.259,-17.794],[26.168,-19.538],[27.7,-20.531],[27.669,-21.064],[28.046,-21.573],[29.037,-21.811],[29.365,-22.194],[31.288,-22.402]]]},"properties":{"id":"ZWE","name":"Zimbabwe"}},
{"type":"Feature","geometry":{"type":"Polygon","coordinates":[[[76.767,35.662],[76.148,35.829],[75.84,36.65],[74.541,37.022],[72.623,36.83],[71.621,36.436],[71.185,36.042],[71.621,35.183],[70.966,34.53],[71.052,34.05],[69.868,33.898],[70.284,33.369],[69.502,33.02],[69.279,31.937],[68.869,31.634],[68.161,31.803],[66.924,31.306],[66.397,30.912],[66.177,29.836],[64.099,29.392],[62.477,29.408],[60.843,29.859],[61.89,28.547],[62.763,28.202],[62.753,27.266],[63.305,27.125],[63.168,26.666],[61.87,26.242],[61.588,25.202],[64.659,25.184],[66.429,25.575],[66.703,24.861],[67.171,24.756],[67.668,23.811],[68.165,23.857],[68.728,24.266],[69.716,24.173],[71.044,24.4],[70.648,25.667],[70.1,25.91],[70.157,26.471],[69.47,26.804],[69.568,27.175],[70.404,28.025],[70.737,27.729],[71.87,27.963],[72.342,28.752],[72.903,29.029],[73.382,29.934],[74.633,31.035],[74.51,31.713],[75.333,32.279],[74.658,32.519],[73.994,33.242],[74.15,33.507],[73.81,34.325],[74.3,34.765],[75.709,34.503],[76.594,34.736],[77.049,35.11],[76.767,35.662]]]},"properties":{"id":"PAK","name":"Pakistan"}},
{"type":"Feature","geometry":{"type":"Polygon","coordinates":[[[28.014,41.969],[27.485,42.468],[28.585,43.742],[27.087,44.167],[25.497,43.671],[23.225,43.874],[22.705,44.238],[22.555,43.454],[22.977,43.188],[22.467,42.842],[22.344,42.314],[23.006,41.717],[22.916,41.336],[24.518,41.553],[25.251,41.244],[26.155,41.435],[26.321,41.717],[27.295,42.08],[28.014,41.969]]]},"properties":{"id":"BGR","name":"Bulgaria"}},
{"type":"Feature","geometry":{"type":"Polygon","coordinates":[[[100.122,20.317],[99.459,20.363],[98.917,19.773],[98.015,19.75],[97.754,18.621],[97.485,18.494],[97.793,17.681],[98.439,16.976],[98.818,16.181],[98.246,14.815],[99.137,13.717],[99.107,13.104],[99.615,11.781],[98.757,10.661],[98.703,10.19],[98.371,9.291],[98.238,8.423],[98.579,8.344],[100.119,6.442],[100.177,6.672],[101.054,6.243],[101.114,5.637],[101.874,5.825],[102.101,6.242],[101.498,6.865],[100.424,7.188],[100.279,8.269],[99.724,9.314],[99.394,9.214],[99.165,10.32],[99.989,12.171],[100.017,13.353],[100.963,13.432],[100.863,12.715],[101.724,12.689],[102.934,11.707],[102.5,12.67],[102.32,13.54],[103.199,14.333],[104.779,14.428],[105.183,14.346],[105.476,14.53],[105.622,15.7],[104.751,16.648],[104.816,17.3],[103.95,18.319],[103.252,18.373],[102.718,17.892],[102.101,18.211],[101.105,17.48],[100.908,17.584],[101.286,18.977],[101.212,19.548],[100.625,19.5],[100.543,20.089],[100.122,20.317]]]},"properties":{"id":"THA","name":"Thailand"}},
{"type":"Feature","geometry":{"type":"Polygon","coordinates":[[[-71.779,19.718],[-73.118,19.904],[-73.396,19.659],[-72.703,19.441],[-72.811,19.072],[-72.348,18.675],[-72.789,18.435],[-74.228,18.663],[-74.419,18.346],[-73.885,18.042],[-73.385,18.251],[-72.06,18.229],[-71.768,18.039],[-72,18.598],[-71.657,19.131],[-71.779,19.718]]]},"properties":{"id":"HTI","name":"Haiti"}},
{"type":"Feature","geometry":{"type":"Polygon","coordinates":[[[-71.768,18.039],[-71.396,17.646],[-71.028,18.273],[-70.183,18.252],[-69.771,18.444],[-68.721,18.218],[-68.339,18.612],[-68.685,18.905],[-69.624,19.118],[-70.129,19.636],[-70.954,19.914],[-71.779,19.718],[-71.657,19.131],[-72,18.598],[-71.768,18.039]]]},"properties":{"id":"DOM","name":"Dominican Republic"}},
{"type":"Feature","geometry":{"type":"Polygon","coordinates":[[[23.98,19.497],[21.585,20.679],[18.231,22.336],[15.984,23.445],[14.979,22.996],[15.182,21.523],[15.949,20.303],[15.735,19.904],[15.474,16.908],[14.368,15.75],[13.448,14.381],[13.606,13.705],[14.064,13.079],[14.516,12.98],[15.081,11.846],[15.03,11.114],[15.276,10.357],[15.655,10.008],[14.243,9.98],[13.977,9.692],[15.116,8.557],[15.48,7.524],[15.845,7.475],[16.545,7.865],[16.785,7.551],[17.649,7.984],[18.592,8.061],[19.109,8.656],[19.146,9.016],[20.342,9.127],[21.726,10.367],[21.707,10.575],[22.494,10.996],[22.86,10.92],[22.923,11.345],[22.556,11.67],[22.352,12.66],[21.825,12.791],[22.228,13.33],[22.108,13.73],[22.51,14.127],[23.105,15.703],[23.983,15.78],[23.98,19.497]]]},"properties":{"id":"TCD","name":"Chad"}},
{"type":"Feature","geometry":{"type":"Polygon","coordinates":[[[48.442,28.543],[48.051,29.355],[47.979,29.983],[47.114,29.961],[46.531,29.096],[47.433,28.99],[47.671,28.533],[48.442,28.543]]]},"properties":{"id":"KWT","name":"Kuwait"}},
{"type":"Feature","geometry":{"type":"Polygon","coordinates":[[[-89.363,14.416],[-90.095,13.737],[-88.867,13.283],[-87.931,13.181],[-87.814,13.399],[-87.715,13.813],[-88.483,13.854],[-89.363,14.416]]]},"properties":{"id":"SLV","name":"El Salvador"}},
{"type":"Feature","geometry":{"type":"Polygon","coordinates":[[[-92.235,14.545],[-91.146,13.926],[-90.095,13.737],[-89.363,14.416],[-89.222,14.866],[-88.228,15.729],[-88.894,15.891],[-89.237,15.894],[-89.161,17.815],[-90.989,17.816],[-90.993,17.252],[-91.41,17.256],[-90.417,16.391],[-90.447,16.073],[-91.737,16.07],[-92.187,15.321],[-92.235,14.545]]]},"properties":{"id":"GTM","name":"Guatemala"}},
{"type":"Feature","geometry":{"type":"Polygon","coordinates":[[[125.068,-9.512],[126.383,-8.958],[127.296,-8.425],[125.804,-8.492],[124.922,-8.942],[125.068,-9.512]]]},"properties":{"id":"TLS","name":"Timor-Leste"}},
{"type":"Feature","geometry":{"type":"Polygon","coordinates":[[[115.027,4.9],[114.064,4.593],[114.608,4.024],[115.027,4.9]]]},"properties":{"id":"BRN","name":"Brunei"}},
{"type":"Feature","geometry":{"type":"Polygon","coordinates":[[[8.577,36.937],[7.91,36.856],[6.487,37.086],[5.425,36.675],[4.758,36.896],[2.973,36.784],[2.593,36.601],[1.257,36.52],[0.048,35.901],[-0.917,35.668],[-2.22,35.104],[-1.796,34.752],[-1.679,33.319],[-1.066,32.468],[-1.275,32.089],[-2.448,32.13],[-3.827,31.662],[-3.625,31.066],[-4.968,30.465],[-5.449,29.957],[-7.095,29.625],[-8.66,28.719],[-8.683,27.656],[-8.683,27.286],[-4.823,24.996],[-1.293,22.697],[1.146,21.102],[1.685,20.378],[3.204,19.79],[3.106,19.15],[3.401,18.988],[4.228,19.143],[5.837,19.479],[7.482,20.873],[9.379,21.991],[11.968,23.518],[11.537,24.291],[10.256,24.591],[10.001,25.332],[9.448,26.067],[9.859,26.552],[9.748,27.331],[9.916,27.786],[9.843,28.967],[9.31,30.115],[9.519,30.229],[9.044,32.072],[8.333,32.544],[7.731,33.269],[7.514,34.081],[8.246,34.734],[8.394,35.204],[8.209,36.495],[8.577,36.937]]]},"properties":{"id":"DZA","name":"Algeria"}},
{"type":"Feature","geometry":{"type":"Polygon","coordinates":[[[31.288,-22.402],[31.546,-23.482],[31.986,-24.461],[31.948,-25.958],[32.113,-26.839],[32.886,-26.849],[32.59,-26.004],[33.347,-25.261],[35.156,-24.541],[35.575,-22.963],[34.982,-20.806],[34.705,-20.473],[34.756,-19.822],[36.327,-18.793],[37.245,-17.74],[38.145,-17.243],[39.084,-16.973],[39.845,-16.436],[40.559,-15.473],[40.835,-14.792],[40.646,-14.539],[40.581,-12.636],[40.403,-11.332],[40.464,-10.464],[39.989,-10.821],[38.492,-11.413],[37.92,-11.295],[37.373,-11.71],[36.519,-11.716],[35.785,-11.453],[34.959,-11.578],[34.66,-11.589],[34.361,-12.211],[34.564,-13.36],[35.247,-13.897],[35.847,-14.671],[35.755,-16.058],[35.167,-16.56],[35.29,-17.097],[34.248,-15.888],[34.541,-15.297],[34.333,-14.409],[33.636,-14.568],[33.202,-14.013],[30.232,-14.99],[30.396,-15.643],[30.438,-15.995],[31.236,-16.024],[31.94,-16.429],[32.948,-16.712],[32.993,-18.36],[32.717,-19.002],[33.007,-19.874],[32.478,-20.713],[32.371,-21.335],[31.288,-22.402]]]},"properties":{"id":"MOZ","name":"Mozambique"}},
{"type":"Feature","geometry":{"type":"Polygon","coordinates":[[[31.948,-25.958],[31.415,-25.747],[30.803,-26.413],[31.063,-27.112],[31.958,-27.306],[32.113,-26.839],[31.948,-25.958]]]},"properties":{"id":"SWZ","name":"Eswatini"}},
{"type":"Feature","geometry":{"type":"Polygon","coordinates":[[[30.554,-2.4],[29.93,-2.34],[29.868,-2.716],[29.014,-2.72],[29.224,-3.054],[29.403,-4.449],[29.718,-4.456],[30.79,-3.275],[30.554,-2.4]]]},"properties":{"id":"BDI","name":"Burundi"}},
{"type":"Feature","geometry":{"type":"Polygon","coordinates":[[[29.577,-1.388],[28.876,-2.4],[29.014,-2.72],[29.868,-2.716],[29.93,-2.34],[30.554,-2.4],[30.829,-2.338],[30.813,-1.563],[30.51,-1.067],[29.93,-1.47],[29.577,-1.388]]]},"properties":{"id":"RWA","name":"Rwanda"}},
{"type":"Feature","geometry":{"type":"Polygon","coordinates":[[[100.122,20.317],[100.757,21.313],[101.139,21.567],[101.08,21.756],[100.215,21.463],[99.918,22.028],[99.193,22.126],[99.341,23.096],[98.864,23.191],[98.834,24.091],[97.691,24.131],[97.531,24.492],[97.82,25.252],[98.625,25.827],[98.651,27.572],[98.241,27.663],[98.099,28.142],[97.538,28.51],[97.322,28.218],[96.666,27.339],[96.061,27.217],[95.129,26.597],[95.132,26.041],[94.554,25.243],[94.708,25.049],[94.128,23.876],[93.307,24.022],[93.366,23.133],[92.965,22.004],[92.575,21.978],[92.632,21.306],[92.18,21.293],[92.324,20.792],[93.002,20.075],[93.362,20.058],[93.998,19.441],[93.493,19.369],[94.091,18.849],[94.589,17.569],[94.224,16.016],[94.72,16.399],[94.943,15.818],[95.39,15.723],[95.763,16.169],[96.622,16.564],[96.97,17.317],[97.376,16.523],[97.634,16.458],[97.812,14.859],[98.576,13.162],[98.741,11.592],[98.465,10.676],[98.703,10.19],[98.757,10.661],[99.615,11.781],[99.107,13.104],[99.137,13.717],[98.246,14.815],[98.818,16.181],[98.439,16.976],[97.793,17.681],[97.485,18.494],[97.754,18.621],[98.015,19.75],[98.917,19.773],[99.459,20.363],[100.122,20.317]]]},"properties":{"id":"MMR","name":"Myanmar"}},
{"type":"Feature","geometry":{"type":"MultiPolygon","coordinates":[[[[89.051,22.093],[89.354,21.721],[89.954,22.023],[90.231,21.83],[90.589,22.258],[90.435,22.752],[90.595,23.134],[90.946,22.597],[91.48,22.885],[92.324,20.792],[92.18,21.293],[92.632,21.306],[92.575,21.978],[92.246,23.684],[91.62,22.98],[91.16,23.661],[91.367,24.094],[91.877,24.195],[92.251,24.895],[92.05,25.169],[90.439,25.158],[89.814,25.305],[89.823,25.941],[89.289,26.038],[88.518,26.518],[88.085,25.888],[88.769,25.49],[88.023,24.628],[88.734,24.231],[88.741,23.437],[89.051,22.093]]],[[[90.778,22.089],[90.868,22.485],[90.503,22.835],[90.778,22.089]]]]},"properties":{"id":"BGD","name":"Bangladesh"}},
{"type":"Feature","geometry":{"type":"Polygon","coordinates":[[[1.706,42.503],[1.428,42.596],[1.486,42.434],[1.706,42.503]]]},"properties":{"id":"AND","name":"Andorra"}},
{"type":"Feature","geometry":{"type":"Polygon","coordinates":[[[66.522,37.348],[65.765,37.569],[65.555,37.251],[64.816,37.132],[64.511,36.341],[63.109,35.819],[63.057,35.446],[62.308,35.171],[61.262,35.62],[60.889,34.319],[60.486,34.095],[60.917,33.505],[60.561,33.138],[60.829,32.249],[60.821,31.495],[61.66,31.382],[61.784,30.832],[60.843,29.859],[62.477,29.408],[64.099,29.392],[66.177,29.836],[66.397,30.912],[66.924,31.306],[68.161,31.803],[68.869,31.634],[69.279,31.937],[69.502,33.02],[70.284,33.369],[69.868,33.898],[71.052,34.05],[70.966,34.53],[71.621,35.183],[71.185,36.042],[71.621,36.436],[72.623,36.83],[74.541,37.022],[74.891,37.232],[73.211,37.408],[71.734,36.684],[71.433,37.128],[71.552,37.933],[70.879,38.456],[70.251,37.664],[69.492,37.553],[68.068,36.95],[67.759,37.172],[66.522,37.348]]]},"properties":{"id":"AFG","name":"Afghanistan"}},
{"type":"Feature","geometry":{"type":"Polygon","coordinates":[[[19.194,43.533],[18.444,42.968],[18.436,42.56],[18.517,42.433],[19.342,41.869],[19.654,42.629],[20.064,42.547],[20.344,42.828],[19.194,43.533]]]},"properties":{"id":"MNE","name":"Montenegro"}},
{"type":"Feature","geometry":{"type":"Polygon","coordinates":[[[19.194,43.533],[19.584,44.043],[19.007,44.869],[18.663,45.077],[15.788,45.179],[15.737,44.766],[17.585,42.938],[17.668,42.897],[18.436,42.56],[18.444,42.968],[19.194,43.533]]]},"properties":{"id":"BIH","name":"Bosnia and Herzegovina"}},
{"type":"Feature","geometry":{"type":"Polygon","coordinates":[[[33.903,-1.002],[33.943,0.174],[34.965,1.643],[34.906,2.48],[34.448,3.163],[34.393,3.692],[33.976,4.22],[33.489,3.755],[32.997,3.88],[32.156,3.528],[31.798,3.803],[31.152,3.786],[30.839,3.491],[30.729,2.455],[31.253,2.045],[29.943,0.819],[29.718,0.098],[29.577,-1.388],[29.93,-1.47],[30.51,-1.067],[30.742,-1.008],[33.903,-1.002]]]},"properties":{"id":"UGA","name":"Uganda"}},
{"type":"Feature","geometry":{"type":"Polygon","coordinates":[[[-81.837,23.163],[-83.258,22.968],[-84.361,22.379],[-84.503,21.776],[-83.901,22.17],[-83.38,22.223],[-82.738,22.689],[-81.903,22.679],[-81.816,22.2],[-80.499,22.064],[-79.91,21.743],[-78.636,21.516],[-78.491,21.054],[-77.997,20.715],[-77.23,20.644],[-77.104,20.408],[-77.715,19.855],[-76.158,19.99],[-75.29,19.893],[-74.137,20.232],[-74.883,20.651],[-75.643,20.733],[-75.596,20.995],[-76.647,21.285],[-78.686,22.367],[-79.276,22.408],[-79.677,22.743],[-80.65,23.103],[-81.837,23.163]]]},"properties":{"id":"CUB","name":"Cuba"}},
{"type":"Feature","geometry":{"type":"Polygon","coordinates":[[[-83.158,14.993],[-83.76,15.22],[-84.261,15.823],[-85.784,16.003],[-86.357,15.783],[-87.618,15.91],[-88.228,15.729],[-89.222,14.866],[-89.363,14.416],[-88.483,13.854],[-87.715,13.813],[-87.814,13.399],[-87.337,12.979],[-86.711,13.313],[-86.734,13.763],[-86.04,14.05],[-85.787,13.844],[-84.86,14.81],[-84.538,14.633],[-83.158,14.993]]]},"properties":{"id":"HND","name":"Honduras"}},
{"type":"Feature","geometry":{"type":"MultiPolygon","coordinates":[[[[-75.284,-0.107],[-76.311,0.448],[-76.495,0.235],[-77.423,0.425],[-77.468,0.637],[-78.86,1.455],[-78.9,1.206],[-80.088,0.785],[-80.133,-0.006],[-80.554,-0.848],[-80.902,-1.079],[-80.77,-2.077],[-80.963,-2.189],[-80.285,-2.707],[-80.007,-2.354],[-79.73,-2.579],[-80.325,-3.388],[-80.179,-3.878],[-80.51,-4.07],[-79.639,-4.455],[-79.076,-4.991],[-78.686,-4.562],[-78.345,-3.397],[-77.861,-2.982],[-76.679,-2.563],[-75.571,-1.531],[-75.284,-0.107]]],[[[-91.272,0.025],[-91.121,-0.559],[-91.372,-1.017],[-90.8,-0.752],[-91.272,0.025]]]]},"properties":{"id":"ECU","name":"Ecuador"}},
{"type":"Feature","geometry":{"type":"Polygon","coordinates":[[[-71.32,11.862],[-71.262,12.335],[-71.715,12.42],[-72.275,11.889],[-73.313,11.296],[-74.059,11.341],[-74.401,10.765],[-74.845,11.11],[-75.446,10.611],[-75.639,9.45],[-76.92,8.574],[-76.742,8.002],[-77.374,8.658],[-77.196,7.972],[-77.901,7.229],[-77.36,6.504],[-77.249,5.78],[-77.427,4.06],[-77.077,3.913],[-77.67,2.879],[-78.617,2.307],[-78.577,1.774],[-78.86,1.455],[-77.468,0.637],[-77.423,0.425],[-76.495,0.235],[-76.311,0.448],[-75.284,-0.107],[-74.802,-0.2],[-74.246,-0.971],[-73.664,-1.249],[-73.197,-1.83],[-73.154,-2.278],[-72.396,-2.429],[-71.753,-2.153],[-70.915,-2.219],[-70.074,-2.75],[-70.735,-3.782],[-69.966,-4.236],[-69.4,-1.195],[-69.667,-0.482],[-70.071,-0.139],[-70.054,0.579],[-69.174,0.635],[-69.361,1.064],[-69.852,1.06],[-69.849,1.709],[-68.177,1.72],[-67.5,2.108],[-66.876,1.223],[-67.211,2.39],[-67.835,2.893],[-67.311,3.416],[-67.855,4.507],[-67.825,5.27],[-67.439,6.026],[-67.859,6.29],[-69.439,6.135],[-70.095,6.938],[-70.655,7.083],[-71.893,6.99],[-72.443,7.455],[-72.417,8.382],[-72.796,9.109],[-73.356,9.227],[-73.007,9.789],[-72.869,10.491],[-71.958,11.666],[-71.32,11.862]]]},"properties":{"id":"COL","name":"Colombia"}},
{"type":"Feature","geometry":{"type":"Polygon","coordinates":[[[-58.16,-20.165],[-58.18,-19.818],[-59.091,-19.286],[-60.007,-19.298],[-61.757,-19.645],[-62.276,-20.562],[-62.277,-21.066],[-62.651,-22.234],[-61.928,-23.059],[-60.84,-23.858],[-59.892,-24.094],[-59.373,-24.454],[-57.822,-25.136],[-57.587,-25.405],[-58.642,-27.196],[-56.437,-27.554],[-55.715,-27.415],[-54.825,-26.652],[-54.616,-25.576],[-54.242,-24.047],[-54.625,-23.812],[-55.366,-23.991],[-55.618,-22.671],[-56.395,-22.093],[-56.937,-22.271],[-57.956,-22.109],[-57.83,-20.998],[-58.16,-20.165]]]},"properties":{"id":"PRY","name":"Paraguay"}},
{"type":"Feature","geometry":{"type":"Polygon","coordinates":[[[-8.777,41.941],[-8.656,41.029],[-9.474,38.731],[-8.881,38.447],[-8.814,37.431],[-8.998,37.032],[-7.834,37.006],[-7.406,37.179],[-7.504,37.585],[-7.106,38.181],[-7.343,38.457],[-6.998,39.056],[-7.536,39.662],[-7.037,39.714],[-6.81,40.343],[-6.928,41.009],[-6.212,41.532],[-6.618,41.942],[-7.404,41.834],[-8.777,41.941]]]},"properties":{"id":"PRT","name":"Portugal"}},
{"type":"Feature","geometry":{"type":"Polygon","coordinates":[[[26.619,48.26],[28.072,46.978],[28.213,45.45],[28.948,46.05],[29.146,46.527],[29.838,46.351],[29.878,46.829],[29.16,47.456],[29.093,47.975],[27.549,48.478],[26.619,48.26]]]},"properties":{"id":"MDA","name":"Moldova"}},
{"type":"Feature","geometry":{"type":"Polygon","coordinates":[[[55.977,41.322],[55.545,41.263],[54.904,41.919],[54.121,42.335],[53.25,42.206],[52.494,41.78],[52.862,41.21],[52.97,41.976],[53.846,42.091],[54.71,40.891],[53.764,40.666],[52.943,41.038],[52.898,39.912],[53.487,39.909],[53.157,39.265],[53.885,38.864],[53.914,37.344],[54.745,37.502],[55.076,37.902],[56.441,38.249],[58.436,37.639],[59.302,37.511],[60.341,36.638],[61.12,36.643],[61.262,35.62],[62.308,35.171],[63.057,35.446],[63.109,35.819],[64.511,36.341],[64.816,37.132],[65.555,37.251],[65.765,37.569],[66.522,37.348],[66.629,37.932],[65.613,38.239],[64.163,38.954],[62.651,39.858],[61.903,41.094],[60.455,41.222],[59.858,42.295],[58.589,42.778],[57.814,42.19],[56.964,41.857],[57.018,41.263],[55.977,41.322]]]},"properties":{"id":"TKM","name":"Turkmenistan"}},
{"type":"Feature","geometry":{"type":"Polygon","coordinates":[[[35.787,32.735],[35.551,32.396],[35.451,31.479],[34.973,29.555],[34.951,29.354],[36.015,29.19],[36.755,29.866],[37.469,29.995],[37.98,30.5],[36.959,31.492],[39.145,32.125],[38.774,33.372],[36.818,32.317],[35.787,32.735]]]},"properties":{"id":"JOR","name":"Jordan"}},
{"type":"Feature","geometry":{"type":"Polygon","coordinates":[[[88.11,27.871],[87.141,27.838],[86.554,28.085],[85.954,27.928],[85.678,28.277],[85.122,28.316],[84.101,29.22],[83.583,29.184],[82.043,30.327],[81.01,30.165],[80.549,29.9],[80.071,28.83],[81.853,27.867],[83.29,27.371],[84.091,27.491],[85.293,26.741],[87.287,26.36],[88.055,26.43],[88.11,27.871]]]},"properties":{"id":"NPL","name":"Nepal"}},
{"type":"Feature","geometry":{"type":"Polygon","coordinates":[[[28.737,-30.102],[29.391,-29.27],[28.626,-28.582],[27.736,-28.94],[27.052,-29.664],[27.388,-30.316],[28.018,-30.642],[28.737,-30.102]]]},"properties":{"id":"LSO","name":"Lesotho"}},
{"type":"Feature","geometry":{"type":"Polygon","coordinates":[[[8.556,4.755],[9,4.092],[9.556,3.798],[9.948,3.079],[9.801,2.304],[9.98,2.168],[11.329,2.167],[11.348,2.3],[13.22,2.256],[13.294,2.162],[14.484,2.155],[15.742,1.915],[16.059,1.676],[16.183,2.27],[16.063,2.909],[15.129,3.827],[14.563,5.28],[14.739,6.28],[15.48,7.524],[15.116,8.557],[13.977,9.692],[14.243,9.98],[15.655,10.008],[15.276,10.357],[15.03,11.114],[15.081,11.846],[14.516,12.98],[14.064,13.079],[14.197,12.384],[14.627,12.109],[14.56,11.492],[13.892,11.14],[12.929,9.426],[12.807,8.887],[12.404,8.596],[11.861,7.116],[11.153,6.438],[10.606,7.063],[10.144,6.996],[9.06,6.009],[8.556,4.755]]]},"properties":{"id":"CMR","name":"Cameroon"}},
{"type":"Feature","geometry":{"type":"Polygon","coordinates":[[[13.294,2.162],[13.22,2.256],[11.348,2.3],[11.329,2.167],[11.335,1],[9.591,1.032],[9.297,-0.351],[8.821,-0.708],[9.299,-1.903],[11.13,-3.916],[11.934,-3.319],[11.538,-2.837],[11.605,-2.343],[12.446,-2.33],[12.432,-1.929],[13.465,-2.395],[13.734,-2.138],[14.087,-2.467],[14.384,-1.89],[14.481,-0.618],[13.86,-0.203],[13.885,0.191],[14.434,0.811],[14.181,1.37],[13.274,1.241],[13.294,2.162]]]},"properties":{"id":"GAB","name":"Gabon"}},
{"type":"Feature","geometry":{"type":"Polygon","coordinates":[[[13.606,13.705],[13.448,14.381],[14.368,15.75],[15.474,16.908],[15.735,19.904],[15.949,20.303],[15.182,21.523],[14.979,22.996],[14.231,22.618],[13.481,23.18],[11.968,23.518],[9.379,21.991],[7.482,20.873],[5.837,19.479],[4.228,19.143],[4.235,16.996],[3.877,15.755],[3.504,15.356],[1.3,15.272],[0.96,14.987],[0.217,14.911],[0.164,14.497],[0.618,13.703],[1.201,13.358],[0.987,13.042],[1.565,12.635],[2.074,12.714],[2.389,11.897],[2.366,12.222],[2.878,12.368],[3.595,11.696],[3.647,12.53],[4.148,13.458],[5.492,13.873],[6.386,13.604],[7.057,13],[7.789,13.338],[8.751,12.908],[9.616,12.811],[10.185,13.27],[11.412,13.354],[12.463,13.094],[13.606,13.705]]]},"properties":{"id":"NER","name":"Niger"}},
{"type":"Feature","geometry":{"type":"Polygon","coordinates":[[[0.9,10.993],[1.427,11.447],[1.98,11.418],[2.389,11.897],[2.074,12.714],[1.565,12.635],[0.987,13.042],[1.201,13.358],[0.618,13.703],[0.164,14.497],[0.217,14.911],[-0.76,15.048],[-2.457,14.274],[-3.198,13.673],[-3.302,13.281],[-4.051,13.382],[-4.329,13.119],[-4.429,12.338],[-5.288,11.828],[-5.524,10.426],[-4.332,9.646],[-3.878,9.895],[-3.224,9.895],[-2.696,9.481],[-2.83,10.998],[-0.701,10.989],[-0.069,11.116],[0.9,10.993]]]},"properties":{"id":"BFA","name":"Burkina Faso"}},
{"type":"Feature","geometry":{"type":"Polygon","coordinates":[[[0.9,10.993],[-0.069,11.116],[-0.058,10.631],[0.381,10.292],[0.233,9.464],[0.529,9.358],[0.373,8.759],[0.688,8.304],[0.526,6.851],[1.187,6.089],[1.623,6.217],[1.6,9.05],[1.33,9.997],[0.78,10.36],[0.9,10.993]]]},"properties":{"id":"TGO","name":"Togo"}},
{"type":"Feature","geometry":{"type":"Polygon","coordinates":[[[-0.069,11.116],[-0.701,10.989],[-2.83,10.998],[-2.696,9.481],[-2.506,8.209],[-2.79,7.932],[-3.236,6.807],[-2.816,5.153],[-3.019,5.131],[-3.087,5.128],[-3.114,5.089],[-2.002,4.762],[0.26,5.757],[0.95,5.81],[1.187,6.089],[0.526,6.851],[0.688,8.304],[0.373,8.759],[0.529,9.358],[0.233,9.464],[0.381,10.292],[-0.058,10.631],[-0.069,11.116]]]},"properties":{"id":"GHA","name":"Ghana"}},
{"type":"Feature","geometry":{"type":"Polygon","coordinates":[[[-16.712,12.355],[-15.819,11.763],[-15.435,11.944],[-15.393,11.217],[-15.043,10.94],[-14.683,11.508],[-13.733,11.736],[-13.949,12.178],[-13.729,12.674],[-15.196,12.68],[-15.575,12.49],[-16.712,12.355]]]},"properties":{"id":"GNB","name":"Guinea-Bissau"}},
{"type":"Feature","geometry":{"type":"MultiPolygon","coordinates":[[[[-171.463,63.64],[-169.778,63.094],[-168.852,63.171],[-170.43,63.699],[-171.463,63.64]]],[[[-166.135,60.384],[-167.436,60.207],[-166.107,59.775],[-166.135,60.384]]],[[[-152.898,57.824],[-154.535,57.559],[-154.706,57.335],[-153.757,56.858],[-152.216,57.577],[-152.898,57.824]]],[[[-130.025,55.888],[-130.098,56.109],[-131.575,56.599],[-133.821,58.705],[-135.476,59.793],[-136.322,59.605],[-136.579,59.152],[-137.439,58.903],[-137.593,59.226],[-139.185,60.084],[-141.002,60.3],[-141.002,64.391],[-141.002,66.437],[-141.002,69.651],[-143.218,70.116],[-145.197,70.009],[-149.269,70.501],[-151.225,70.419],[-153.233,70.933],[-154.195,70.801],[-156.47,71.408],[-157.998,70.845],[-159.315,70.879],[-162.074,70.162],[-164.302,68.936],[-166.209,68.885],[-166.786,68.36],[-164.125,67.607],[-163.721,67.196],[-161.622,66.979],[-161.816,66.054],[-163.695,66.084],[-163.728,66.616],[-165.449,66.41],[-168.088,65.658],[-166.197,65.306],[-166.928,65.157],[-166.143,64.583],[-163.713,64.588],[-162.807,64.374],[-161.187,64.924],[-161.415,64.526],[-160.779,63.819],[-162.283,63.529],[-163.359,63.046],[-164.108,63.262],[-166.168,61.651],[-165.175,60.966],[-165.354,60.541],[-163.907,59.807],[-162.571,59.99],[-161.361,58.67],[-160.363,59.051],[-158.789,58.441],[-158.776,58.903],[-158.022,58.64],[-157.142,58.878],[-157.737,57.548],[-160.302,56.314],[-162.157,55.719],[-163.335,54.839],[-161.481,55.398],[-158.79,55.987],[-158.537,56.335],[-156.629,57.01],[-156.478,57.328],[-154.247,58.159],[-153.327,58.884],[-154.178,59.156],[-151.734,60.911],[-150.612,61.301],[-151.322,60.743],[-151.853,59.782],[-151.738,59.189],[-149.598,59.77],[-149.395,60.106],[-148.431,59.989],[-147.964,60.485],[-148.557,60.803],[-146.583,61.128],[-145.899,60.478],[-144.147,60.016],[-142.946,60.097],[-140.217,59.727],[-138.352,59.087],[-136.583,58.245],[-135.05,58.307],[-135.502,59.202],[-134.664,58.385],[-134.209,58.233],[-133.554,57.695],[-131.844,56.16],[-132.223,55.721],[-131.14,55.998],[-130.575,54.77],[-130.214,55.026],[-130.025,55.888]]],[[[-163.476,54.981],[-164.53,54.881],[-164.823,54.419],[-163.358,54.736],[-163.476,54.981]]],[[[-130.979,55.489],[-131.625,55.832],[-131.762,55.166],[-130.979,55.489]]],[[[-133.366,57.004],[-133.979,57.01],[-133.603,56.464],[-133.366,57.004]]],[[[-134.97,57.351],[-135.2,57.027],[-134.654,56.227],[-134.97,57.351]]],[[[-134.68,58.162],[-134.592,57.092],[-133.925,57.337],[-134.24,58.144],[-134.68,58.162]]],[[[-135.73,58.244],[-136.569,57.972],[-135.692,57.42],[-134.931,57.481],[-135.002,58.051],[-135.73,58.244]]],[[[-133.566,56.339],[-133.68,55.785],[-133.033,55.59],[-132.134,54.713],[-131.976,55.209],[-133.203,56.32],[-133.566,56.339]]],[[[-133.99,56.845],[-134.374,56.839],[-134.19,56.077],[-133.99,56.845]]],[[[-167.964,53.345],[-168.357,53.458],[-169.066,52.834],[-167.964,53.345]]],[[[-155.581,19.012],[-154.804,19.524],[-155.199,19.994],[-155.832,20.276],[-156.049,19.75],[-155.881,19.071],[-155.581,19.012]]],[[[-74.709,45.004],[-75.179,44.899],[-76.465,44.058],[-76.82,43.629],[-78.72,43.625],[-79.172,43.467],[-78.915,42.909],[-80.248,42.366],[-81.278,42.209],[-82.439,41.675],[-83.142,41.976],[-82.545,42.625],[-82.138,43.571],[-82.551,45.347],[-84.562,46.457],[-84.876,46.9],[-88.378,48.303],[-89.456,47.996],[-90.84,48.201],[-91.518,48.058],[-92.996,48.612],[-94.621,48.743],[-94.854,49.305],[-95.162,48.992],[-99.235,48.993],[-101.367,48.993],[-105.631,48.993],[-111.174,48.993],[-115.438,48.993],[-119.702,48.993],[-122.789,48.993],[-122.242,48.011],[-122.578,47.293],[-122.779,48.138],[-124.71,48.38],[-123.912,46.182],[-124.149,43.692],[-124.54,42.813],[-124.069,41.384],[-124.372,40.491],[-123.884,39.861],[-123.701,38.907],[-122.521,37.826],[-122.395,37.208],[-121.881,36.939],[-121.877,36.331],[-120.634,35.076],[-120.481,34.472],[-119.606,34.418],[-118.506,34.017],[-117.467,33.296],[-117.128,32.533],[-114.725,32.715],[-114.836,32.508],[-111.042,31.324],[-108.214,31.329],[-108.212,31.779],[-106.453,31.77],[-104.979,30.646],[-104.504,29.678],[-103.258,29.001],[-102.343,29.865],[-101.569,29.809],[-100.659,29.069],[-100.296,28.328],[-99.505,27.548],[-99.108,26.447],[-97.358,25.871],[-97.146,25.961],[-97.555,26.967],[-97.034,28.094],[-96.421,28.457],[-96.64,28.709],[-95.853,28.64],[-94.778,29.548],[-93.946,29.815],[-92.261,29.557],[-91.893,29.836],[-91.29,29.289],[-90.213,29.105],[-89.877,29.458],[-89.354,29.07],[-89.016,29.203],[-89.721,29.619],[-89.354,29.82],[-89.737,30.172],[-88.905,30.415],[-87.79,30.292],[-86.454,30.399],[-85.756,30.167],[-85.319,29.68],[-84.044,30.104],[-82.651,28.887],[-82.844,27.846],[-82.29,26.871],[-82.067,26.892],[-81.715,25.983],[-81.365,25.831],[-81.11,25.138],[-80.367,25.331],[-80.041,26.569],[-81.25,29.794],[-81.52,30.875],[-81.113,31.879],[-79.229,33.185],[-78.578,33.873],[-77.928,33.94],[-77.134,34.708],[-76.517,34.777],[-76.513,35.27],[-75.772,35.9],[-76.726,35.958],[-75.883,36.176],[-76.454,38.174],[-76.236,39.192],[-75.659,37.954],[-75.997,37.264],[-75.036,38.503],[-75.524,39.49],[-74.794,39.002],[-74.176,39.727],[-73.958,40.328],[-74.227,40.608],[-72.925,41.285],[-71.523,41.379],[-69.949,41.677],[-70.515,41.803],[-71.046,42.331],[-69.965,43.855],[-67.191,44.676],[-67.125,45.169],[-67.785,45.702],[-67.807,47.083],[-69.243,47.463],[-70.008,46.709],[-70.296,45.906],[-70.898,45.262],[-71.518,45.008],[-74.709,45.004]]],[[[-72.51,40.986],[-73.574,40.92],[-74.032,40.639],[-73.194,40.654],[-72.51,40.986]]]]},"properties":{"id":"USA","name":"United States"}},
{"type":"Feature","geometry":{"type":"MultiPolygon","coordinates":[[[[-132.656,54.127],[-132.845,53.508],[-132.011,53.265],[-131.668,54.141],[-132.656,54.127]]],[[[-131.754,53.196],[-132.547,53.137],[-131.222,52.154],[-131.754,53.196]]],[[[-127.197,50.64],[-128.346,50.744],[-127.864,50.128],[-127.25,50.138],[-125.121,48.761],[-123.595,48.334],[-123.996,49.224],[-124.643,49.429],[-125.482,50.317],[-127.197,50.64]]],[[[-130.025,55.888],[-129.561,55.463],[-130.43,54.421],[-130.335,53.724],[-129.564,53.251],[-129.114,53.641],[-128.365,52.826],[-128.358,52.159],[-127.708,51.151],[-126.45,50.55],[-125.059,50.514],[-124.782,50.02],[-123.336,49.459],[-122.789,48.993],[-119.702,48.993],[-115.438,48.993],[-111.174,48.993],[-105.631,48.993],[-101.367,48.993],[-99.235,48.993],[-95.162,48.992],[-94.854,49.305],[-94.621,48.743],[-92.996,48.612],[-91.518,48.058],[-90.84,48.201],[-89.456,47.996],[-88.378,48.303],[-84.876,46.9],[-84.562,46.457],[-82.551,45.347],[-82.138,43.571],[-82.545,42.625],[-83.142,41.976],[-82.439,41.675],[-81.278,42.209],[-80.248,42.366],[-78.915,42.909],[-79.172,43.467],[-78.72,43.625],[-76.82,43.629],[-76.465,44.058],[-75.179,44.899],[-74.709,45.004],[-73.974,45.345],[-72.981,46.21],[-71.88,46.687],[-71.268,46.796],[-70.706,47.14],[-69.906,47.832],[-68.929,48.829],[-67.372,49.348],[-66.496,50.212],[-62.715,50.302],[-60.08,50.255],[-58.51,51.295],[-56.976,51.458],[-55.691,52.242],[-56.11,53.588],[-58.192,54.228],[-60.329,53.266],[-59.823,53.834],[-58.633,54.05],[-57.404,54.57],[-58.78,54.838],[-59.759,55.31],[-60.617,55.06],[-60.341,55.785],[-61.45,55.996],[-61.334,57.011],[-62.455,57.462],[-61.899,57.861],[-64.706,60.336],[-65.406,59.795],[-65.606,59.111],[-67.57,58.213],[-68.414,58.783],[-69.532,58.869],[-69.806,59.945],[-69.472,61.011],[-71.423,61.159],[-72.226,61.832],[-73.63,62.454],[-74.646,62.211],[-77.372,62.573],[-78.068,62.355],[-77.514,61.556],[-78.181,60.819],[-77.312,60.042],[-78.515,58.682],[-77.157,58.019],[-76.573,57.181],[-76.65,56.107],[-77.891,55.236],[-79.666,54.697],[-78.492,52.252],[-79.714,51.118],[-80.478,51.307],[-80.658,51.758],[-81.55,52.237],[-82.26,52.961],[-82.141,53.818],[-82.577,55.149],[-85.212,55.297],[-85.677,55.601],[-87.561,56.056],[-88.948,56.851],[-91.111,57.241],[-92.725,56.934],[-92.49,57.469],[-93.278,58.756],[-94.673,58.87],[-94.786,59.953],[-94.061,61.318],[-92.528,62.168],[-92.361,62.819],[-90.778,62.972],[-90.747,63.352],[-91.842,63.698],[-90.245,63.642],[-90.168,63.979],[-88.106,64.183],[-87.028,65.198],[-88.974,65.348],[-89.749,65.936],[-87.97,65.349],[-87.291,65.355],[-86.043,66.023],[-86.633,66.531],[-85.442,66.537],[-84.478,66.179],[-81.468,67.07],[-81.27,67.46],[-82.553,68.446],[-81.282,68.657],[-81.329,69.12],[-82.374,69.642],[-85.415,69.85],[-85.518,68.77],[-86.536,67.516],[-87.266,67.184],[-88.196,67.766],[-88.041,68.812],[-89.057,69.266],[-90.205,68.257],[-90.892,69.267],[-90.555,69.504],[-92.888,69.668],[-91.984,70.286],[-92.949,71.262],[-94.557,71.979],[-96.406,71.274],[-96.546,70.327],[-96.05,69.831],[-94.271,69.455],[-94.563,68.912],[-93.644,68.633],[-95.65,67.737],[-95.354,66.981],[-96.371,67.554],[-95.97,68.249],[-96.725,68.061],[-97.41,68.497],[-98.65,68.364],[-98.412,67.807],[-102.32,67.736],[-104.194,68.031],[-106.164,68.92],[-108.313,68.611],[-108.687,68.277],[-105.781,68.527],[-107.761,68.032],[-107.972,67.732],[-107.156,66.882],[-107.71,66.74],[-108.593,67.591],[-110.102,67.992],[-112.435,67.685],[-115.434,67.902],[-113.964,68.399],[-115.631,68.973],[-118.095,69.043],[-120.962,69.66],[-123.026,69.81],[-124.426,69.379],[-124.444,70.111],[-125.387,69.349],[-127.684,70.26],[-131.013,69.429],[-131.863,69.549],[-129.648,69.998],[-130.498,70.143],[-134.174,69.253],[-135.691,69.311],[-136.717,68.889],[-139.182,69.516],[-141.002,69.651],[-141.002,66.437],[-141.002,64.391],[-141.002,60.3],[-139.185,60.084],[-137.593,59.226],[-137.439,58.903],[-136.579,59.152],[-136.322,59.605],[-135.476,59.793],[-133.821,58.705],[-131.575,56.599],[-130.098,56.109],[-130.025,55.888]]],[[[-109.816,78.65],[-113.15,78.408],[-109.391,78.337],[-109.816,78.65]]],[[[-110.458,78.103],[-113.215,77.904],[-111.952,77.344],[-110.198,77.525],[-110.458,78.103]]],[[[-115.551,77.363],[-119.09,77.305],[-122.4,75.944],[-119.913,75.859],[-117.78,76.784],[-117.154,76.298],[-115.551,77.363]]],[[[-108.292,76.057],[-108.467,76.738],[-110.27,76.417],[-109.086,75.506],[-111.053,75.549],[-112.698,76.202],[-115.581,76.438],[-117.6,75.272],[-115.729,74.968],[-111.033,75.227],[-114.132,74.766],[-113.514,74.43],[-110.941,74.639],[-108.831,75.065],[-107.153,74.927],[-105.863,75.192],[-105.481,75.746],[-108.292,76.057]]],[[[-114.522,72.593],[-114.638,73.373],[-117.552,72.831],[-118.868,71.687],[-117.723,71.391],[-117.587,70.63],[-113.757,70.691],[-111.633,70.309],[-114.592,70.312],[-117.135,70.1],[-116.513,69.425],[-113.694,69.195],[-113.128,68.494],[-111.311,68.542],[-107.44,69.002],[-106.659,69.44],[-105.106,68.92],[-102.895,68.824],[-101.857,69.024],[-103.063,69.485],[-102.234,69.842],[-100.935,69.715],[-101.562,70.135],[-104.57,71.104],[-104.35,71.434],[-105.813,73.011],[-108.029,73.349],[-107.306,71.895],[-108.21,71.751],[-108.755,72.551],[-113.208,72.981],[-114.522,72.593]]],[[[-119.736,74.113],[-121.315,74.53],[-124.696,74.348],[-123.797,73.768],[-125.763,72.138],[-122.937,71.088],[-120.619,71.506],[-120.18,72.213],[-118.962,72.684],[-115.447,73.439],[-117.515,74.232],[-119.736,74.113]]],[[[-69.489,83.017],[-80.155,82.911],[-82.451,82.427],[-79.425,81.854],[-84.897,82.449],[-90.49,81.877],[-88.479,81.565],[-88.921,80.806],[-84.076,80.556],[-81.007,80.655],[-78.287,81.168],[-76.85,80.878],[-82.961,80.278],[-86.307,80.319],[-86.421,79.845],[-83.271,78.77],[-86.808,78.774],[-87.552,78.177],[-85.024,78.312],[-85.289,77.559],[-88.095,77.719],[-86.852,77.174],[-89.5,76.827],[-89.57,76.492],[-85.141,76.305],[-81.171,76.513],[-80.69,76.176],[-78.284,76.571],[-78.289,76.978],[-81.117,77.27],[-78.87,77.333],[-78.013,77.946],[-75.866,78.01],[-76.416,78.512],[-74.433,78.724],[-76.899,79.512],[-73.294,79.522],[-71.388,79.762],[-65.484,81.285],[-66.626,81.616],[-62.177,82.043],[-61.477,82.467],[-64.905,82.901],[-69.489,83.017]]],[[[-95.484,77.792],[-95.987,77.484],[-93.52,77.474],[-95.484,77.792]]],[[[-93.543,75.028],[-94.427,75.593],[-96.56,74.99],[-94.697,74.642],[-93.543,75.028]]],[[[-100.002,73.946],[-101.451,73.431],[-100.097,72.963],[-102.714,72.783],[-100.594,72.152],[-99.167,71.367],[-96.613,71.834],[-96.542,72.699],[-98.437,73],[-97.273,73.387],[-97.582,73.888],[-100.002,73.946]]],[[[-84.92,65.261],[-85.555,65.919],[-85.962,65.704],[-86.252,64.137],[-87.189,63.672],[-85.805,63.707],[-85.496,63.139],[-84.633,63.309],[-83.494,64.099],[-81.046,63.462],[-80.302,63.762],[-80.829,64.09],[-81.903,64.031],[-82.05,64.644],[-84.612,65.447],[-84.92,65.261]]],[[[-97.701,76.467],[-98.711,76.694],[-101.858,76.439],[-102.541,75.514],[-99.591,75.655],[-100.234,75.008],[-97.674,75.127],[-97.701,76.467]]],[[[-103.426,79.316],[-105.388,79.324],[-103.764,78.52],[-99.166,77.857],[-99.609,78.583],[-103.426,79.316]]],[[[-91.886,81.133],[-95.27,81.001],[-96.773,80.136],[-95.103,79.29],[-91.344,79.361],[-94.163,78.994],[-91.899,78.237],[-88.791,78.192],[-88.742,78.584],[-85.29,79.208],[-87.295,79.58],[-87.675,80.372],[-90.643,80.594],[-91.886,81.133]]],[[[-94.295,76.912],[-96.846,76.726],[-95.274,76.264],[-93.092,76.354],[-92.069,75.658],[-91.962,74.793],[-88.423,74.494],[-85.061,74.607],[-81.809,74.477],[-79.401,74.918],[-80.322,75.629],[-83.932,75.819],[-86.069,75.502],[-88.917,75.454],[-91.279,76.16],[-89.407,76.189],[-91.124,76.662],[-94.295,76.912]]],[[[-96.204,78.531],[-98.212,78.805],[-96.99,77.806],[-95.087,77.993],[-96.204,78.531]]],[[[-93.171,74.161],[-95.633,73.695],[-95.193,72.027],[-94.038,72.029],[-94.211,72.757],[-92.118,72.754],[-90.355,73.869],[-93.171,74.161]]],[[[-97.439,69.643],[-98.268,69.754],[-99.441,68.918],[-96.402,68.471],[-95.585,68.835],[-97.439,69.643]]],[[[-61.105,45.945],[-60.577,46.172],[-60.408,47.004],[-60.87,46.797],[-61.495,45.941],[-61.284,45.574],[-60.386,45.655],[-59.865,46.16],[-61.105,45.945]]],[[[-67.125,45.169],[-65.884,45.223],[-64.315,45.836],[-64.913,45.375],[-64.331,45.309],[-65.657,44.76],[-66.1,44.367],[-66.126,43.814],[-65.738,43.561],[-64.862,43.868],[-64,44.645],[-63.761,44.486],[-61.032,45.292],[-61.956,45.868],[-62.483,45.622],[-63.293,45.752],[-64.542,46.24],[-65.319,47.101],[-64.703,47.725],[-65.666,47.696],[-66.429,48.067],[-65.259,48.021],[-64.349,48.423],[-64.262,48.922],[-64.836,49.192],[-66.178,49.213],[-67.561,48.856],[-68.987,48.275],[-70.519,47.033],[-71.261,46.756],[-71.901,46.632],[-73.16,46.01],[-73.558,45.425],[-74.709,45.004],[-71.518,45.008],[-70.898,45.262],[-70.296,45.906],[-70.008,46.709],[-69.243,47.463],[-67.807,47.083],[-67.785,45.702],[-67.125,45.169]]],[[[-55.459,51.537],[-56.75,51.275],[-57.298,50.699],[-58.716,48.598],[-58.33,48.522],[-59.272,47.996],[-59.117,47.571],[-56.952,47.574],[-55.858,47.819],[-55.862,47.53],[-54.87,47.571],[-55.789,46.867],[-54.563,47.375],[-54.192,47.86],[-53.578,47.133],[-53.616,46.68],[-53.07,46.681],[-52.654,47.549],[-53.862,47.799],[-53.057,48.659],[-54.068,48.419],[-54.161,48.788],[-53.573,49.141],[-54.469,49.53],[-56.087,49.452],[-55.53,49.997],[-56.694,50.06],[-55.871,50.907],[-56.031,51.328],[-55.459,51.537]]],[[[-86.589,71.011],[-85.023,71.353],[-86.036,71.771],[-86.629,72.871],[-85.11,73.808],[-87.72,73.723],[-89.263,73.069],[-90.025,71.949],[-89.846,71.492],[-87.14,71.012],[-89.456,71.062],[-87.901,70.252],[-82.139,69.841],[-81.56,70.111],[-78.89,69.977],[-79.066,70.604],[-77.592,69.846],[-75.787,69.319],[-76.403,68.692],[-74.855,69.066],[-73.307,68.368],[-72.22,67.254],[-74.434,66.139],[-73.551,65.485],[-75.709,65.316],[-77.327,65.453],[-78.096,64.939],[-77.791,64.367],[-76.856,64.238],[-74.64,64.557],[-73.444,64.423],[-71.254,63.043],[-69.545,62.745],[-69.082,62.405],[-66.257,61.868],[-65.98,62.209],[-68.911,63.703],[-66.224,63.107],[-65.05,62.646],[-64.514,63.264],[-64.678,64.028],[-65.939,64.886],[-66.667,64.974],[-68.257,65.939],[-67.183,66.034],[-66.787,66.556],[-64.555,65.117],[-63.607,64.928],[-63.337,65.617],[-62.659,65.64],[-61.3,66.649],[-61.969,67.019],[-63.702,66.822],[-64.977,68.043],[-66.414,67.904],[-66.212,68.28],[-68.038,68.551],[-68.513,69.577],[-67.222,69.731],[-68.364,70.481],[-70.655,70.871],[-71.256,71.362],[-74.404,71.673],[-74.293,72.051],[-76.894,72.721],[-78.287,72.36],[-81.229,72.312],[-80.275,72.746],[-81.406,73.635],[-82.66,73.73],[-85.018,73.335],[-85.912,71.987],[-84.66,71.586],[-85.095,71.152],[-86.589,71.011]]],[[[-61.801,49.094],[-62.859,49.705],[-64.44,49.828],[-63.566,49.399],[-61.801,49.094]]],[[[-63.811,46.469],[-62.878,46.001],[-62.024,46.422],[-63.811,46.469]]],[[[-82,62.954],[-83.376,62.905],[-83.899,62.476],[-83.016,62.21],[-82,62.954]]],[[[-79.545,62.412],[-80.265,61.818],[-79.669,61.644],[-79.545,62.412]]],[[[-75.676,68.323],[-76.74,68.231],[-77.005,67.267],[-75.127,67.537],[-75.676,68.323]]],[[[-79.537,73.654],[-80.824,73.381],[-79.501,72.756],[-76.401,72.821],[-77.207,73.5],[-79.537,73.654]]],[[[-80.732,52.747],[-81.136,53.206],[-82.039,53.05],[-80.732,52.747]]],[[[-78.936,56.266],[-79.272,56.6],[-80.001,55.932],[-78.936,56.266]]],[[[-105.289,72.92],[-104.583,73.354],[-105.512,73.766],[-106.922,73.48],[-105.289,72.92]]],[[[-102.227,76.015],[-104.351,76.182],[-103.315,75.764],[-102.227,76.015]]]]},"properties":{"id":"CAN","name":"Canada"}},
{"type":"Feature","geometry":{"type":"Polygon","coordinates":[[[-117.128,32.533],[-116.662,31.565],[-116.062,30.804],[-115.674,29.756],[-114.994,29.384],[-114.048,28.426],[-114.301,27.873],[-115.036,27.842],[-114.445,27.218],[-113.599,26.721],[-113.156,26.946],[-113.021,26.583],[-112.377,26.214],[-112.056,25.488],[-112.073,24.84],[-110.363,23.605],[-109.923,22.886],[-109.421,23.48],[-110.263,24.345],[-110.659,24.341],[-110.677,24.789],[-111.292,25.79],[-111.57,26.708],[-112.734,27.826],[-112.871,28.424],[-114.65,30.238],[-114.934,31.901],[-113.047,31.179],[-113.11,30.793],[-112.162,29.019],[-111.121,27.967],[-110.53,27.864],[-110.478,27.323],[-109.944,27.079],[-109.2,26.305],[-109.196,25.593],[-108.036,25.035],[-107.951,24.615],[-107.085,24.016],[-105.792,22.627],[-105.649,21.988],[-105.209,21.491],[-105.669,20.386],[-104.938,19.309],[-103.912,18.828],[-103.442,18.325],[-101.847,17.922],[-100.848,17.2],[-99.691,16.72],[-98.762,16.535],[-97.755,15.967],[-96.511,15.652],[-95.464,15.975],[-94.9,16.417],[-93.916,16.054],[-92.235,14.545],[-92.187,15.321],[-91.737,16.07],[-90.447,16.073],[-90.417,16.391],[-91.41,17.256],[-90.993,17.252],[-90.989,17.816],[-89.161,17.815],[-88.296,18.472],[-88.032,18.839],[-87.853,18.269],[-87.425,19.583],[-87.688,19.637],[-86.865,20.885],[-86.824,21.422],[-88.132,21.616],[-89.82,21.275],[-90.353,21.009],[-90.507,19.912],[-90.739,19.352],[-91.437,18.89],[-91.275,18.624],[-91.974,18.716],[-94.546,18.175],[-95.182,18.701],[-95.821,18.755],[-96.456,19.87],[-97.121,20.615],[-97.638,21.604],[-97.858,22.625],[-97.668,24.39],[-97.146,25.961],[-97.358,25.871],[-99.108,26.447],[-99.505,27.548],[-100.296,28.328],[-100.659,29.069],[-101.569,29.809],[-102.343,29.865],[-103.258,29.001],[-104.504,29.678],[-104.979,30.646],[-106.453,31.77],[-108.212,31.779],[-108.214,31.329],[-111.042,31.324],[-114.836,32.508],[-114.725,32.715],[-117.128,32.533]]]},"properties":{"id":"MEX","name":"Mexico"}},
{"type":"Feature","geometry":{"type":"Polygon","coordinates":[[[-89.161,17.815],[-89.237,15.894],[-88.894,15.891],[-88.313,16.633],[-88.097,18.122],[-88.296,18.472],[-89.161,17.815]]]},"properties":{"id":"BLZ","name":"Belize"}},
{"type":"Feature","geometry":{"type":"Polygon","coordinates":[[[-77.374,8.658],[-78.083,9.236],[-79.577,9.598],[-80.127,9.21],[-81.355,8.781],[-82.244,9.031],[-82.564,9.577],[-82.94,9.449],[-82.741,8.952],[-82.879,8.071],[-82.68,8.322],[-81.728,8.138],[-81.504,7.721],[-81.158,7.854],[-80.846,7.22],[-80.011,7.5],[-80.458,8.077],[-79.442,9.006],[-79.086,8.997],[-78.114,8.38],[-78.422,8.061],[-77.901,7.229],[-77.196,7.972],[-77.374,8.658]]]},"properties":{"id":"PAN","name":"Panama"}},
{"type":"Feature","geometry":{"type":"Polygon","coordinates":[[[-60.018,8.549],[-60.801,8.592],[-61.304,8.41],[-60.792,9.361],[-61.589,9.895],[-62.32,9.783],[-62.914,10.531],[-61.879,10.741],[-62.702,10.75],[-63.863,10.558],[-64.85,10.098],[-65.852,10.258],[-66.247,10.632],[-68.14,10.493],[-68.399,11.161],[-68.828,11.432],[-69.632,11.48],[-70.004,12.178],[-70.287,11.886],[-69.885,11.444],[-71.47,10.964],[-71.387,10.264],[-71.053,9.706],[-71.298,9.126],[-71.687,9.073],[-72.113,9.816],[-71.598,10.726],[-71.957,11.57],[-71.32,11.862],[-71.958,11.666],[-72.869,10.491],[-73.007,9.789],[-73.356,9.227],[-72.796,9.109],[-72.417,8.382],[-72.443,7.455],[-71.893,6.99],[-70.655,7.083],[-70.095,6.938],[-69.439,6.135],[-67.859,6.29],[-67.439,6.026],[-67.825,5.27],[-67.855,4.507],[-67.311,3.416],[-67.835,2.893],[-67.211,2.39],[-66.876,1.223],[-66.302,0.752],[-65.681,0.983],[-65.473,0.691],[-65.104,1.108],[-64.115,1.619],[-63.389,2.412],[-64.049,2.525],[-64.221,3.587],[-64.818,4.232],[-64.021,3.929],[-63.295,3.922],[-62.969,3.594],[-62.712,4.018],[-61.003,4.535],[-60.742,5.202],[-61.377,5.907],[-61.146,6.695],[-60.325,7.134],[-60.719,7.499],[-59.832,8.306],[-60.018,8.549]]]},"properties":{"id":"VEN","name":"Venezuela"}},
{"type":"Feature","geometry":{"type":"MultiPolygon","coordinates":[[[[152.966,-4.756],[153.017,-4.106],[152.179,-3.41],[150.825,-2.573],[150.826,-2.713],[152.192,-3.506],[152.966,-4.756]]],[[[151.916,-4.297],[151.544,-4.299],[151.671,-4.883],[150.953,-5.424],[149.245,-5.573],[148.345,-5.545],[148.401,-5.765],[149.653,-6.29],[150.428,-6.276],[151.229,-5.92],[151.515,-5.552],[152.143,-5.357],[152.013,-5.004],[152.406,-4.341],[151.916,-4.297]]],[[[140.976,-9.119],[142.23,-9.17],[142.647,-9.328],[143.366,-8.961],[143.095,-8.311],[143.614,-8.2],[144.51,-7.567],[146.033,-8.076],[146.697,-9.025],[147.769,-10.07],[149.754,-10.353],[150.32,-10.655],[150.667,-10.257],[149.874,-10.013],[149.974,-9.661],[149.203,-9.407],[149.248,-9.071],[148.583,-9.052],[148.127,-8.104],[147.19,-7.378],[147.119,-6.722],[147.846,-6.662],[147.802,-6.315],[145.745,-5.402],[145.767,-4.823],[144.478,-3.825],[143.509,-3.431],[142.212,-3.083],[140.973,-2.61],[140.974,-4.226],[140.975,-6.905],[140.976,-9.119]]],[[[155.958,-6.687],[155.094,-5.62],[154.729,-5.444],[154.782,-5.971],[155.344,-6.722],[155.958,-6.687]]]]},"properties":{"id":"PNG","name":"Papua New Guinea"}},
{"type":"Feature","geometry":{"type":"Polygon","coordinates":[[[36.871,21.997],[35.698,22.946],[35.541,23.921],[33.959,26.649],[33.547,27.898],[32.898,28.565],[32.36,29.631],[32.566,29.974],[33.248,28.568],[34.22,27.764],[34.904,29.477],[34.245,31.208],[34.198,31.323],[33.903,31.181],[32.102,31.093],[31.524,31.458],[30.395,31.458],[29.072,30.83],[27.248,31.378],[25.15,31.655],[24.853,31.335],[24.974,30.777],[24.726,30.251],[24.98,29.182],[24.98,26.487],[24.98,24.017],[24.98,21.996],[28.036,21.995],[31.434,21.996],[33.918,21.996],[36.871,21.997]]]},"properties":{"id":"EGY","name":"Egypt"}},
{"type":"Feature","geometry":{"type":"MultiPolygon","coordinates":[[[[53.086,16.648],[51.978,18.996],[49.042,18.582],[48.172,18.157],[47.442,17.112],[46.976,16.953],[46.682,17.269],[45.148,17.427],[43.191,17.359],[43.165,16.689],[42.799,16.372],[42.717,15.655],[43.475,12.839],[43.93,12.617],[45.039,12.816],[45.657,13.339],[46.789,13.466],[47.99,14.048],[48.668,14.05],[49.35,14.638],[51.604,15.337],[52.217,15.656],[52.328,16.294],[53.086,16.648]]],[[[53.763,12.637],[53.598,12.342],[54.511,12.553],[53.763,12.637]]]]},"properties":{"id":"YEM","name":"Yemen"}},
{"type":"Feature","geometry":{"type":"Polygon","coordinates":[[[-12.281,14.809],[-11.873,14.995],[-11.455,15.625],[-10.948,15.151],[-10.697,15.423],[-9.177,15.496],[-5.512,15.496],[-5.36,16.283],[-5.629,16.569],[-6.083,20.54],[-6.368,23.026],[-6.594,24.995],[-4.823,24.996],[-8.683,27.286],[-8.682,25.996],[-12.016,25.995],[-12.023,23.468],[-13.031,23],[-13.016,21.334],[-16.965,21.329],[-16.21,20.228],[-16.514,19.362],[-16.085,18.521],[-16.079,17.546],[-16.536,16.287],[-16.535,15.838],[-16.239,16.531],[-14.991,16.677],[-14.3,16.58],[-13.556,16.144],[-12.858,15.243],[-12.281,14.809]]]},"properties":{"id":"MRT","name":"Mauritania"}},
{"type":"Feature","geometry":{"type":"Polygon","coordinates":[[[11.329,2.167],[9.98,2.168],[9.801,2.304],[9.807,1.927],[9.386,1.139],[9.591,1.032],[11.335,1],[11.329,2.167]]]},"properties":{"id":"GNQ","name":"Equatorial Guinea"}},
{"type":"Feature","geometry":{"type":"Polygon","coordinates":[[[-16.562,13.587],[-16.763,13.064],[-15.834,13.156],[-15.151,13.556],[-14.247,13.236],[-13.848,13.335],[-15.108,13.812],[-15.51,13.586],[-16.562,13.587]]]},"properties":{"id":"GMB","name":"Gambia"}},
{"type":"Feature","geometry":{"type":"MultiPolygon","coordinates":[[[[143.179,-11.954],[142.456,-10.707],[142.168,-10.947],[141.689,-12.351],[141.92,-12.803],[141.614,-12.943],[141.473,-13.798],[141.625,-15.057],[141.219,-16.646],[140.83,-17.414],[140.036,-17.703],[139.248,-17.329],[139.01,-16.899],[138.245,-16.718],[137.704,-16.233],[135.531,-15],[135.405,-14.758],[135.883,-14.153],[135.927,-13.304],[136.461,-13.225],[136.947,-12.35],[136.54,-11.958],[136.261,-12.434],[135.703,-12.152],[135.218,-12.222],[132.683,-11.506],[132.263,-11.204],[131.812,-11.271],[132.674,-11.649],[132.63,-12.035],[131.438,-12.277],[131.292,-12.068],[130.623,-12.431],[130.168,-12.957],[130.26,-13.302],[129.839,-13.573],[129.379,-14.392],[129.849,-14.829],[129.635,-15.14],[129.268,-14.871],[128.199,-14.752],[127.673,-14.195],[126.903,-13.744],[126.57,-14.161],[126.184,-14.002],[125.891,-14.618],[125.58,-14.483],[124.44,-15.494],[124.454,-16.335],[123.49,-16.491],[123.778,-16.868],[123.563,-17.521],[122.971,-16.437],[122.16,-17.314],[122.361,-18.037],[121.834,-18.477],[121.494,-19.106],[120.878,-19.665],[118.751,-20.262],[117.406,-20.721],[116.707,-20.654],[115.456,-21.492],[114.859,-21.736],[114.142,-22.483],[114.124,-21.829],[113.683,-22.638],[113.757,-23.418],[113.418,-24.436],[114.214,-25.852],[114.09,-26.394],[113.333,-26.417],[114.028,-27.347],[114.165,-28.081],[114.959,-29.434],[115.177,-30.808],[115.698,-31.695],[115.683,-33.193],[114.994,-33.515],[115.009,-34.256],[116.517,-34.988],[118.136,-34.987],[119.854,-33.975],[121.405,-33.827],[122.151,-33.992],[123.65,-33.836],[124.126,-33.129],[125.917,-32.297],[127.32,-32.264],[128.946,-31.703],[131.144,-31.496],[132.215,-32.007],[132.757,-31.956],[134.234,-32.549],[134.301,-33.165],[134.791,-33.328],[135.648,-34.94],[136.431,-34.03],[137.237,-33.629],[137.791,-32.823],[137.932,-33.579],[137.494,-34.161],[137.391,-34.913],[136.884,-35.24],[137.692,-35.143],[138.089,-34.17],[138.511,-35.024],[138.184,-35.613],[138.969,-35.581],[139.857,-36.662],[139.784,-37.246],[140.627,-38.028],[141.424,-38.363],[142.612,-38.452],[143.539,-38.821],[144.665,-38.21],[144.891,-37.9],[145.397,-38.535],[146.158,-38.866],[146.857,-38.663],[148.263,-37.831],[149.298,-37.802],[149.933,-37.529],[150.195,-35.834],[150.69,-35.178],[151.292,-33.581],[151.813,-32.901],[152.47,-32.439],[152.944,-31.435],[153.031,-30.563],[153.576,-28.241],[153.117,-27.194],[153.165,-25.964],[152.913,-25.432],[151.903,-24.201],[150.843,-23.458],[150.764,-22.576],[150.076,-22.164],[149.974,-22.551],[149.596,-22.258],[149.454,-21.579],[148.684,-20.58],[148.6,-20.145],[147.916,-19.869],[147.419,-19.378],[146.481,-19.079],[146.032,-18.273],[146.126,-17.635],[145.426,-16.406],[145.288,-14.943],[144.473,-14.232],[143.756,-14.349],[143.179,-11.954]]],[[[153.077,-25.751],[153.35,-25.063],[153.038,-25.193],[153.077,-25.751]]],[[[136.715,-13.804],[136.335,-14.212],[136.894,-14.293],[136.715,-13.804]]],[[[130.619,-11.376],[130.951,-11.926],[131.539,-11.437],[131.268,-11.19],[130.619,-11.376]]],[[[137.596,-35.739],[136.639,-35.749],[137.448,-36.075],[137.596,-35.739]]],[[[145.043,-40.787],[144.719,-40.672],[144.778,-41.419],[145.517,-42.354],[145.488,-42.927],[146.043,-43.547],[146.874,-43.613],[147.348,-42.927],[147.981,-43.157],[147.924,-42.572],[148.301,-42.04],[148.293,-40.947],[146.317,-41.163],[145.043,-40.787]]]]},"properties":{"id":"AUS","name":"Australia"}},
{"type":"Feature","geometry":{"type":"MultiPolygon","coordinates":[[[[179.999,-16.169],[180,-16.153],[178.497,-16.788],[178.707,-16.976],[179.568,-16.747],[179.999,-16.169]]],[[[178.28,-17.372],[177.618,-17.461],[177.321,-18.078],[177.847,-18.255],[178.668,-18.081],[178.28,-17.372]]]]},"properties":{"id":"FJI","name":"Fiji"}},
{"type":"Feature","geometry":{"type":"MultiPolygon","coordinates":[[[[173.115,-41.279],[172.641,-40.518],[172.011,-41.445],[171.486,-41.795],[170.742,-42.927],[168.806,-43.992],[168.367,-44.082],[167.026,-45.124],[167.156,-45.411],[166.513,-45.812],[166.732,-46.198],[167.682,-46.193],[168.382,-46.605],[169.687,-46.552],[170.701,-45.684],[171.443,-44.136],[173.066,-43.875],[172.735,-43.355],[174.283,-41.741],[174.303,-41.02],[173.115,-41.279]]],[[[168.145,-46.862],[167.784,-46.7],[167.522,-47.259],[168.145,-46.862]]],[[[173.269,-34.935],[173.117,-35.205],[174.189,-36.492],[174.928,-37.804],[174.597,-38.785],[173.844,-39.139],[173.934,-39.509],[175.009,-39.952],[175.254,-40.289],[174.635,-41.289],[175.31,-41.611],[175.983,-41.213],[177.408,-39.081],[177.909,-39.24],[178.536,-37.692],[178.009,-37.555],[177.336,-37.991],[176.038,-37.601],[175.461,-36.476],[175.542,-37.201],[174.722,-36.841],[174.802,-36.309],[174.32,-35.247],[173.269,-34.935]]]]},"properties":{"id":"NZL","name":"New Zealand"}},
{"type":"Feature","geometry":{"type":"Polygon","coordinates":[[[49.538,-12.432],[49.207,-12.08],[48.786,-12.471],[48.796,-13.267],[48.04,-13.596],[47.812,-14.545],[46.331,-15.714],[44.476,-16.217],[44.421,-16.703],[43.979,-17.392],[44.04,-18.288],[44.449,-19.429],[44.24,-20.38],[43.502,-21.356],[43.267,-22.049],[43.398,-22.886],[43.722,-23.53],[43.688,-24.358],[44.035,-24.996],[45.115,-25.543],[45.508,-25.563],[46.729,-25.15],[47.177,-24.787],[47.558,-23.875],[47.908,-22.466],[48.607,-20.458],[49.478,-17.899],[49.437,-17.347],[49.767,-16.815],[49.65,-15.567],[50.209,-15.96],[50.483,-15.386],[50.235,-14.732],[49.938,-13.072],[49.538,-12.432]]]},"properties":{"id":"MDG","name":"Madagascar"}},
{"type":"Feature","geometry":{"type":"MultiPolygon","coordinates":[[[[121.102,18.615],[120.6,18.508],[120.358,17.638],[120.389,16.222],[119.831,16.327],[120.082,14.851],[120.439,14.453],[120.584,14.881],[120.922,14.493],[120.637,13.804],[121.204,13.64],[121.778,13.938],[122.675,13.253],[122.468,13.887],[123.163,13.442],[123.311,13.044],[123.949,12.916],[123.32,14.062],[123.231,13.747],[122.491,14.322],[122.212,13.93],[121.8,14.114],[121.392,15.324],[121.595,15.933],[122.135,16.185],[122.519,17.125],[122.151,17.756],[122.3,18.403],[121.846,18.295],[121.102,18.615]]],[[[117.311,8.44],[118.435,9.256],[118.782,9.916],[119.684,10.552],[119.501,11.346],[119.287,10.574],[118.115,9.347],[117.35,8.714],[117.311,8.44]]],[[[122.496,11.615],[122.104,11.643],[121.988,10.458],[122.77,10.824],[123.158,11.536],[122.496,11.615]]],[[[123.131,9.064],[123.162,9.864],[123.568,10.781],[122.983,10.887],[122.856,10.087],[122.471,9.962],[122.563,9.483],[123.131,9.064]]],[[[124.575,11.343],[124.781,10.168],[125.253,10.264],[124.93,11.373],[124.575,11.343]]],[[[125.24,12.528],[124.295,12.569],[125.233,11.145],[125.704,11.165],[125.536,12.191],[125.24,12.528]]],[[[120.704,13.479],[120.401,13.517],[120.922,12.512],[121.237,12.219],[121.523,13.131],[120.704,13.479]]],[[[126.006,9.321],[125.521,9.759],[125.499,9.015],[124.869,8.972],[124.159,8.201],[123.435,8.703],[122.996,8.221],[122.132,7.81],[121.964,6.968],[122.498,7.673],[123.493,7.808],[124.207,7.396],[123.985,6.994],[124.213,6.233],[125.288,5.632],[125.668,5.979],[125.401,6.796],[125.824,7.333],[126.189,6.31],[126.192,6.853],[126.582,7.248],[126.32,8.845],[126.006,9.321]]],[[[123.37,9.45],[124.051,10.586],[124.039,11.274],[123.386,9.967],[123.37,9.45]]],[[[124.594,9.787],[124.173,10.135],[123.936,9.624],[124.594,9.787]]],[[[123.717,12.287],[123.236,12.583],[123.158,11.926],[123.717,12.287]]]]},"properties":{"id":"PHL","name":"Philippines"}},
{"type":"Feature","geometry":{"type":"Polygon","coordinates":[[[79.982,9.813],[80.065,9.096],[79.708,8.066],[79.859,6.829],[80.095,6.153],[80.724,5.979],[81.637,6.425],[81.874,7.288],[81.373,8.431],[80.711,9.366],[79.982,9.813]]]},"properties":{"id":"LKA","name":"Sri Lanka"}},
{"type":"Feature","geometry":{"type":"MultiPolygon","coordinates":[[[[-77.658,24.249],[-78,24.22],[-77.574,23.739],[-77.658,24.249]]],[[[-77.226,25.904],[-77.066,26.53],[-77.206,26.489],[-77.226,25.904]]],[[[-77.744,24.707],[-77.975,25.085],[-78.435,24.628],[-78.045,24.287],[-77.744,24.707]]]]},"properties":{"id":"BHS","name":"Bahamas"}},
{"type":"Feature","geometry":{"type":"Polygon","coordinates":[[[121.009,22.62],[121.296,22.967],[121.929,24.974],[121.594,25.275],[121.041,25.033],[120.159,23.709],[120.072,23.15],[120.84,21.925],[121.009,22.62]]]},"properties":{"id":"TWN","name":"Taiwan"}},
{"type":"Feature","geometry":{"type":"MultiPolygon","coordinates":[[[[143.824,44.117],[142.704,44.819],[141.938,45.51],[141.583,45.156],[141.782,44.716],[141.296,43.2],[140.392,43.303],[139.891,42.649],[140.149,41.423],[141.151,41.805],[140.315,42.334],[141.851,42.579],[143.237,42],[143.969,42.881],[145.505,43.174],[144.799,43.94],[143.824,44.117]]],[[[131.175,33.603],[130.953,33.872],[129.58,33.236],[129.827,32.725],[130.382,33.093],[130.641,32.619],[130.194,32.091],[130.201,31.292],[130.686,31.015],[131.337,31.405],[131.897,33.255],[131.175,33.603]]],[[[134.357,34.256],[132.784,33.992],[132.413,33.43],[132.642,32.762],[133.632,33.511],[134.182,33.247],[134.739,33.821],[134.357,34.256]]],[[[141.229,41.373],[141.119,40.882],[140.386,41.23],[139.923,40.598],[139.81,39.878],[140.048,39.464],[139.401,38.143],[138.32,37.218],[136.698,36.742],[135.68,35.503],[135.174,35.747],[134.214,35.539],[132.923,35.511],[130.919,33.976],[133.142,34.302],[134.74,34.765],[135.385,34.5],[135.1,34.288],[135.453,33.553],[135.916,33.562],[136.33,34.177],[136.854,34.324],[136.885,34.806],[138.189,34.596],[138.577,35.086],[138.838,34.619],[139.249,35.278],[139.636,35.142],[139.835,35.658],[139.92,34.9],[140.874,35.725],[140.627,36.503],[140.968,37.002],[140.928,37.95],[141.901,39.111],[141.978,39.844],[141.463,40.611],[141.229,41.373]]]]},"properties":{"id":"JPN","name":"Japan"}},
{"type":"Feature","geometry":{"type":"Polygon","coordinates":[[[-15.543,66.229],[-15.985,66.515],[-17.55,65.964],[-20.357,66.033],[-21.13,65.267],[-21.407,66.026],[-23.737,66.069],[-23.9,65.408],[-21.844,65.447],[-21.892,65.049],[-24.026,64.863],[-22.467,64.795],[-21.647,64.398],[-22.607,63.837],[-21.246,63.935],[-20.198,63.556],[-18.654,63.407],[-14.547,64.446],[-13.581,65.143],[-13.67,65.55],[-15.543,66.229]]]},"properties":{"id":"ISL","name":"Iceland"}},
{"type":"Feature","geometry":{"type":"Polygon","coordinates":[[[-157.342,1.856],[-157.42,1.788],[-157.176,1.74],[-157.342,1.856]]]},"properties":{"id":"KIR","name":"Kiribati"}},
{"type":"Feature","geometry":{"type":"Polygon","coordinates":[[[-61.012,10.134],[-60.918,10.84],[-61.635,10.699],[-61.499,10.269],[-61.012,10.134]]]},"properties":{"id":"TTO","name":"Trinidad and Tobago"}},
{"type":"Feature","geometry":{"type":"Polygon","coordinates":[[[-61.716,12.013],[-61.607,12.223],[-61.715,12.185],[-61.716,12.013]]]},"properties":{"id":"GRD","name":"Grenada"}},
{"type":"Feature","geometry":{"type":"Polygon","coordinates":[[[-61.175,13.158],[-61.139,13.359],[-61.268,13.288],[-61.175,13.158]]]},"properties":{"id":"VCT","name":"Saint Vincent and the Grenadines"}},
{"type":"Feature","geometry":{"type":"Polygon","coordinates":[[[-59.493,13.082],[-59.428,13.153],[-59.647,13.303],[-59.493,13.082]]]},"properties":{"id":"BRB","name":"Barbados"}},
{"type":"Feature","geometry":{"type":"Polygon","coordinates":[[[-60.895,13.822],[-60.908,14.093],[-61.064,13.916],[-60.895,13.822]]]},"properties":{"id":"LCA","name":"Saint Lucia"}},
{"type":"Feature","geometry":{"type":"Polygon","coordinates":[[[-61.282,15.249],[-61.32,15.585],[-61.481,15.525],[-61.282,15.249]]]},"properties":{"id":"DMA","name":"Dominica"}},
{"type":"Feature","geometry":{"type":"Polygon","coordinates":[[[-61.716,17.037],[-61.817,17.169],[-61.86,17.013],[-61.716,17.037]]]},"properties":{"id":"ATG","name":"Antigua and Barbuda"}},
{"type":"Feature","geometry":{"type":"Polygon","coordinates":[[[-62.631,17.24],[-62.795,17.403],[-62.839,17.339],[-62.631,17.24]]]},"properties":{"id":"KNA","name":"Saint Kitts and Nevis"}},
{"type":"Feature","geometry":{"type":"Polygon","coordinates":[[[-77.261,18.457],[-78.217,18.448],[-77.768,17.877],[-77.205,17.715],[-76.35,18.152],[-77.261,18.457]]]},"properties":{"id":"JAM","name":"Jamaica"}},
{"type":"Feature","geometry":{"type":"Polygon","coordinates":[[[57.651,-20.485],[57.657,-19.99],[57.386,-20.229],[57.651,-20.485]]]},"properties":{"id":"MUS","name":"Mauritius"}},
{"type":"Feature","geometry":{"type":"Polygon","coordinates":[[[43.466,-11.901],[43.393,-11.409],[43.227,-11.752],[43.466,-11.901]]]},"properties":{"id":"COM","name":"Comoros"}},
{"type":"Feature","geometry":{"type":"Polygon","coordinates":[[[6.66,0.121],[6.687,0.404],[6.468,0.227],[6.66,0.121]]]},"properties":{"id":"STP","name":"São Tomé and Principe"}},
{"type":"Feature","geometry":{"type":"Polygon","coordinates":[[[-23.444,15.008],[-23.748,15.329],[-23.785,15.077],[-23.444,15.008]]]},"properties":{"id":"CPV","name":"Cabo Verde"}},
{"type":"Feature","geometry":{"type":"Polygon","coordinates":[[[14.566,35.853],[14.351,35.978],[14.436,35.822],[14.566,35.853]]]},"properties":{"id":"MLT","name":"Malta"}},
{"type":"Feature","geometry":{"type":"Polygon","coordinates":[[[103.97,1.331],[103.818,1.447],[103.65,1.326],[103.97,1.331]]]},"properties":{"id":"SGP","name":"Singapore"}},
{"type":"Feature","geometry":{"type":"Polygon","coordinates":[[[-175.162,-21.169],[-175.362,-21.107],[-175.157,-21.264],[-175.162,-21.169]]]},"properties":{"id":"TON","name":"Tonga"}},
{"type":"Feature","geometry":{"type":"Polygon","coordinates":[[[-172.333,-13.465],[-172.779,-13.517],[-172.225,-13.804],[-172.333,-13.465]]]},"properties":{"id":"WSM","name":"Samoa"}},
{"type":"Feature","geometry":{"type":"MultiPolygon","coordinates":[[[[159.75,-9.273],[159.854,-9.792],[160.819,-9.863],[160.355,-9.422],[159.75,-9.273]]],[[[159.879,-8.534],[159.843,-8.327],[158.734,-7.604],[158.944,-8.041],[159.879,-8.534]]],[[[157.487,-7.33],[156.457,-6.715],[157.102,-7.324],[157.487,-7.33]]],[[[160.749,-8.314],[160.873,-9.157],[161.322,-9.59],[160.749,-8.314]]],[[[161.715,-10.387],[161.538,-10.566],[162.373,-10.823],[161.715,-10.387]]]]},"properties":{"id":"SLB","name":"Solomon Islands"}},
{"type":"Feature","geometry":{"type":"Polygon","coordinates":[[[158.315,6.814],[158.295,6.951],[158.135,6.945],[158.315,6.814]]]},"properties":{"id":"FSM","name":"Micronesia"}},
{"type":"Feature","geometry":{"type":"MultiPolygon","coordinates":[[[[166.746,-14.827],[166.527,-14.85],[166.758,-15.631],[167.2,-15.486],[167.076,-14.936],[166.746,-14.827]]],[[[167.413,-16.096],[167.449,-16.555],[167.837,-16.45],[167.413,-16.096]]]]},"properties":{"id":"VUT","name":"Vanuatu"}},
{"type":"Feature","geometry":{"type":"Polygon","coordinates":[[[134.595,7.382],[134.651,7.712],[134.516,7.526],[134.595,7.382]]]},"properties":{"id":"PLW","name":"Palau"}},
{"type":"Feature","geometry":{"type":"Polygon","coordinates":[[[50.607,25.883],[50.586,26.241],[50.466,25.966],[50.607,25.883]]]},"properties":{"id":"BHR","name":"Bahrain"}},
{"type":"Feature","geometry":{"type":"Polygon","coordinates":[[[12.485,43.901],[12.504,43.99],[12.397,43.935],[12.485,43.901]]]},"properties":{"id":"SMR","name":"San Marino"}},
{"type":"Feature","geometry":{"type":"Polygon","coordinates":[[[7.439,43.75],[7.414,43.771],[7.378,43.732],[7.439,43.75]]]},"properties":{"id":"MCO","name":"Monaco"}},
{"type":"Feature","geometry":{"type":"Polygon","coordinates":[[[12.439,41.898],[12.431,41.905],[12.431,41.898],[12.439,41.898]]]},"properties":{"id":"VAT","name":"Vatican City"}},
{"type":"Feature","geometry":{"type":"Polygon","coordinates":[[[55.54,-4.693],[55.383,-4.609],[55.543,-4.786],[55.54,-4.693]]]},"properties":{"id":"SYC","name":"Seychelles"}},
{"type":"Feature","geometry":{"type":"Polygon","coordinates":[[[171.102,7.138],[171.096,7.109],[171.263,7.069],[171.102,7.138]]]},"properties":{"id":"MHL","name":"Marshall Islands"}},
{"type":"Feature","geometry":{"type":"Polygon","coordinates":[[[179.214,-8.524],[179.203,-8.466],[179.196,-8.535],[179.214,-8.524]]]},"properties":{"id":"TUV","name":"Tuvalu"}},
{"type":"Feature","geometry":{"type":"Polygon","coordinates":[[[73.512,4.165],[73.528,4.243],[73.473,4.171],[73.512,4.165]]]},"properties":{"id":"MDV","name":"Maldives"}},
{"type":"Feature","geometry":{"type":"Polygon","coordinates":[[[166.958,-0.517],[166.914,-0.499],[166.916,-0.546],[166.958,-0.517]]]},"properties":{"id":"NRU","name":"Nauru"}}
]}